"h2","programme","scheme","trait","cycle","method","pa","rank_cor","top10","n_train","n_test"
0.3,1,"within_cycle","y",2,"random",0.301435182186394,0.244773819289816,0.325,240,160
0.3,1,"within_cycle","y",2,"default",0.327660783988953,0.273245048634712,0.25,240,160
0.3,1,"within_cycle","y",2,"coverage",0.327633123223272,0.241143208719091,0.25,240,160
0.3,1,"within_cycle","y",2,"kinship",0.324894855956022,0.271979374194304,0.25,240,160
0.3,1,"within_cycle","y",3,"random",0.191273124270654,0.238114965428337,0.075,440,160
0.3,1,"within_cycle","y",3,"default",0.262163373017998,0.277428805812727,0.125,440,160
0.3,1,"within_cycle","y",3,"coverage",0.256616656888614,0.271988163600141,0.0625,440,160
0.3,1,"within_cycle","y",3,"kinship",0.154121327997851,0.179793155982656,0.125,440,160
0.3,1,"within_cycle","y",4,"random",0.0896762122401948,0.0748288995663893,0.15,640,160
0.3,1,"within_cycle","y",4,"default",0.117475423412303,0.107345013477089,0.0625,640,160
0.3,1,"within_cycle","y",4,"coverage",0.0514454318643943,0.0503398570256651,0.125,640,160
0.3,1,"within_cycle","y",4,"kinship",0.141448164219338,0.099645493964608,0.1875,640,160
0.3,1,"within_cycle","y",5,"random",0.121722366890481,0.0820321106293214,0.3,840,160
0.3,1,"within_cycle","y",5,"default",0.134225591167302,0.0870180475799836,0.25,840,160
0.3,1,"within_cycle","y",5,"coverage",0.161298572180576,0.150231454353686,0.25,840,160
0.3,1,"within_cycle","y",5,"kinship",0.159183632716961,0.111686979960155,0.1875,840,160
0.3,1,"within_cycle","y",6,"random",0.134503926756796,0.143969295675612,0.125,1040,160
0.3,1,"within_cycle","y",6,"default",0.182113636420918,0.170262510254307,0.1875,1040,160
0.3,1,"within_cycle","y",6,"coverage",0.0725675902971253,0.0535186921364116,0.1875,1040,160
0.3,1,"within_cycle","y",6,"kinship",0.119323592262131,0.120529122231337,0.0625,1040,160
0.3,1,"from_history","y",2,"random",0.242756188239877,0.197313132828321,0.29,100,200
0.3,1,"from_history","y",2,"default",0.349886899158122,0.300244506112653,0.45,100,200
0.3,1,"from_history","y",2,"coverage",0.216758978027539,0.201353033825846,0.3,100,200
0.3,1,"from_history","y",2,"kinship",0.00486446748868491,-0.020625515637891,0.15,100,200
0.3,1,"from_history","y",3,"random",0.114559559873072,0.152741318532963,0.14,100,200
0.3,1,"from_history","y",3,"default",0.227581205599247,0.216231905797645,0.15,100,200
0.3,1,"from_history","y",3,"coverage",0.158070763347619,0.201918547963699,0.2,100,200
0.3,1,"from_history","y",3,"kinship",0.206871011832368,0.222428560714018,0.2,100,200
0.3,1,"from_history","y",4,"random",0.0304948889863929,0.000662716567914197,0.11,100,200
0.3,1,"from_history","y",4,"default",0.10411788985415,0.132945323633091,0.1,100,200
0.3,1,"from_history","y",4,"coverage",0.0383404048882375,0.0203735093377334,0.05,100,200
0.3,1,"from_history","y",4,"kinship",0.0905976285244059,0.0981624540613515,0.1,100,200
0.3,1,"from_history","y",5,"random",0.00321416817682374,-0.0106217655441386,0.08,100,200
0.3,1,"from_history","y",5,"default",-0.0520409789229564,-0.0606780169504238,0.05,100,200
0.3,1,"from_history","y",5,"coverage",0.11571727886044,0.129121728043201,0.1,100,200
0.3,1,"from_history","y",5,"kinship",0.177297780874282,0.172930323258081,0.2,100,200
0.3,1,"from_history","y",6,"random",0.0644637849230565,0.065350333758344,0.15,100,200
0.3,1,"from_history","y",6,"default",0.116470890949954,0.105943148578714,0.2,100,200
0.3,1,"from_history","y",6,"coverage",0.134297194475436,0.113131328283207,0.15,100,200
0.3,1,"from_history","y",6,"kinship",0.0970199547100725,0.0918082952073802,0.1,100,200
0.3,2,"within_cycle","y",2,"random",0.159904228199471,0.138647603422009,0.1125,240,160
0.3,2,"within_cycle","y",2,"default",0.200572698063386,0.153149537091293,0.125,240,160
0.3,2,"within_cycle","y",2,"coverage",0.174445402337501,0.128627094808391,0.25,240,160
0.3,2,"within_cycle","y",2,"kinship",0.148358218380596,0.125653345833822,0.125,240,160
0.3,2,"within_cycle","y",3,"random",0.199344922645943,0.177969061291457,0.1375,440,160
0.3,2,"within_cycle","y",3,"default",0.177403164856073,0.126825266611977,0.1875,440,160
0.3,2,"within_cycle","y",3,"coverage",0.1432378450652,0.130519746865112,0.1875,440,160
0.3,2,"within_cycle","y",3,"kinship",0.135904452524449,0.123376889722255,0.125,440,160
0.3,2,"within_cycle","y",4,"random",0.241145269123642,0.232797374897457,0.275,640,160
0.3,2,"within_cycle","y",4,"default",0.223679140802123,0.21315774053674,0.25,640,160
0.3,2,"within_cycle","y",4,"coverage",0.262175918569598,0.246742060236728,0.1875,640,160
0.3,2,"within_cycle","y",4,"kinship",0.245706309079439,0.236443806398687,0.1875,640,160
0.3,2,"within_cycle","y",5,"random",0.227891568018433,0.218215164654869,0.25,840,160
0.3,2,"within_cycle","y",5,"default",0.193773246511421,0.189183171217626,0.3125,840,160
0.3,2,"within_cycle","y",5,"coverage",0.227575194692165,0.219629673034103,0.25,840,160
0.3,2,"within_cycle","y",5,"kinship",0.202295785006635,0.179760928161256,0.25,840,160
0.3,2,"within_cycle","y",6,"random",0.351626928711846,0.340626391655924,0.2875,1040,160
0.3,2,"within_cycle","y",6,"default",0.32304383420102,0.311525840853158,0.25,1040,160
0.3,2,"within_cycle","y",6,"coverage",0.363422728782482,0.358218094456815,0.1875,1040,160
0.3,2,"within_cycle","y",6,"kinship",0.298238360256577,0.300093753662252,0.125,1040,160
0.3,2,"from_history","y",2,"random",0.00107039180533377,-0.000999024975624392,0.14,100,200
0.3,2,"from_history","y",2,"default",0.118644836738127,0.0777304432610815,0.2,100,200
0.3,2,"from_history","y",2,"coverage",0.0830932956850169,0.101378534463362,0.25,100,200
0.3,2,"from_history","y",2,"kinship",0.0175080847902137,0.0180844521113028,0.15,100,200
0.3,2,"from_history","y",3,"random",-0.0683619408573011,-0.0607653191329783,0.11,100,200
0.3,2,"from_history","y",3,"default",0.0601395765724703,0.0583304582614565,0.05,100,200
0.3,2,"from_history","y",3,"coverage",0.200284218331,0.220910522763069,0.15,100,200
0.3,2,"from_history","y",3,"kinship",-0.158581249288273,-0.149964749118728,0,100,200
0.3,2,"from_history","y",4,"random",0.0583368123076329,0.0747789694742369,0.12,100,200
0.3,2,"from_history","y",4,"default",0.15075979119904,0.139266481662042,0.1,100,200
0.3,2,"from_history","y",4,"coverage",0.195209383827822,0.187836195904898,0.1,100,200
0.3,2,"from_history","y",4,"kinship",0.170199590985152,0.152529813245331,0.15,100,200
0.3,2,"from_history","y",5,"random",0.0742788391746804,0.073065626640666,0.16,100,200
0.3,2,"from_history","y",5,"default",0.0917229334382072,0.0809255231380785,0.2,100,200
0.3,2,"from_history","y",5,"coverage",-0.0671543922123222,-0.0754023850596265,0.15,100,200
0.3,2,"from_history","y",5,"kinship",0.0207707650485991,0.0299347483687092,0.1,100,200
0.3,2,"from_history","y",6,"random",0.124065305656862,0.134337958448961,0.09,100,200
0.3,2,"from_history","y",6,"default",0.2891300512315,0.271428785719643,0.3,100,200
0.3,2,"from_history","y",6,"coverage",0.172237507876213,0.165659641491037,0.05,100,200
0.3,2,"from_history","y",6,"kinship",0.180647085282294,0.13715142878572,0.15,100,200
0.3,3,"within_cycle","y",2,"random",0.10126107200546,0.112225477557717,0.1875,240,160
0.3,3,"within_cycle","y",2,"default",0.123118011984792,0.160122465721317,0.125,240,160
0.3,3,"within_cycle","y",2,"coverage",0.0993614884805071,0.118425524434548,0.1875,240,160
0.3,3,"within_cycle","y",2,"kinship",0.146150261237702,0.149261689909762,0.125,240,160
0.3,3,"within_cycle","y",3,"random",0.261341295699279,0.246422711824681,0.1,440,160
0.3,3,"within_cycle","y",3,"default",0.220342510549229,0.192165709598031,0.0625,440,160
0.3,3,"within_cycle","y",3,"coverage",0.299894418151007,0.282459275752959,0,440,160
0.3,3,"within_cycle","y",3,"kinship",0.165386585657417,0.148977499121059,0,440,160
0.3,3,"within_cycle","y",4,"random",0.325877596611544,0.27757295206844,0.2125,640,160
0.3,3,"within_cycle","y",4,"default",0.232707982078014,0.166286769014415,0.125,640,160
0.3,3,"within_cycle","y",4,"coverage",0.380961338515632,0.296217625688503,0.375,640,160
0.3,3,"within_cycle","y",4,"kinship",0.310122057252848,0.248763623579046,0.1875,640,160
0.3,3,"within_cycle","y",5,"random",0.125597612650937,0.130752959099965,0.1125,840,160
0.3,3,"within_cycle","y",5,"default",0.235894232973947,0.225685573655221,0.125,840,160
0.3,3,"within_cycle","y",5,"coverage",0.128678082159835,0.134146841673503,0.0625,840,160
0.3,3,"within_cycle","y",5,"kinship",0.182839320015533,0.206357670221493,0.125,840,160
0.3,3,"within_cycle","y",6,"random",0.108577266747501,0.0520045704910348,0.0875,1040,160
0.3,3,"within_cycle","y",6,"default",0.1414137246075,0.0928307746396343,0.0625,1040,160
0.3,3,"within_cycle","y",6,"coverage",0.165198566995508,0.116696941286769,0.1875,1040,160
0.3,3,"within_cycle","y",6,"kinship",0.145797365777673,0.103181764912692,0.0625,1040,160
0.3,3,"from_history","y",2,"random",0.138457866637259,0.135050176254406,0.18,100,200
0.3,3,"from_history","y",2,"default",0.160350591903164,0.181393534838371,0.15,100,200
0.3,3,"from_history","y",2,"coverage",0.138731786373038,0.126973674341859,0.2,100,200
0.3,3,"from_history","y",2,"kinship",-0.150376908950496,-0.155000375009375,0.05,100,200
0.3,3,"from_history","y",3,"random",0.144712615158067,0.143226580664517,0.19,100,200
0.3,3,"from_history","y",3,"default",0.29275763445678,0.276009900247506,0.05,100,200
0.3,3,"from_history","y",3,"coverage",0.221956367375113,0.209348233705843,0.1,100,200
0.3,3,"from_history","y",3,"kinship",0.145025421358485,0.157884947123678,0.05,100,200
0.3,3,"from_history","y",4,"random",0.0867081433113347,0.0688691217280432,0.14,100,200
0.3,3,"from_history","y",4,"default",0.30033073525445,0.260967524188105,0.45,100,200
0.3,3,"from_history","y",4,"coverage",0.103191181298631,0.063361584039601,0.1,100,200
0.3,3,"from_history","y",4,"kinship",0.162420950056691,0.143687092177304,0.3,100,200
0.3,3,"from_history","y",5,"random",0.0809273763664005,0.0881596039900998,0.11,100,200
0.3,3,"from_history","y",5,"default",0.166889113629416,0.152483312082802,0.2,100,200
0.3,3,"from_history","y",5,"coverage",0.0984678637784626,0.115190879771994,0.15,100,200
0.3,3,"from_history","y",5,"kinship",0.141056892815899,0.151542788569714,0.1,100,200
0.3,3,"from_history","y",6,"random",0.0398795201500136,0.0340532513312833,0.1,100,200
0.3,3,"from_history","y",6,"default",-0.0740755850422982,-0.0507702692567314,0.1,100,200
0.3,3,"from_history","y",6,"coverage",0.133050305417328,0.134418360459012,0.1,100,200
0.3,3,"from_history","y",6,"kinship",0.0795497052793908,0.0755748893722343,0.1,100,200
0.3,4,"within_cycle","y",2,"random",-0.0389023016856987,-0.0447996015469354,0.1,240,160
0.3,4,"within_cycle","y",2,"default",-0.0128450065229559,-0.0409791398101488,0,240,160
0.3,4,"within_cycle","y",2,"coverage",0.0298560112327744,0.0225301769600375,0,240,160
0.3,4,"within_cycle","y",2,"kinship",-0.0823573263453319,-0.0914098206961209,0.125,240,160
0.3,4,"within_cycle","y",3,"random",0.222371977444344,0.230468768311262,0.1875,440,160
0.3,4,"within_cycle","y",3,"default",0.213945020961421,0.21757295206844,0.1875,440,160
0.3,4,"within_cycle","y",3,"coverage",0.179704726257171,0.189915621703973,0.125,440,160
0.3,4,"within_cycle","y",3,"kinship",0.249110192397266,0.220488105004102,0.25,440,160
0.3,4,"within_cycle","y",4,"random",0.0774594742710684,0.0936669401148482,0.0625,640,160
0.3,4,"within_cycle","y",4,"default",0.0667699446314872,0.0675700222664948,0.0625,640,160
0.3,4,"within_cycle","y",4,"coverage",0.0819925100789629,0.0619477323332943,0,640,160
0.3,4,"within_cycle","y",4,"kinship",0.0379264371452009,0.0335110746513536,0.125,640,160
0.3,4,"within_cycle","y",5,"random",0.247779922916131,0.232221375834994,0.125,840,160
0.3,4,"within_cycle","y",5,"default",0.277154871351916,0.251204148599555,0.125,840,160
0.3,4,"within_cycle","y",5,"coverage",0.381603467753672,0.347222547755772,0.3125,840,160
0.3,4,"within_cycle","y",5,"kinship",0.216647247807134,0.187173327083089,0.1875,840,160
0.3,4,"within_cycle","y",6,"random",0.333140205042423,0.290128325325208,0.1625,1040,160
0.3,4,"within_cycle","y",6,"default",0.291691169773423,0.248025313488808,0.125,1040,160
0.3,4,"within_cycle","y",6,"coverage",0.327044755592532,0.297412984882222,0.0625,1040,160
0.3,4,"within_cycle","y",6,"kinship",0.329948077214266,0.29460623461854,0.1875,1040,160
0.3,4,"from_history","y",2,"random",-0.0799046065027352,-0.088388809720243,0.05,100,200
0.3,4,"from_history","y",2,"default",-0.154127924312504,-0.170771769294232,0,100,200
0.3,4,"from_history","y",2,"coverage",0.0261188991085529,0.0250326258156454,0.05,100,200
0.3,4,"from_history","y",2,"kinship",-0.186031525571562,-0.218372459311483,0,100,200
0.3,4,"from_history","y",3,"random",0.118457482195821,0.11479966999175,0.15,100,200
0.3,4,"from_history","y",3,"default",0.210964792295708,0.202164554113853,0.25,100,200
0.3,4,"from_history","y",3,"coverage",0.0869076594727479,0.0922763069076727,0.05,100,200
0.3,4,"from_history","y",3,"kinship",0.101654604984604,0.0889297232430811,0.1,100,200
0.3,4,"from_history","y",4,"random",-0.0299314326994903,-0.022108752718818,0.06,100,200
0.3,4,"from_history","y",4,"default",-0.0298573691229642,-0.0581219530488262,0.1,100,200
0.3,4,"from_history","y",4,"coverage",0.00771821501497597,0.0198964974124353,0.05,100,200
0.3,4,"from_history","y",4,"kinship",0.0386278125590756,0.053492837320933,0.1,100,200
0.3,4,"from_history","y",5,"random",0.0538193779143869,0.0397866946673667,0.07,100,200
0.3,4,"from_history","y",5,"default",0.0712962587717466,0.0472106802670067,0.1,100,200
0.3,4,"from_history","y",5,"coverage",-0.0808141397209345,-0.0872001800045001,0,100,200
0.3,4,"from_history","y",5,"kinship",0.0211662883563556,-0.00259506487662192,0.05,100,200
0.3,4,"from_history","y",6,"random",0.0928637763069397,0.0859371484287107,0.15,100,200
0.3,4,"from_history","y",6,"default",0.160997046880979,0.134970374259356,0.15,100,200
0.3,4,"from_history","y",6,"coverage",-0.156749503342232,-0.148562214055351,0,100,200
0.3,4,"from_history","y",6,"kinship",0.335619491110448,0.337379434485862,0.1,100,200
0.3,5,"within_cycle","y",2,"random",0.136313424940205,0.115253720848471,0.2,240,160
0.3,5,"within_cycle","y",2,"default",0.185580850970758,0.212082503222782,0.0625,240,160
0.3,5,"within_cycle","y",2,"coverage",0.196246338258084,0.196566272120005,0.125,240,160
0.3,5,"within_cycle","y",2,"kinship",0.10424902095093,0.105560764092347,0.0625,240,160
0.3,5,"within_cycle","y",3,"random",0.21098045098088,0.186914332591117,0.075,440,160
0.3,5,"within_cycle","y",3,"default",0.21156033845526,0.176163131372319,0.0625,440,160
0.3,5,"within_cycle","y",3,"coverage",0.18405326844089,0.157825500996133,0.0625,440,160
0.3,5,"within_cycle","y",3,"kinship",0.2291325309885,0.192165709598031,0.0625,440,160
0.3,5,"within_cycle","y",4,"random",0.104701536822026,0.102860658619477,0.1875,640,160
0.3,5,"within_cycle","y",4,"default",0.135494530457716,0.128700339857026,0.25,640,160
0.3,5,"within_cycle","y",4,"coverage",0.207094662268573,0.193355209187859,0.125,640,160
0.3,5,"within_cycle","y",4,"kinship",0.114707365580556,0.131612562990742,0.1875,640,160
0.3,5,"within_cycle","y",5,"random",0.0177162884727211,-0.0240741825852572,0.1,840,160
0.3,5,"within_cycle","y",5,"default",-0.0579618061685619,-0.0827229579280441,0.125,840,160
0.3,5,"within_cycle","y",5,"coverage",-0.0555677710616875,-0.0891157857728817,0.0625,840,160
0.3,5,"within_cycle","y",5,"kinship",0.0301502249668299,-0.0224041954763858,0.0625,840,160
0.3,5,"within_cycle","y",6,"random",0.120581285398735,0.0963254424000937,0.15,1040,160
0.3,5,"within_cycle","y",6,"default",0.140955051293743,0.103486464315012,0.125,1040,160
0.3,5,"within_cycle","y",6,"coverage",0.138227371291041,0.133341146138521,0.0625,1040,160
0.3,5,"within_cycle","y",6,"kinship",0.174168483019492,0.175210945740068,0.125,1040,160
0.3,5,"from_history","y",2,"random",0.0850308003235906,0.0792697817445436,0.11,100,200
0.3,5,"from_history","y",2,"default",0.0801501737681975,0.0735783394584865,0.15,100,200
0.3,5,"from_history","y",2,"coverage",0.0827296114284782,0.0632325808145204,0.1,100,200
0.3,5,"from_history","y",2,"kinship",-0.0578209256622007,-0.058054451361284,0.1,100,200
0.3,5,"from_history","y",3,"random",0.173754742296114,0.145935048376209,0.15,100,200
0.3,5,"from_history","y",3,"default",0.252419072782515,0.209630240756019,0.2,100,200
0.3,5,"from_history","y",3,"coverage",0.168479631883563,0.150849771244281,0.05,100,200
0.3,5,"from_history","y",3,"kinship",-0.0442946395035523,-0.0251736293407335,0.15,100,200
0.3,5,"from_history","y",4,"random",0.0547249812028057,0.0551278781969549,0.18,100,200
0.3,5,"from_history","y",4,"default",0.0912891811980446,0.106978174454361,0.25,100,200
0.3,5,"from_history","y",4,"coverage",0.0494147646484703,0.0480477011925298,0.05,100,200
0.3,5,"from_history","y",4,"kinship",0.0568070052430793,0.0846996174904373,0.2,100,200
0.3,5,"from_history","y",5,"random",-0.0348013481840336,-0.0374088352208805,0.05,100,200
0.3,5,"from_history","y",5,"default",0.0818849506524444,0.0690482262056551,0.1,100,200
0.3,5,"from_history","y",5,"coverage",0.0835576382836388,0.0510237755943899,0.1,100,200
0.3,5,"from_history","y",5,"kinship",0.0145123210890907,-0.00738918472961824,0.1,100,200
0.3,5,"from_history","y",6,"random",-0.0638198167172988,-0.0767146178654466,0.11,100,200
0.3,5,"from_history","y",6,"default",0.162882963968768,0.136470411760294,0.15,100,200
0.3,5,"from_history","y",6,"coverage",-0.0711537131773876,-0.100808520213005,0.05,100,200
0.3,5,"from_history","y",6,"kinship",0.177742252408037,0.163502587564689,0.05,100,200
0.3,6,"within_cycle","y",2,"random",0.256471761205386,0.243724364232978,0.1375,240,160
0.3,6,"within_cycle","y",2,"default",0.276664949781764,0.231023672799719,0.25,240,160
0.3,6,"within_cycle","y",2,"coverage",0.240921870917136,0.249894527129966,0.125,240,160
0.3,6,"within_cycle","y",2,"kinship",0.327168721451634,0.315856088128442,0.125,240,160
0.3,6,"within_cycle","y",3,"random",0.2206253974425,0.197909293331771,0.175,440,160
0.3,6,"within_cycle","y",3,"default",0.202088183025391,0.191263330598852,0.1875,440,160
0.3,6,"within_cycle","y",3,"coverage",0.169014363185197,0.155590062111801,0.25,440,160
0.3,6,"within_cycle","y",3,"kinship",0.207819325716092,0.181603773584906,0.0625,440,160
0.3,6,"within_cycle","y",4,"random",0.18336388812275,0.131260400796906,0.325,640,160
0.3,6,"within_cycle","y",4,"default",0.230324833568808,0.193164772061409,0.3125,640,160
0.3,6,"within_cycle","y",4,"coverage",0.161321274773767,0.127721786007266,0.3125,640,160
0.3,6,"within_cycle","y",4,"kinship",0.19486434143721,0.158276690495722,0.3125,640,160
0.3,6,"within_cycle","y",5,"random",0.0452793949891191,0.0563945857260049,0.0125,840,160
0.3,6,"within_cycle","y",5,"default",0.077183088129568,0.103931794210711,0,840,160
0.3,6,"within_cycle","y",5,"coverage",0.0663826110904703,0.0831009023789992,0,840,160
0.3,6,"within_cycle","y",5,"kinship",0.080137265577918,0.0833792335638111,0,840,160
0.3,6,"within_cycle","y",6,"random",0.241299972767692,0.213120239071839,0.1625,1040,160
0.3,6,"within_cycle","y",6,"default",0.246930729094241,0.206955349818352,0.125,1040,160
0.3,6,"within_cycle","y",6,"coverage",0.268147335147364,0.248860307043244,0.1875,1040,160
0.3,6,"within_cycle","y",6,"kinship",0.227702390691254,0.189561115668581,0.1875,1040,160
0.3,6,"from_history","y",2,"random",0.192541840991479,0.172618915472887,0.16,100,200
0.3,6,"from_history","y",2,"default",0.265315154801689,0.24961524038101,0.2,100,200
0.3,6,"from_history","y",2,"coverage",0.213963994294087,0.212321308032701,0.2,100,200
0.3,6,"from_history","y",2,"kinship",0.0939935879713587,0.0937373434335858,0.05,100,200
0.3,6,"from_history","y",3,"random",0.0857640013919155,0.0630039750993775,0.16,100,200
0.3,6,"from_history","y",3,"default",0.235953880916381,0.222851571289282,0.1,100,200
0.3,6,"from_history","y",3,"coverage",0.180289591479393,0.154188854721368,0.15,100,200
0.3,6,"from_history","y",3,"kinship",0.0810959006873828,0.0930293257331433,0.1,100,200
0.3,6,"from_history","y",4,"random",0.0628583458818946,0.0649717242931073,0.11,100,200
0.3,6,"from_history","y",4,"default",-0.0957167772348204,-0.0992949823745594,0.05,100,200
0.3,6,"from_history","y",4,"coverage",0.22388924544892,0.214587864696617,0.25,100,200
0.3,6,"from_history","y",4,"kinship",-0.0376958509735199,-0.0607290182254556,0.15,100,200
0.3,6,"from_history","y",5,"random",0.0253232771378637,0.0301054526363159,0.06,100,200
0.3,6,"from_history","y",5,"default",0.0384407880737464,0.0359723993099828,0.15,100,200
0.3,6,"from_history","y",5,"coverage",-0.0349123091013476,-0.0137703442586065,0.15,100,200
0.3,6,"from_history","y",5,"kinship",-0.0787239066785034,-0.0788584714617866,0.05,100,200
0.3,6,"from_history","y",6,"random",0.020619628959066,0.0046195154878872,0.06,100,200
0.3,6,"from_history","y",6,"default",0.175476966473452,0.165473636840921,0.1,100,200
0.3,6,"from_history","y",6,"coverage",0.0855644707228133,0.0716147903697593,0.15,100,200
0.3,6,"from_history","y",6,"kinship",0.24264837580939,0.280286507162679,0.05,100,200
0.3,7,"within_cycle","y",2,"random",0.381030904990845,0.360876010781671,0.3,240,160
0.3,7,"within_cycle","y",2,"default",0.378223862045122,0.352018633540373,0.3125,240,160
0.3,7,"within_cycle","y",2,"coverage",0.334295396987099,0.330396695183406,0.125,240,160
0.3,7,"within_cycle","y",2,"kinship",0.361481921822084,0.349241181296144,0.25,240,160
0.3,7,"within_cycle","y",3,"random",0.228293042676319,0.246367631548107,0.1875,440,160
0.3,7,"within_cycle","y",3,"default",0.181553467464955,0.233062814953709,0.0625,440,160
0.3,7,"within_cycle","y",3,"coverage",0.287596488974481,0.313978085081448,0.25,440,160
0.3,7,"within_cycle","y",3,"kinship",0.195212213898611,0.170663893120825,0.25,440,160
0.3,7,"within_cycle","y",4,"random",0.330350493731933,0.302699519512481,0.275,640,160
0.3,7,"within_cycle","y",4,"default",0.291638672079084,0.254552912223134,0.25,640,160
0.3,7,"within_cycle","y",4,"coverage",0.361115172581095,0.346150240243759,0.1875,640,160
0.3,7,"within_cycle","y",4,"kinship",0.296775626453228,0.27790343372788,0.1875,640,160
0.3,7,"within_cycle","y",5,"random",0.317686786804085,0.292663775928747,0.2875,840,160
0.3,7,"within_cycle","y",5,"default",0.265086187017645,0.230619360131255,0.3125,840,160
0.3,7,"within_cycle","y",5,"coverage",0.28376892251411,0.250240243759522,0.3125,840,160
0.3,7,"within_cycle","y",5,"kinship",0.388132071573697,0.332755185749443,0.4375,840,160
0.3,7,"within_cycle","y",6,"random",0.21707906657685,0.180834407594047,0.1,1040,160
0.3,7,"within_cycle","y",6,"default",0.266788929679203,0.207002226649478,0.25,1040,160
0.3,7,"within_cycle","y",6,"coverage",0.212982512187055,0.174179655455291,0.0625,1040,160
0.3,7,"within_cycle","y",6,"kinship",0.200268546391147,0.161681120356264,0.125,1040,160
0.3,7,"from_history","y",2,"random",0.150312009060217,0.134088352208805,0.16,100,200
0.3,7,"from_history","y",2,"default",0.303331770105137,0.279884497112428,0.25,100,200
0.3,7,"from_history","y",2,"coverage",0.292160237065634,0.269726243156079,0.25,100,200
0.3,7,"from_history","y",2,"kinship",-0.108263972718177,-0.121084527113178,0.1,100,200
0.3,7,"from_history","y",3,"random",0.133562433789356,0.148394809870247,0.13,100,200
0.3,7,"from_history","y",3,"default",0.126511098556098,0.150182254556364,0.05,100,200
0.3,7,"from_history","y",3,"coverage",-0.111275041762995,-0.118099452486312,0.05,100,200
0.3,7,"from_history","y",3,"kinship",0.15325454162602,0.16678316957924,0.1,100,200
0.3,7,"from_history","y",4,"random",0.178899419736084,0.175257181429536,0.15,100,200
0.3,7,"from_history","y",4,"default",0.214469981508317,0.214067351683792,0.2,100,200
0.3,7,"from_history","y",4,"coverage",-0.0635076612142545,-0.0714872871821796,0,100,200
0.3,7,"from_history","y",4,"kinship",0.0578238535239018,0.0438370959273982,0,100,200
0.3,7,"from_history","y",5,"random",0.155991453552887,0.154075451886297,0.24,100,200
0.3,7,"from_history","y",5,"default",0.321363426267686,0.29209630240756,0.3,100,200
0.3,7,"from_history","y",5,"coverage",0.206623270385465,0.152574814370359,0.1,100,200
0.3,7,"from_history","y",5,"kinship",0.212839442942022,0.208262206555164,0.1,100,200
0.3,7,"from_history","y",6,"random",0.117724105417235,0.0902530563264082,0.15,100,200
0.3,7,"from_history","y",6,"default",0.217186359201888,0.192411310282757,0.15,100,200
0.3,7,"from_history","y",6,"coverage",0.113757877195618,0.0963819095477387,0.1,100,200
0.3,7,"from_history","y",6,"kinship",0.0835695675646965,0.0769684242106053,0.1,100,200
0.3,8,"within_cycle","y",2,"random",0.254989375907974,0.248419078870268,0.175,240,160
0.3,8,"within_cycle","y",2,"default",0.217793148150193,0.196695183405602,0.3125,240,160
0.3,8,"within_cycle","y",2,"coverage",0.2490451647016,0.264083557951482,0.0625,240,160
0.3,8,"within_cycle","y",2,"kinship",0.220810971220358,0.215867807336224,0.125,240,160
0.3,8,"within_cycle","y",3,"random",0.201444401373481,0.179757998359311,0.075,440,160
0.3,8,"within_cycle","y",3,"default",0.191481416603154,0.191380522676667,0.125,440,160
0.3,8,"within_cycle","y",3,"coverage",0.21653842340991,0.176523497011602,0.125,440,160
0.3,8,"within_cycle","y",3,"kinship",0.209035004533392,0.155443572014532,0.1875,440,160
0.3,8,"within_cycle","y",4,"random",0.282229529278521,0.259281026602602,0.1875,640,160
0.3,8,"within_cycle","y",4,"default",0.276759503043116,0.263521035977968,0.1875,640,160
0.3,8,"within_cycle","y",4,"coverage",0.256874909050403,0.216181296144381,0.3125,640,160
0.3,8,"within_cycle","y",4,"kinship",0.219632382964083,0.199460916442048,0.0625,640,160
0.3,8,"within_cycle","y",5,"random",0.253263776646922,0.241665885386148,0.2375,840,160
0.3,8,"within_cycle","y",5,"default",0.277856218262352,0.266802414156803,0.3125,840,160
0.3,8,"within_cycle","y",5,"coverage",0.338774435346771,0.315823860307043,0.25,840,160
0.3,8,"within_cycle","y",5,"kinship",0.27601897835689,0.274528301886792,0.25,840,160
0.3,8,"within_cycle","y",6,"random",0.356413148052556,0.318999179655455,0.3375,1040,160
0.3,8,"within_cycle","y",6,"default",0.343873867942799,0.338746630727763,0.1875,1040,160
0.3,8,"within_cycle","y",6,"coverage",0.364973502906173,0.318510488690964,0.1875,1040,160
0.3,8,"within_cycle","y",6,"kinship",0.303172114485014,0.258648775342787,0.25,1040,160
0.3,8,"from_history","y",2,"random",0.0989244742174656,0.0978498462461562,0.12,100,200
0.3,8,"from_history","y",2,"default",0.173891352505143,0.186915172879322,0.1,100,200
0.3,8,"from_history","y",2,"coverage",0.163155933908673,0.149708242706068,0.25,100,200
0.3,8,"from_history","y",2,"kinship",0.00949079709118905,0.0183079576989425,0,100,200
0.3,8,"from_history","y",3,"random",0.0744722610706889,0.0501285532138303,0.16,100,200
0.3,8,"from_history","y",3,"default",0.24017276310204,0.202707567689192,0.2,100,200
0.3,8,"from_history","y",3,"coverage",0.016890770329002,0.0331118277956949,0.15,100,200
0.3,8,"from_history","y",3,"kinship",0.0747259107453411,0.0625905647641191,0.15,100,200
0.3,8,"from_history","y",4,"random",0.0532585325280297,0.0472412810320258,0.15,100,200
0.3,8,"from_history","y",4,"default",0.174841400442461,0.162727068176704,0.05,100,200
0.3,8,"from_history","y",4,"coverage",0.0534339167289039,0.0458936473411835,0.1,100,200
0.3,8,"from_history","y",4,"kinship",0.174504048064552,0.122578564464112,0.05,100,200
0.3,8,"from_history","y",5,"random",0.0813845055822187,0.0721725043126078,0.11,100,200
0.3,8,"from_history","y",5,"default",0.258104812961268,0.278564464111603,0.15,100,200
0.3,8,"from_history","y",5,"coverage",0.0516635422236332,0.0480597014925373,0.1,100,200
0.3,8,"from_history","y",5,"kinship",0.235958543449073,0.241975549388735,0.15,100,200
0.3,8,"from_history","y",6,"random",0.0960677032807788,0.0842598064951624,0.13,100,200
0.3,8,"from_history","y",6,"default",0.273012017413911,0.250945773644341,0.2,100,200
0.3,8,"from_history","y",6,"coverage",-0.102286042187074,-0.13656041401035,0.05,100,200
0.3,8,"from_history","y",6,"kinship",0.20942104803375,0.190747768694217,0.15,100,200
0.3,9,"within_cycle","y",2,"random",0.209541719212266,0.220325793976327,0.225,240,160
0.3,9,"within_cycle","y",2,"default",0.24332766102766,0.262108871440291,0.1875,240,160
0.3,9,"within_cycle","y",2,"coverage",0.259384597099799,0.259521856322513,0.25,240,160
0.3,9,"within_cycle","y",2,"kinship",0.187183205711368,0.181132075471698,0.3125,240,160
0.3,9,"within_cycle","y",3,"random",0.200740181648775,0.163064572834876,0.1375,440,160
0.3,9,"within_cycle","y",3,"default",0.231148845448424,0.217854213055197,0.3125,440,160
0.3,9,"within_cycle","y",3,"coverage",0.224004322340234,0.171334817766319,0.125,440,160
0.3,9,"within_cycle","y",3,"kinship",0.113364413962151,0.10527950310559,0.125,440,160
0.3,9,"within_cycle","y",4,"random",0.15810399709475,0.175956873315364,0.075,640,160
0.3,9,"within_cycle","y",4,"default",0.10014748537163,0.113814016172507,0.0625,640,160
0.3,9,"within_cycle","y",4,"coverage",0.114831330659993,0.109284542364936,0.0625,640,160
0.3,9,"within_cycle","y",4,"kinship",0.154468319620628,0.183877299894527,0.0625,640,160
0.3,9,"within_cycle","y",5,"random",0.179875742420373,0.185691433259112,0.05,840,160
0.3,9,"within_cycle","y",5,"default",0.219312246089466,0.230015820930505,0.0625,840,160
0.3,9,"within_cycle","y",5,"coverage",0.172992417106495,0.18684225946326,0.1875,840,160
0.3,9,"within_cycle","y",5,"kinship",0.188794218516148,0.216544591585609,0.0625,840,160
0.3,9,"within_cycle","y",6,"random",0.15492851894932,0.132308097972577,0.1375,1040,160
0.3,9,"within_cycle","y",6,"default",0.116478309746809,0.0966424469705848,0.125,1040,160
0.3,9,"within_cycle","y",6,"coverage",0.155196450713786,0.145602367279972,0.125,1040,160
0.3,9,"within_cycle","y",6,"kinship",0.174606789897695,0.173233329426931,0.125,1040,160
0.3,9,"from_history","y",2,"random",0.137342222440616,0.130933473336833,0.19,100,200
0.3,9,"from_history","y",2,"default",0.226307643203043,0.237266931673292,0.25,100,200
0.3,9,"from_history","y",2,"coverage",0.213528970941622,0.230792769819246,0.25,100,200
0.3,9,"from_history","y",2,"kinship",-0.0924796804583006,-0.0986604665116628,0,100,200
0.3,9,"from_history","y",3,"random",0.0722362334724861,0.0545452636315908,0.08,100,200
0.3,9,"from_history","y",3,"default",0.16563460677803,0.138355958898973,0.15,100,200
0.3,9,"from_history","y",3,"coverage",0.0283728546684793,-0.00180004500112503,0.1,100,200
0.3,9,"from_history","y",3,"kinship",0.170506940405426,0.124260106502663,0.15,100,200
0.3,9,"from_history","y",4,"random",0.0906143921377887,0.100842421060527,0.07,100,200
0.3,9,"from_history","y",4,"default",0.0628949755876237,0.0638025950648766,0.05,100,200
0.3,9,"from_history","y",4,"coverage",0.0937515382343439,0.108662716567914,0.05,100,200
0.3,9,"from_history","y",4,"kinship",-0.029470245415203,0.01985599639991,0.05,100,200
0.3,9,"from_history","y",5,"random",0.0805531543335982,0.0717755943898598,0.15,100,200
0.3,9,"from_history","y",5,"default",0.21091360479146,0.184957623940599,0.2,100,200
0.3,9,"from_history","y",5,"coverage",-0.00712228239937288,-0.0256311407785195,0.1,100,200
0.3,9,"from_history","y",5,"kinship",0.13510940612285,0.115222380559514,0.2,100,200
0.3,9,"from_history","y",6,"random",0.0345140827740902,0.0264306607665192,0.08,100,200
0.3,9,"from_history","y",6,"default",0.172313467773171,0.177943448586215,0.2,100,200
0.3,9,"from_history","y",6,"coverage",0.177327273340243,0.191493287332183,0.15,100,200
0.3,9,"from_history","y",6,"kinship",0.0460261948078115,0.0556723918097953,0.15,100,200
0.3,10,"within_cycle","y",2,"random",0.184272325145564,0.179831829368335,0.225,240,160
0.3,10,"within_cycle","y",2,"default",0.178010547178887,0.170868979257002,0.125,240,160
0.3,10,"within_cycle","y",2,"coverage",0.140062672753911,0.143841556310793,0.25,240,160
0.3,10,"within_cycle","y",2,"kinship",0.212651053804373,0.207763975155279,0.1875,240,160
0.3,10,"within_cycle","y",3,"random",0.0820748152478719,0.0385181061760225,0.1625,440,160
0.3,10,"within_cycle","y",3,"default",0.0841925150313704,0.0603216922536036,0.1875,440,160
0.3,10,"within_cycle","y",3,"coverage",0.00202136315387973,-0.0189177311613735,0.125,440,160
0.3,10,"within_cycle","y",3,"kinship",0.102476072601919,0.0980897691316067,0.1875,440,160
0.3,10,"within_cycle","y",4,"random",0.0338030302818502,0.0300457049103481,0.1125,640,160
0.3,10,"within_cycle","y",4,"default",-0.0347370701709309,-0.0523848587835462,0.125,640,160
0.3,10,"within_cycle","y",4,"coverage",0.0208692085547558,0.0205320520332825,0.0625,640,160
0.3,10,"within_cycle","y",4,"kinship",-0.0257956116456581,-0.0388638228055783,0.0625,640,160
0.3,10,"within_cycle","y",5,"random",0.219056872376542,0.223688034688855,0.175,840,160
0.3,10,"within_cycle","y",5,"default",0.325005778734344,0.312498535099027,0.25,840,160
0.3,10,"within_cycle","y",5,"coverage",0.220871213221074,0.22888198757764,0.1875,840,160
0.3,10,"within_cycle","y",5,"kinship",0.260969701763446,0.264306222899332,0.1875,840,160
0.3,10,"within_cycle","y",6,"random",0.234335357144971,0.256263916559241,0.2125,1040,160
0.3,10,"within_cycle","y",6,"default",0.318596949362475,0.33476502988398,0.1875,1040,160
0.3,10,"within_cycle","y",6,"coverage",0.314668057200691,0.293021211766085,0.1875,1040,160
0.3,10,"within_cycle","y",6,"kinship",0.202668071723289,0.228817531934841,0.1875,1040,160
0.3,10,"from_history","y",2,"random",0.177039802701706,0.172313207830196,0.26,100,200
0.3,10,"from_history","y",2,"default",0.272217922444836,0.24476861921548,0.3,100,200
0.3,10,"from_history","y",2,"coverage",0.0822438243053262,0.0866616665416635,0.2,100,200
0.3,10,"from_history","y",2,"kinship",-0.058006011149424,-0.0526363159078977,0.1,100,200
0.3,10,"from_history","y",3,"random",0.0251206512910255,0.00464231605790145,0.15,100,200
0.3,10,"from_history","y",3,"default",-0.027818004287875,-0.049027225680642,0.15,100,200
0.3,10,"from_history","y",3,"coverage",0.0641212858432814,0.0856101402535064,0.1,100,200
0.3,10,"from_history","y",3,"kinship",-0.0320772302452759,-0.0579704492612315,0.1,100,200
0.3,10,"from_history","y",4,"random",0.0125262374041874,0.00745068626715669,0.08,100,200
0.3,10,"from_history","y",4,"default",-0.0499592261535901,-0.0319102977574439,0.05,100,200
0.3,10,"from_history","y",4,"coverage",-0.108547493881406,-0.0928193204830121,0.05,100,200
0.3,10,"from_history","y",4,"kinship",-0.00732187879070485,-0.0225425635640891,0.15,100,200
0.3,10,"from_history","y",5,"random",0.0761871743907174,0.073281632040801,0.18,100,200
0.3,10,"from_history","y",5,"default",0.0368948502891262,0.0286312157803945,0.25,100,200
0.3,10,"from_history","y",5,"coverage",0.0564091489114391,0.0595034875871897,0.05,100,200
0.3,10,"from_history","y",5,"kinship",0.0315598616336133,0.0598619965499138,0.1,100,200
0.3,10,"from_history","y",6,"random",0.140921917451856,0.141125928148204,0.17,100,200
0.3,10,"from_history","y",6,"default",0.238808970302569,0.25193579839496,0.15,100,200
0.3,10,"from_history","y",6,"coverage",0.223639631798848,0.214299857496437,0.2,100,200
0.3,10,"from_history","y",6,"kinship",0.213081832111221,0.245125628140704,0.1,100,200
0.3,11,"within_cycle","y",2,"random",0.234820143230857,0.247663189968358,0.25,240,160
0.3,11,"within_cycle","y",2,"default",0.279612270500731,0.273057541310207,0.25,240,160
0.3,11,"within_cycle","y",2,"coverage",0.2005896180959,0.188878471815305,0.125,240,160
0.3,11,"within_cycle","y",2,"kinship",0.112707523689398,0.137961443806399,0.25,240,160
0.3,11,"within_cycle","y",3,"random",0.169728760860939,0.182037384272823,0.275,440,160
0.3,11,"within_cycle","y",3,"default",0.187441265106633,0.198801711004336,0.3125,440,160
0.3,11,"within_cycle","y",3,"coverage",0.195491833994777,0.21806222899332,0.25,440,160
0.3,11,"within_cycle","y",3,"kinship",0.191937320953246,0.19935837337396,0.1875,440,160
0.3,11,"within_cycle","y",4,"random",0.285623920942083,0.295958045236142,0.15,640,160
0.3,11,"within_cycle","y",4,"default",0.291294625976633,0.2911373491152,0.125,640,160
0.3,11,"within_cycle","y",4,"coverage",0.238753279996975,0.256492441110981,0.1875,640,160
0.3,11,"within_cycle","y",4,"kinship",0.329993878693093,0.349276338919489,0.125,640,160
0.3,11,"within_cycle","y",5,"random",0.112616019627248,0.123912457517872,0.125,840,160
0.3,11,"within_cycle","y",5,"default",0.107145779026376,0.133171217625688,0.1875,840,160
0.3,11,"within_cycle","y",5,"coverage",0.0786898060234577,0.0940085550216805,0.0625,840,160
0.3,11,"within_cycle","y",5,"kinship",0.0792264608902787,0.090067971405133,0.0625,840,160
0.3,11,"within_cycle","y",6,"random",0.393163893966,0.409323801711004,0.1375,1040,160
0.3,11,"within_cycle","y",6,"default",0.419616257281876,0.426708074534161,0.25,1040,160
0.3,11,"within_cycle","y",6,"coverage",0.431637833238433,0.425597679596859,0.3125,1040,160
0.3,11,"within_cycle","y",6,"kinship",0.403667741679485,0.41379936716278,0.25,1040,160
0.3,11,"from_history","y",2,"random",0.120131020000404,0.119874596864922,0.21,100,200
0.3,11,"from_history","y",2,"default",0.185588103567715,0.218150453761344,0.25,100,200
0.3,11,"from_history","y",2,"coverage",0.231654166866874,0.241305032625816,0.3,100,200
0.3,11,"from_history","y",2,"kinship",-0.0055555413918762,-0.0333938348458711,0.2,100,200
0.3,11,"from_history","y",3,"random",0.0590238785722272,0.0649873246831171,0.16,100,200
0.3,11,"from_history","y",3,"default",0.0586457517701184,0.049772744318608,0.15,100,200
0.3,11,"from_history","y",3,"coverage",0.120749542644192,0.123757593939849,0.15,100,200
0.3,11,"from_history","y",3,"kinship",-0.010981877931423,-0.00410860271506788,0.05,100,200
0.3,11,"from_history","y",4,"random",0.146808809660512,0.149240531013275,0.14,100,200
0.3,11,"from_history","y",4,"default",0.111571675478187,0.127929198229956,0.05,100,200
0.3,11,"from_history","y",4,"coverage",-0.0319839532070479,-0.041032025800645,0.1,100,200
0.3,11,"from_history","y",4,"kinship",0.161277611870306,0.161585539638491,0.15,100,200
0.3,11,"from_history","y",5,"random",0.0123184864465779,0.0028260706517663,0.11,100,200
0.3,11,"from_history","y",5,"default",0.0869438322525367,0.0686522163054076,0.2,100,200
0.3,11,"from_history","y",5,"coverage",-0.0325567246494685,-0.0288742218555464,0.1,100,200
0.3,11,"from_history","y",5,"kinship",0.079826396217216,0.0583649591239781,0.05,100,200
0.3,11,"from_history","y",6,"random",0.0754373345638977,0.0881017025425636,0.08,100,200
0.3,11,"from_history","y",6,"default",0.236672569393368,0.229352733818346,0.25,100,200
0.3,11,"from_history","y",6,"coverage",-0.0766887916195932,-0.0907732693317333,0.05,100,200
0.3,11,"from_history","y",6,"kinship",0.258416987334683,0.255294382359559,0.15,100,200
0.3,12,"within_cycle","y",2,"random",0.179276723087795,0.1888626508848,0.1,240,160
0.3,12,"within_cycle","y",2,"default",0.182715170737062,0.173119067151061,0.1875,240,160
0.3,12,"within_cycle","y",2,"coverage",0.127677890622278,0.149012656744404,0.125,240,160
0.3,12,"within_cycle","y",2,"kinship",0.196183917226427,0.190138286651822,0.0625,240,160
0.3,12,"within_cycle","y",3,"random",0.187139089080915,0.176066447908121,0.175,440,160
0.3,12,"within_cycle","y",3,"default",0.176391340930036,0.159220086722138,0.0625,440,160
0.3,12,"within_cycle","y",3,"coverage",0.178262810061877,0.160737724129849,0.125,440,160
0.3,12,"within_cycle","y",3,"kinship",0.136748793728035,0.129432790343373,0.0625,440,160
0.3,12,"within_cycle","y",4,"random",0.262532385802088,0.224281612562991,0.2875,640,160
0.3,12,"within_cycle","y",4,"default",0.279716139476317,0.241647134653697,0.25,640,160
0.3,12,"within_cycle","y",4,"coverage",0.298541544671816,0.253756006093988,0.375,640,160
0.3,12,"within_cycle","y",4,"kinship",0.217944037872871,0.193044650181648,0.25,640,160
0.3,12,"within_cycle","y",5,"random",0.298657674645226,0.297915152935661,0.1875,840,160
0.3,12,"within_cycle","y",5,"default",0.306662619375259,0.299041954763858,0.0625,840,160
0.3,12,"within_cycle","y",5,"coverage",0.255057310719661,0.242959685925231,0.1875,840,160
0.3,12,"within_cycle","y",5,"kinship",0.288296394618728,0.279095863119653,0.1875,840,160
0.3,12,"within_cycle","y",6,"random",0.302165729887937,0.269685925231454,0.2375,1040,160
0.3,12,"within_cycle","y",6,"default",0.302456115652078,0.297374897456932,0.1875,1040,160
0.3,12,"within_cycle","y",6,"coverage",0.2949958593038,0.251919020274229,0.25,1040,160
0.3,12,"within_cycle","y",6,"kinship",0.314330695739377,0.294805461150826,0.3125,1040,160
0.3,12,"from_history","y",2,"random",0.141623122133468,0.156327008175204,0.06,100,200
0.3,12,"from_history","y",2,"default",0.181979396647653,0.199302482562064,0.1,100,200
0.3,12,"from_history","y",2,"coverage",0.146777798790016,0.154038850971274,0.1,100,200
0.3,12,"from_history","y",2,"kinship",-0.0164115397706719,-0.044923123078077,0.05,100,200
0.3,12,"from_history","y",3,"random",0.137233284589887,0.117235430885772,0.13,100,200
0.3,12,"from_history","y",3,"default",0.157127812301054,0.171632790819771,0.1,100,200
0.3,12,"from_history","y",3,"coverage",0.109768389550564,0.145038625965649,0.05,100,200
0.3,12,"from_history","y",3,"kinship",0.147451903256963,0.158075451886297,0.05,100,200
0.3,12,"from_history","y",4,"random",0.108000140994906,0.0895660391509788,0.2,100,200
0.3,12,"from_history","y",4,"default",0.116894438480773,0.101353033825846,0.25,100,200
0.3,12,"from_history","y",4,"coverage",0.168917415926389,0.118796969924248,0.2,100,200
0.3,12,"from_history","y",4,"kinship",0.126185001314324,0.0977739443486087,0.15,100,200
0.3,12,"from_history","y",5,"random",0.127838599899968,0.128868521713043,0.11,100,200
0.3,12,"from_history","y",5,"default",0.222917309220733,0.22731268281707,0.05,100,200
0.3,12,"from_history","y",5,"coverage",0.0882220594312728,0.0853401335033376,0.1,100,200
0.3,12,"from_history","y",5,"kinship",0.240100935267099,0.246279156978925,0.2,100,200
0.3,12,"from_history","y",6,"random",0.176569727653593,0.150579764494112,0.16,100,200
0.3,12,"from_history","y",6,"default",0.267804165252628,0.206892672316808,0.2,100,200
0.3,12,"from_history","y",6,"coverage",0.166091411125485,0.120136503412585,0.15,100,200
0.3,12,"from_history","y",6,"kinship",-0.0927363878353458,-0.0863961599039976,0,100,200
0.3,13,"within_cycle","y",2,"random",0.234409140032683,0.225863119653111,0.2375,240,160
0.3,13,"within_cycle","y",2,"default",0.266340185433462,0.271120942224306,0.25,240,160
0.3,13,"within_cycle","y",2,"coverage",0.229784981983442,0.217356146724481,0.3125,240,160
0.3,13,"within_cycle","y",2,"kinship",0.160172669834082,0.138682175084964,0.1875,240,160
0.3,13,"within_cycle","y",3,"random",0.152034788579589,0.126474276338919,0.1375,440,160
0.3,13,"within_cycle","y",3,"default",0.219147881654727,0.221481307863588,0.1875,440,160
0.3,13,"within_cycle","y",3,"coverage",0.236931788444237,0.217212586429157,0.1875,440,160
0.3,13,"within_cycle","y",3,"kinship",0.181544782692502,0.160380288292511,0.0625,440,160
0.3,13,"within_cycle","y",4,"random",0.189774657195828,0.154439821868042,0.1625,640,160
0.3,13,"within_cycle","y",4,"default",0.234832568219743,0.219175553732568,0.1875,640,160
0.3,13,"within_cycle","y",4,"coverage",0.255779903683025,0.238274932614555,0.125,640,160
0.3,13,"within_cycle","y",4,"kinship",0.195422219086464,0.170578928864409,0.1875,640,160
0.3,13,"within_cycle","y",5,"random",0.152550389987913,0.177692487987812,0.125,840,160
0.3,13,"within_cycle","y",5,"default",0.202839727671225,0.220517403023556,0.125,840,160
0.3,13,"within_cycle","y",5,"coverage",0.097651029371323,0.117704793155983,0.0625,840,160
0.3,13,"within_cycle","y",5,"kinship",0.13511297627664,0.158877299894527,0.0625,840,160
0.3,13,"within_cycle","y",6,"random",0.262758860803945,0.251587952654401,0.25,1040,160
0.3,13,"within_cycle","y",6,"default",0.243566054341644,0.251001992265323,0.3125,1040,160
0.3,13,"within_cycle","y",6,"coverage",0.322674596143014,0.334067737020977,0.25,1040,160
0.3,13,"within_cycle","y",6,"kinship",0.184555820600577,0.169471463729052,0.25,1040,160
0.3,13,"from_history","y",2,"random",0.154101092119793,0.141000525013125,0.23,100,200
0.3,13,"from_history","y",2,"default",0.183407350491554,0.156114902872572,0.25,100,200
0.3,13,"from_history","y",2,"coverage",0.17357081624914,0.14262356558914,0.2,100,200
0.3,13,"from_history","y",2,"kinship",0.089286682630865,0.0740508512712818,0.15,100,200
0.3,13,"from_history","y",3,"random",0.058411389023773,0.0552430810770269,0.11,100,200
0.3,13,"from_history","y",3,"default",-0.036230562827335,-0.0691112277806945,0.1,100,200
0.3,13,"from_history","y",3,"coverage",0.102269976015388,0.106421660541514,0.1,100,200
0.3,13,"from_history","y",3,"kinship",0.0663122260656753,0.021537538438461,0.05,100,200
0.3,13,"from_history","y",4,"random",0.102444354449809,0.0929948248706218,0.11,100,200
0.3,13,"from_history","y",4,"default",0.209565675335491,0.200583514587865,0.15,100,200
0.3,13,"from_history","y",4,"coverage",0.121471583027687,0.103489087227181,0.2,100,200
0.3,13,"from_history","y",4,"kinship",0.0968150193044303,0.0786994674866872,0.05,100,200
0.3,13,"from_history","y",5,"random",0.0982896660195849,0.0988332708317708,0.14,100,200
0.3,13,"from_history","y",5,"default",0.114242949758045,0.0783064576614416,0.15,100,200
0.3,13,"from_history","y",5,"coverage",0.0681666613609286,0.0625380634515863,0.15,100,200
0.3,13,"from_history","y",5,"kinship",0.152715633586633,0.123660091502288,0.2,100,200
0.3,13,"from_history","y",6,"random",0.115942812182956,0.128699617490437,0.18,100,200
0.3,13,"from_history","y",6,"default",0.218386525648332,0.205059626490662,0.2,100,200
0.3,13,"from_history","y",6,"coverage",0.0612138381083507,0.0723708092702318,0.1,100,200
0.3,13,"from_history","y",6,"kinship",0.181866739986702,0.195624390609765,0.1,100,200
0.3,14,"within_cycle","y",2,"random",0.248715324724798,0.241756709246455,0.125,240,160
0.3,14,"within_cycle","y",2,"default",0.178136035243088,0.167203797023321,0.0625,240,160
0.3,14,"within_cycle","y",2,"coverage",0.181183669302312,0.175073245048635,0.125,240,160
0.3,14,"within_cycle","y",2,"kinship",0.299815045054639,0.286760225008789,0.125,240,160
0.3,14,"within_cycle","y",3,"random",0.258047358403941,0.26640396109223,0.1375,440,160
0.3,14,"within_cycle","y",3,"default",0.325387495110246,0.331199460916442,0.125,440,160
0.3,14,"within_cycle","y",3,"coverage",0.234256381364367,0.219960740653932,0.125,440,160
0.3,14,"within_cycle","y",3,"kinship",0.283368572057389,0.27013359896871,0.1875,440,160
0.3,14,"within_cycle","y",4,"random",0.381628796431565,0.381051798898394,0.275,640,160
0.3,14,"within_cycle","y",4,"default",0.374381590296169,0.392110043361069,0.25,640,160
0.3,14,"within_cycle","y",4,"coverage",0.378737739334494,0.389156803000117,0.25,640,160
0.3,14,"within_cycle","y",4,"kinship",0.385403769644015,0.38250322278214,0.1875,640,160
0.3,14,"within_cycle","y",5,"random",0.0812728222482625,0.0992107113559123,0.175,840,160
0.3,14,"within_cycle","y",5,"default",0.0396227074062745,0.0566623696238134,0.125,840,160
0.3,14,"within_cycle","y",5,"coverage",0.0835270429046025,0.110998476502988,0.0625,840,160
0.3,14,"within_cycle","y",5,"kinship",0.13311048423156,0.157095980311731,0.125,840,160
0.3,14,"within_cycle","y",6,"random",0.210479284669292,0.202327434665417,0.35,1040,160
0.3,14,"within_cycle","y",6,"default",0.209552064580068,0.172870033985703,0.375,1040,160
0.3,14,"within_cycle","y",6,"coverage",0.199808594331577,0.174279268721434,0.375,1040,160
0.3,14,"within_cycle","y",6,"kinship",0.193818611008534,0.184680065627564,0.25,1040,160
0.3,14,"from_history","y",2,"random",0.216920187977079,0.214244656116403,0.08,100,200
0.3,14,"from_history","y",2,"default",0.266358804906521,0.258187954698868,0.1,100,200
0.3,14,"from_history","y",2,"coverage",0.2562378186511,0.237140928523213,0.1,100,200
0.3,14,"from_history","y",2,"kinship",0.229514739618181,0.236942923573089,0.05,100,200
0.3,14,"from_history","y",3,"random",0.174828001084988,0.183480387009675,0.18,100,200
0.3,14,"from_history","y",3,"default",0.209391815808508,0.202173554338859,0.15,100,200
0.3,14,"from_history","y",3,"coverage",0.124631464632896,0.141189529738243,0.05,100,200
0.3,14,"from_history","y",3,"kinship",0.198641710402977,0.208082202055051,0.15,100,200
0.3,14,"from_history","y",4,"random",0.113662998798331,0.105478736968424,0.18,100,200
0.3,14,"from_history","y",4,"default",0.380702223791885,0.393648841221031,0.25,100,200
0.3,14,"from_history","y",4,"coverage",0.0189343377507546,0.0127233180829521,0,100,200
0.3,14,"from_history","y",4,"kinship",0.27611541721737,0.273861846546164,0.3,100,200
0.3,14,"from_history","y",5,"random",0.0383991645467169,0.0467768694217355,0.14,100,200
0.3,14,"from_history","y",5,"default",0.113108881680747,0.116051901297532,0.15,100,200
0.3,14,"from_history","y",5,"coverage",0.027616515437781,0.0427765694142354,0.15,100,200
0.3,14,"from_history","y",5,"kinship",0.0619278906806331,0.0770614265356634,0.15,100,200
0.3,14,"from_history","y",6,"random",0.0951236717160664,0.0815093377334433,0.15,100,200
0.3,14,"from_history","y",6,"default",0.0545274300526991,0.0359543988599715,0.1,100,200
0.3,14,"from_history","y",6,"coverage",0.146545358085727,0.141399534988375,0.15,100,200
0.3,14,"from_history","y",6,"kinship",0.170473561239181,0.168200705017625,0.2,100,200
0.3,15,"within_cycle","y",2,"random",0.160124731876502,0.143520450017579,0.15,240,160
0.3,15,"within_cycle","y",2,"default",0.200665433252597,0.187006328372202,0.125,240,160
0.3,15,"within_cycle","y",2,"coverage",0.166429142721578,0.16953591937185,0.125,240,160
0.3,15,"within_cycle","y",2,"kinship",0.191536419713347,0.172046759639048,0.1875,240,160
0.3,15,"within_cycle","y",3,"random",0.087317369340693,0.0898980428923005,0.0875,440,160
0.3,15,"within_cycle","y",3,"default",0.0975901184434894,0.100776397515528,0.125,440,160
0.3,15,"within_cycle","y",3,"coverage",0.122765334454908,0.142265322864174,0.125,440,160
0.3,15,"within_cycle","y",3,"kinship",0.0532865054072975,0.0435339271065276,0.0625,440,160
0.3,15,"within_cycle","y",4,"random",0.214683384228664,0.196978788233915,0.275,640,160
0.3,15,"within_cycle","y",4,"default",0.253086413323692,0.220452947380757,0.3125,640,160
0.3,15,"within_cycle","y",4,"coverage",0.209367569895186,0.181846947146373,0.3125,640,160
0.3,15,"within_cycle","y",4,"kinship",0.227789393384523,0.225539083557951,0.3125,640,160
0.3,15,"within_cycle","y",5,"random",0.225171034631352,0.199590999648424,0.2625,840,160
0.3,15,"within_cycle","y",5,"default",0.23639289785718,0.221876831126216,0.125,840,160
0.3,15,"within_cycle","y",5,"coverage",0.271289451033598,0.227657330364467,0.25,840,160
0.3,15,"within_cycle","y",5,"kinship",0.257032766749522,0.227358490566038,0.125,840,160
0.3,15,"within_cycle","y",6,"random",0.107085217194392,0.115500996132661,0,1040,160
0.3,15,"within_cycle","y",6,"default",0.108028638053544,0.122199109340209,0,1040,160
0.3,15,"within_cycle","y",6,"coverage",0.0175306764722307,0.00492499707019805,0,1040,160
0.3,15,"within_cycle","y",6,"kinship",0.113395976001313,0.107643853275519,0,1040,160
0.3,15,"from_history","y",2,"random",0.0990253506246555,0.0775123378084452,0.12,100,200
0.3,15,"from_history","y",2,"default",0.0902674050923018,0.0497742443561089,0.1,100,200
0.3,15,"from_history","y",2,"coverage",0.159310109632795,0.143115577889447,0.05,100,200
0.3,15,"from_history","y",2,"kinship",0.0180708822680919,-0.00553963849096227,0.1,100,200
0.3,15,"from_history","y",3,"random",0.00467706424629148,-0.00724518112952824,0.09,100,200
0.3,15,"from_history","y",3,"default",0.0778926573334558,0.0706202655066377,0.1,100,200
0.3,15,"from_history","y",3,"coverage",0.0445130964882081,0.0362124053101328,0.1,100,200
0.3,15,"from_history","y",3,"kinship",0.026050826081284,0.00717317932948324,0.1,100,200
0.3,15,"from_history","y",4,"random",0.0747426743145393,0.0676546913672842,0.15,100,200
0.3,15,"from_history","y",4,"default",0.104069933389492,0.13729543238581,0.15,100,200
0.3,15,"from_history","y",4,"coverage",-0.0433074500731895,-0.0312892822320558,0.05,100,200
0.3,15,"from_history","y",4,"kinship",0.0925116724502356,0.129705242631066,0.2,100,200
0.3,15,"from_history","y",5,"random",0.0798362887341371,0.0791266781669542,0.08,100,200
0.3,15,"from_history","y",5,"default",0.211803236532731,0.198174454361359,0.25,100,200
0.3,15,"from_history","y",5,"coverage",-0.00396138089517895,-0.02139203480087,0.05,100,200
0.3,15,"from_history","y",5,"kinship",0.134515655718225,0.131338783469587,0.1,100,200
0.3,15,"from_history","y",6,"random",-0.0023170288961987,-0.0112907822695567,0.08,100,200
0.3,15,"from_history","y",6,"default",-0.0699112260302193,-0.0414400360009,0.05,100,200
0.3,15,"from_history","y",6,"coverage",0.027284222962614,0.0554113852846321,0.05,100,200
0.3,15,"from_history","y",6,"kinship",-0.0709513638494519,-0.066793669841746,0.05,100,200
0.3,16,"within_cycle","y",2,"random",0.147679317883615,0.174593929450369,0.0375,240,160
0.3,16,"within_cycle","y",2,"default",0.115244924304476,0.116852220789875,0.0625,240,160
0.3,16,"within_cycle","y",2,"coverage",0.135664650219295,0.156102777452244,0.0625,240,160
0.3,16,"within_cycle","y",2,"kinship",0.117716914601424,0.122035040431267,0,240,160
0.3,16,"within_cycle","y",3,"random",0.182621501312035,0.230486933083324,0.1125,440,160
0.3,16,"within_cycle","y",3,"default",0.204856015539431,0.300761748505801,0.0625,440,160
0.3,16,"within_cycle","y",3,"coverage",0.246087637235575,0.322582913395054,0.125,440,160
0.3,16,"within_cycle","y",3,"kinship",0.167194771483621,0.242883511074651,0.0625,440,160
0.3,16,"within_cycle","y",4,"random",0.0543988538208771,0.0816406890894175,0.1,640,160
0.3,16,"within_cycle","y",4,"default",-0.0174889947502235,-0.0200134770889488,0.125,640,160
0.3,16,"within_cycle","y",4,"coverage",0.0328111913084514,0.0690261338333528,0.125,640,160
0.3,16,"within_cycle","y",4,"kinship",0.0604069936203667,0.0758262041485995,0,640,160
0.3,16,"within_cycle","y",5,"random",0.0886607181922687,0.122434079456229,0.05,840,160
0.3,16,"within_cycle","y",5,"default",0.103053799283951,0.143876713934138,0.125,840,160
0.3,16,"within_cycle","y",5,"coverage",0.0899718975230825,0.121311379350756,0,840,160
0.3,16,"within_cycle","y",5,"kinship",0.147174744556438,0.148848587835462,0.125,840,160
0.3,16,"within_cycle","y",6,"random",0.099264089170376,0.0736030704324388,0.1125,1040,160
0.3,16,"within_cycle","y",6,"default",0.0503096627289248,0.0272120004687683,0.0625,1040,160
0.3,16,"within_cycle","y",6,"coverage",0.182379695773755,0.148376889722255,0.1875,1040,160
0.3,16,"within_cycle","y",6,"kinship",0.126051001621389,0.0870649244111098,0.1875,1040,160
0.3,16,"from_history","y",2,"random",0.126564592636841,0.134845571139279,0.06,100,200
0.3,16,"from_history","y",2,"default",0.127311541069543,0.113870846771169,0.1,100,200
0.3,16,"from_history","y",2,"coverage",0.162210642774224,0.159330983274582,0.2,100,200
0.3,16,"from_history","y",2,"kinship",-0.00903301093230082,-0.0240231005775144,0.2,100,200
0.3,16,"from_history","y",3,"random",0.168067506001608,0.184939323483087,0.12,100,200
0.3,16,"from_history","y",3,"default",0.157579294526531,0.19179179479487,0.1,100,200
0.3,16,"from_history","y",3,"coverage",0.164751256223437,0.198051451286282,0.15,100,200
0.3,16,"from_history","y",3,"kinship",-0.122716573803862,-0.167092177304433,0,100,200
0.3,16,"from_history","y",4,"random",-0.0848067422450569,-0.0979200480012,0.06,100,200
0.3,16,"from_history","y",4,"default",-0.0142497312126268,0.0258411460286507,0.1,100,200
0.3,16,"from_history","y",4,"coverage",-0.0673005912383522,-0.089627240681017,0.15,100,200
0.3,16,"from_history","y",4,"kinship",0.0641811528946598,0.0878451961299033,0.15,100,200
0.3,16,"from_history","y",5,"random",-0.0264001552134717,-0.0388275706892672,0.11,100,200
0.3,16,"from_history","y",5,"default",0.1419376966276,0.142167554188855,0.1,100,200
0.3,16,"from_history","y",5,"coverage",-0.0348220614745754,-0.0562454061351534,0.2,100,200
0.3,16,"from_history","y",5,"kinship",-0.00990709827720592,0.00906622665566639,0.15,100,200
0.3,16,"from_history","y",6,"random",0.00448757438538555,0.00259986499662492,0.12,100,200
0.3,16,"from_history","y",6,"default",0.119093504928,0.104627615690392,0.1,100,200
0.3,16,"from_history","y",6,"coverage",-0.0610114553245898,-0.0476741918547964,0.05,100,200
0.3,16,"from_history","y",6,"kinship",0.055006568337829,0.0540328508212705,0.1,100,200
0.3,17,"within_cycle","y",2,"random",0.203484459142104,0.245776397515528,0.1625,240,160
0.3,17,"within_cycle","y",2,"default",0.234891920921702,0.264417555373257,0.25,240,160
0.3,17,"within_cycle","y",2,"coverage",0.13728144500646,0.144424586897926,0.125,240,160
0.3,17,"within_cycle","y",2,"kinship",0.180859665700721,0.182705379116372,0.125,240,160
0.3,17,"within_cycle","y",3,"random",0.251986407665439,0.231713934138052,0.2,440,160
0.3,17,"within_cycle","y",3,"default",0.227194456252339,0.225392593460682,0.125,440,160
0.3,17,"within_cycle","y",3,"coverage",0.230353270404649,0.249715809211297,0.0625,440,160
0.3,17,"within_cycle","y",3,"kinship",0.217918520591232,0.214247626860424,0.1875,440,160
0.3,17,"within_cycle","y",4,"random",0.227778888235892,0.203165943982187,0.125,640,160
0.3,17,"within_cycle","y",4,"default",0.263225569289733,0.241368803468885,0.125,640,160
0.3,17,"within_cycle","y",4,"coverage",0.216643986119835,0.197703035274815,0,640,160
0.3,17,"within_cycle","y",4,"kinship",0.213995337631367,0.167660846126802,0.125,640,160
0.3,17,"within_cycle","y",5,"random",0.163894885252269,0.177472752841908,0.275,840,160
0.3,17,"within_cycle","y",5,"default",0.198862959264645,0.224346654166178,0.25,840,160
0.3,17,"within_cycle","y",5,"coverage",0.114467903732687,0.121519395288878,0.3125,840,160
0.3,17,"within_cycle","y",5,"kinship",0.154277501376676,0.189191960623462,0.3125,840,160
0.3,17,"within_cycle","y",6,"random",0.238481567312809,0.225809797257705,0.2,1040,160
0.3,17,"within_cycle","y",6,"default",0.213528282094492,0.182860658619477,0.25,1040,160
0.3,17,"within_cycle","y",6,"coverage",0.212226347103349,0.200029298019454,0.125,1040,160
0.3,17,"within_cycle","y",6,"kinship",0.266117459534354,0.22658209305051,0.3125,1040,160
0.3,17,"from_history","y",2,"random",0.160097203552215,0.17804845121128,0.14,100,200
0.3,17,"from_history","y",2,"default",0.223611902513374,0.245817145428636,0.05,100,200
0.3,17,"from_history","y",2,"coverage",0.01307573039469,0.00556663916597915,0.2,100,200
0.3,17,"from_history","y",2,"kinship",0.167666821162994,0.189960249006225,0.1,100,200
0.3,17,"from_history","y",3,"random",0.157838221197298,0.14806360159004,0.17,100,200
0.3,17,"from_history","y",3,"default",0.211296806858381,0.190153753843846,0.05,100,200
0.3,17,"from_history","y",3,"coverage",0.112208364129017,0.112835820895522,0,100,200
0.3,17,"from_history","y",3,"kinship",0.131404478985771,0.17767944198605,0.1,100,200
0.3,17,"from_history","y",4,"random",0.16909030605527,0.157706742668567,0.09,100,200
0.3,17,"from_history","y",4,"default",0.11422225828443,0.0976359408985225,0.05,100,200
0.3,17,"from_history","y",4,"coverage",-0.00154589097921405,-0.0056686417160429,0.2,100,200
0.3,17,"from_history","y",4,"kinship",0.116830164367202,0.119116477911948,0.2,100,200
0.3,17,"from_history","y",5,"random",-0.00765819999527185,-0.0230618765469137,0.13,100,200
0.3,17,"from_history","y",5,"default",0.236211376603053,0.213762844071102,0.1,100,200
0.3,17,"from_history","y",5,"coverage",-0.00766891796826005,0.00753468836720918,0.1,100,200
0.3,17,"from_history","y",5,"kinship",0.243367799620858,0.236566414160354,0.2,100,200
0.3,17,"from_history","y",6,"random",0.028029065178412,0.0334676366909173,0.07,100,200
0.3,17,"from_history","y",6,"default",0.111013639716248,0.112496812420311,0.15,100,200
0.3,17,"from_history","y",6,"coverage",0.100459296401743,0.0817115427885697,0.05,100,200
0.3,17,"from_history","y",6,"kinship",0.0992541846889354,0.109082727068177,0.15,100,200
0.3,18,"within_cycle","y",2,"random",0.237073319780892,0.219726356498301,0.1875,240,160
0.3,18,"within_cycle","y",2,"default",0.304863258345751,0.293727294034923,0.25,240,160
0.3,18,"within_cycle","y",2,"coverage",0.24366725491567,0.24566682292277,0.25,240,160
0.3,18,"within_cycle","y",2,"kinship",0.216360886560519,0.207306926051799,0.125,240,160
0.3,18,"within_cycle","y",3,"random",0.369669103360788,0.359223016524083,0.225,440,160
0.3,18,"within_cycle","y",3,"default",0.366779272223371,0.308598968709715,0.3125,440,160
0.3,18,"within_cycle","y",3,"coverage",0.327932534833879,0.302003984530646,0.25,440,160
0.3,18,"within_cycle","y",3,"kinship",0.356554378250053,0.292605179889839,0.25,440,160
0.3,18,"within_cycle","y",4,"random",0.293817044925408,0.286196531114497,0.1875,640,160
0.3,18,"within_cycle","y",4,"default",0.258483403269426,0.22575588890191,0.0625,640,160
0.3,18,"within_cycle","y",4,"coverage",0.323938894964032,0.304511894995898,0.0625,640,160
0.3,18,"within_cycle","y",4,"kinship",0.337611956483428,0.31199460916442,0.125,640,160
0.3,18,"within_cycle","y",5,"random",0.215246352517075,0.222441696941287,0.2,840,160
0.3,18,"within_cycle","y",5,"default",0.314968946601055,0.328665182233681,0.375,840,160
0.3,18,"within_cycle","y",5,"coverage",0.275076531517147,0.28525430680886,0.1875,840,160
0.3,18,"within_cycle","y",5,"kinship",0.261780241881918,0.29064807219032,0.1875,840,160
0.3,18,"within_cycle","y",6,"random",0.221698751642417,0.242011016055315,0.1625,1040,160
0.3,18,"within_cycle","y",6,"default",0.229581703070877,0.245499824211883,0.25,1040,160
0.3,18,"within_cycle","y",6,"coverage",0.165239558754835,0.172149302707137,0.1875,1040,160
0.3,18,"within_cycle","y",6,"kinship",0.257585273078389,0.265891245751787,0.1875,1040,160
0.3,18,"from_history","y",2,"random",0.190447490242244,0.185274731868297,0.2,100,200
0.3,18,"from_history","y",2,"default",0.234983394416685,0.212801320033001,0.25,100,200
0.3,18,"from_history","y",2,"coverage",0.150335440907383,0.146456161404035,0.1,100,200
0.3,18,"from_history","y",2,"kinship",0.0605784831905904,0.0410110252756319,0.1,100,200
0.3,18,"from_history","y",3,"random",0.0842306164012091,0.0730812270306758,0.06,100,200
0.3,18,"from_history","y",3,"default",0.154043211494599,0.125304132603315,0.1,100,200
0.3,18,"from_history","y",3,"coverage",0.163263560773257,0.161243531088277,0.3,100,200
0.3,18,"from_history","y",3,"kinship",0.100769846444638,0.0859041476036901,0.05,100,200
0.3,18,"from_history","y",4,"random",0.129813699607331,0.133386634665867,0.15,100,200
0.3,18,"from_history","y",4,"default",0.127113544447728,0.139798994974874,0.1,100,200
0.3,18,"from_history","y",4,"coverage",0.175236425933644,0.159174979374484,0.2,100,200
0.3,18,"from_history","y",4,"kinship",0.218264524550109,0.192853821345534,0.25,100,200
0.3,18,"from_history","y",5,"random",-0.0146398392206152,-0.00820070501762544,0.14,100,200
0.3,18,"from_history","y",5,"default",0.167440474561607,0.187827195679892,0.15,100,200
0.3,18,"from_history","y",5,"coverage",0.0495734992535777,0.0304042601065027,0.25,100,200
0.3,18,"from_history","y",5,"kinship",0.191620270620282,0.219995499887497,0.1,100,200
0.3,18,"from_history","y",6,"random",0.0436077556592387,0.0569780244506113,0.12,100,200
0.3,18,"from_history","y",6,"default",0.0660814571067169,0.073108827720693,0.1,100,200
0.3,18,"from_history","y",6,"coverage",0.0995988449516536,0.100214505362634,0,100,200
0.3,18,"from_history","y",6,"kinship",0.156913094720466,0.181326033150829,0.15,100,200
0.3,19,"within_cycle","y",2,"random",0.156564460952079,0.173949958982773,0.0875,240,160
0.3,19,"within_cycle","y",2,"default",0.288570062210696,0.346953005976796,0.125,240,160
0.3,19,"within_cycle","y",2,"coverage",0.125234704899749,0.152045001757881,0.0625,240,160
0.3,19,"within_cycle","y",2,"kinship",0.0953251139874065,0.110793390366811,0.125,240,160
0.3,19,"within_cycle","y",3,"random",0.175005046327698,0.116221141450838,0.1875,440,160
0.3,19,"within_cycle","y",3,"default",0.181358580678185,0.155871323098559,0.1875,440,160
0.3,19,"within_cycle","y",3,"coverage",0.18080955681156,0.119591585608813,0.3125,440,160
0.3,19,"within_cycle","y",3,"kinship",0.27314502560278,0.193548576116255,0.25,440,160
0.3,19,"within_cycle","y",4,"random",0.115762714217984,0.117137583499355,0.2,640,160
0.3,19,"within_cycle","y",4,"default",0.107181263495114,0.110500410172272,0.1875,640,160
0.3,19,"within_cycle","y",4,"coverage",0.103870029870076,0.0937800304699402,0.1875,640,160
0.3,19,"within_cycle","y",4,"kinship",0.0287191803251668,0.019849408180007,0.1875,640,160
0.3,19,"within_cycle","y",5,"random",0.212247175968776,0.209090003515762,0.125,840,160
0.3,19,"within_cycle","y",5,"default",0.202904891332554,0.193686276807688,0.1875,840,160
0.3,19,"within_cycle","y",5,"coverage",0.186552366360892,0.186604945505684,0.1875,840,160
0.3,19,"within_cycle","y",5,"kinship",0.16894513098465,0.172887612797375,0.125,840,160
0.3,19,"within_cycle","y",6,"random",0.326652443062973,0.340966248681589,0.2125,1040,160
0.3,19,"within_cycle","y",6,"default",0.379487891431747,0.408587249501934,0.1875,1040,160
0.3,19,"within_cycle","y",6,"coverage",0.349940611796256,0.375251962967303,0.1875,1040,160
0.3,19,"within_cycle","y",6,"kinship",0.313915190161543,0.315132427047931,0.25,1040,160
0.3,19,"from_history","y",2,"random",-0.0238204811699711,0.00359708992724818,0.07,100,200
0.3,19,"from_history","y",2,"default",0.155497884463111,0.173719342983575,0.1,100,200
0.3,19,"from_history","y",2,"coverage",-0.221216434005826,-0.218966474161854,0,100,200
0.3,19,"from_history","y",2,"kinship",-0.0782072414889704,-0.0663826595664892,0.05,100,200
0.3,19,"from_history","y",3,"random",0.0730988534584219,0.0476471911797795,0.2,100,200
0.3,19,"from_history","y",3,"default",0.179938973110659,0.123591089777244,0.3,100,200
0.3,19,"from_history","y",3,"coverage",0.00544375890030185,-0.0145128628215705,0.05,100,200
0.3,19,"from_history","y",3,"kinship",0.0947548144514441,0.0851541288532213,0,100,200
0.3,19,"from_history","y",4,"random",0.0843231683713358,0.111973599339984,0.21,100,200
0.3,19,"from_history","y",4,"default",0.183494435751965,0.206739668491712,0.2,100,200
0.3,19,"from_history","y",4,"coverage",-0.0435535558047194,-0.0266091652291307,0.15,100,200
0.3,19,"from_history","y",4,"kinship",0.154173495319051,0.180729018225456,0.05,100,200
0.3,19,"from_history","y",5,"random",0.0927350397416471,0.0872061801545039,0.14,100,200
0.3,19,"from_history","y",5,"default",0.2235495097418,0.229939248481212,0,100,200
0.3,19,"from_history","y",5,"coverage",0.129245501024139,0.131446786169654,0.2,100,200
0.3,19,"from_history","y",5,"kinship",0.281401339407625,0.310120753018826,0.05,100,200
0.3,19,"from_history","y",6,"random",0.112492111035331,0.113790444761119,0.18,100,200
0.3,19,"from_history","y",6,"default",0.274046784293719,0.275699392484812,0.1,100,200
0.3,19,"from_history","y",6,"coverage",0.052971337641345,0.0614400360009,0.1,100,200
0.3,19,"from_history","y",6,"kinship",0.249105227712663,0.269835745893647,0.2,100,200
0.3,20,"within_cycle","y",2,"random",0.220627658316626,0.222274112270011,0.125,240,160
0.3,20,"within_cycle","y",2,"default",0.269059417190522,0.284527715926403,0.125,240,160
0.3,20,"within_cycle","y",2,"coverage",0.183668608278691,0.185230868393297,0.0625,240,160
0.3,20,"within_cycle","y",2,"kinship",0.223101014417028,0.225791046525255,0.125,240,160
0.3,20,"within_cycle","y",3,"random",0.164283594089095,0.156698113207547,0.2125,440,160
0.3,20,"within_cycle","y",3,"default",0.0682749488581739,0.0349730458221024,0.125,440,160
0.3,20,"within_cycle","y",3,"coverage",0.0938813050087648,0.0577581155513887,0.1875,440,160
0.3,20,"within_cycle","y",3,"kinship",0.122162477211992,0.129538263213407,0.25,440,160
0.3,20,"within_cycle","y",4,"random",0.465511000620966,0.484941403961092,0.25,640,160
0.3,20,"within_cycle","y",4,"default",0.471577914278892,0.479901558654635,0.25,640,160
0.3,20,"within_cycle","y",4,"coverage",0.52862833559069,0.528890776983476,0.1875,640,160
0.3,20,"within_cycle","y",4,"kinship",0.424828125691795,0.434975975624048,0.25,640,160
0.3,20,"within_cycle","y",5,"random",0.219292678876302,0.156268604242353,0.1375,840,160
0.3,20,"within_cycle","y",5,"default",0.186192319959516,0.14735731864526,0.125,840,160
0.3,20,"within_cycle","y",5,"coverage",0.196649419463255,0.155112504394703,0.125,840,160
0.3,20,"within_cycle","y",5,"kinship",0.201429905458666,0.150445329895699,0.1875,840,160
0.3,20,"within_cycle","y",6,"random",0.140893812018435,0.123431384038439,0.15,1040,160
0.3,20,"within_cycle","y",6,"default",0.114031955672302,0.107875307629204,0.1875,1040,160
0.3,20,"within_cycle","y",6,"coverage",0.108841507519447,0.11670280089066,0.125,1040,160
0.3,20,"within_cycle","y",6,"kinship",0.113519353435365,0.117195007617485,0.125,1040,160
0.3,20,"from_history","y",2,"random",0.0265286529864816,0.0410221255531388,0.12,100,200
0.3,20,"from_history","y",2,"default",0.0805551102581999,0.0971004275106878,0.2,100,200
0.3,20,"from_history","y",2,"coverage",0.0773356723888141,0.0962139053476337,0.1,100,200
0.3,20,"from_history","y",2,"kinship",0.00321000977904148,0.0372534313357834,0.15,100,200
0.3,20,"from_history","y",3,"random",0.044822196953151,0.0456713417835446,0.16,100,200
0.3,20,"from_history","y",3,"default",0.0498397858439398,0.018774469361734,0.2,100,200
0.3,20,"from_history","y",3,"coverage",0.0830434495751307,0.0870951773794345,0.2,100,200
0.3,20,"from_history","y",3,"kinship",-0.18137932369511,-0.179396984924623,0.1,100,200
0.3,20,"from_history","y",4,"random",0.125210655709831,0.138708767719193,0.09,100,200
0.3,20,"from_history","y",4,"default",0.34580116057023,0.336102902572564,0.1,100,200
0.3,20,"from_history","y",4,"coverage",0.272611675417127,0.328881722043051,0.1,100,200
0.3,20,"from_history","y",4,"kinship",0.302192396472871,0.285112127803195,0.2,100,200
0.3,20,"from_history","y",5,"random",0.0599651596823581,0.057926348158704,0.08,100,200
0.3,20,"from_history","y",5,"default",0.178493773536939,0.140699017475437,0.15,100,200
0.3,20,"from_history","y",5,"coverage",0.0227317545515517,-0.00340508512712818,0.05,100,200
0.3,20,"from_history","y",5,"kinship",0.0846872089147379,0.0771034275856897,0.1,100,200
0.3,20,"from_history","y",6,"random",0.0338898431009748,0.0322805070126753,0.12,100,200
0.3,20,"from_history","y",6,"default",0.096365111152101,0.111349283732093,0.1,100,200
0.3,20,"from_history","y",6,"coverage",0.0380849372256924,0.0473846846171154,0.15,100,200
0.3,20,"from_history","y",6,"kinship",0.0498997213265369,0.0387099677491937,0.15,100,200
0.6,1,"within_cycle","y",2,"random",0.228094016039334,0.193257353802883,0.175,240,160
0.6,1,"within_cycle","y",2,"default",0.238542165121365,0.199958982772765,0.125,240,160
0.6,1,"within_cycle","y",2,"coverage",0.234015886694972,0.227859486698699,0.25,240,160
0.6,1,"within_cycle","y",2,"kinship",0.171468694159355,0.161493613031759,0.125,240,160
0.6,1,"within_cycle","y",3,"random",0.31606476110428,0.27507617485058,0.175,440,160
0.6,1,"within_cycle","y",3,"default",0.318661093376559,0.242830774639634,0.25,440,160
0.6,1,"within_cycle","y",3,"coverage",0.321462744722744,0.293378647603422,0.3125,440,160
0.6,1,"within_cycle","y",3,"kinship",0.264831565363291,0.218674557599906,0.125,440,160
0.6,1,"within_cycle","y",4,"random",0.439173966945437,0.428334114613852,0.3,640,160
0.6,1,"within_cycle","y",4,"default",0.450249477525111,0.42243349349584,0.5,640,160
0.6,1,"within_cycle","y",4,"coverage",0.453602441472337,0.451913160670339,0.3125,640,160
0.6,1,"within_cycle","y",4,"kinship",0.465491609411667,0.449481425055666,0.4375,640,160
0.6,1,"within_cycle","y",5,"random",0.50605693103921,0.508946443220438,0.275,840,160
0.6,1,"within_cycle","y",5,"default",0.47972220194348,0.478612445798664,0.25,840,160
0.6,1,"within_cycle","y",5,"coverage",0.48020614262085,0.488022969647252,0.1875,840,160
0.6,1,"within_cycle","y",5,"kinship",0.488755751195566,0.494178483534513,0.4375,840,160
0.6,1,"within_cycle","y",6,"random",0.256199472950201,0.239281026602602,0.3,1040,160
0.6,1,"within_cycle","y",6,"default",0.21507912472464,0.193695066213524,0.25,1040,160
0.6,1,"within_cycle","y",6,"coverage",0.228291641546181,0.195288878471815,0.3125,1040,160
0.6,1,"within_cycle","y",6,"kinship",0.304174557953989,0.274340794562288,0.3125,1040,160
0.6,1,"from_history","y",2,"random",0.165543574578944,0.150968874221856,0.14,100,200
0.6,1,"from_history","y",2,"default",0.142474619839906,0.134656866421661,0.05,100,200
0.6,1,"from_history","y",2,"coverage",0.0214788262496982,0.014644866121653,0.05,100,200
0.6,1,"from_history","y",2,"kinship",0.0248836286789875,0.0188794719867997,0.05,100,200
0.6,1,"from_history","y",3,"random",0.102007583692947,0.0942221555538889,0.11,100,200
0.6,1,"from_history","y",3,"default",0.205138125444375,0.202074551863797,0.1,100,200
0.6,1,"from_history","y",3,"coverage",0.287369786894346,0.265862146553664,0.15,100,200
0.6,1,"from_history","y",3,"kinship",-0.0573769595630261,-0.0782434560864022,0.1,100,200
0.6,1,"from_history","y",4,"random",0.13471181457317,0.139889897247431,0.1,100,200
0.6,1,"from_history","y",4,"default",0.463356459396897,0.455267381684542,0.4,100,200
0.6,1,"from_history","y",4,"coverage",0.100673789874913,0.130380259506488,0.1,100,200
0.6,1,"from_history","y",4,"kinship",0.378181209265352,0.37227180679517,0.3,100,200
0.6,1,"from_history","y",5,"random",0.224361935146381,0.250295657391435,0.2,100,200
0.6,1,"from_history","y",5,"default",0.320370029117031,0.364629115727893,0.25,100,200
0.6,1,"from_history","y",5,"coverage",0.184441407977594,0.197271431785795,0.25,100,200
0.6,1,"from_history","y",5,"kinship",0.372634688363361,0.395492387309683,0.35,100,200
0.6,1,"from_history","y",6,"random",0.015429383454463,0.0125268131703293,0.06,100,200
0.6,1,"from_history","y",6,"default",0.204235928361449,0.174647866196655,0.2,100,200
0.6,1,"from_history","y",6,"coverage",0.110574015847363,0.107992199804995,0.15,100,200
0.6,1,"from_history","y",6,"kinship",0.0785715519317415,0.0772984324608115,0.15,100,200
0.6,2,"within_cycle","y",2,"random",0.3789577273123,0.363521621938357,0.2,240,160
0.6,2,"within_cycle","y",2,"default",0.356188190580705,0.317444040782843,0.125,240,160
0.6,2,"within_cycle","y",2,"coverage",0.382466150338698,0.351438532755186,0.1875,240,160
0.6,2,"within_cycle","y",2,"kinship",0.340094869028939,0.339704675963905,0.25,240,160
0.6,2,"within_cycle","y",3,"random",0.312260029467014,0.325189851166061,0.3,440,160
0.6,2,"within_cycle","y",3,"default",0.313902711506275,0.325849642564163,0.375,440,160
0.6,2,"within_cycle","y",3,"coverage",0.364081788773182,0.398438415563108,0.375,440,160
0.6,2,"within_cycle","y",3,"kinship",0.266507514798661,0.290826790108989,0.25,440,160
0.6,2,"within_cycle","y",4,"random",0.340644991487461,0.32390073831009,0.2,640,160
0.6,2,"within_cycle","y",4,"default",0.363959596019858,0.348376889722255,0.25,640,160
0.6,2,"within_cycle","y",4,"coverage",0.390674061766368,0.365601195359194,0.125,640,160
0.6,2,"within_cycle","y",4,"kinship",0.412724776816183,0.430367397163952,0.125,640,160
0.6,2,"within_cycle","y",5,"random",0.515593412050457,0.447860072659088,0.25,840,160
0.6,2,"within_cycle","y",5,"default",0.518105368105503,0.477671979374194,0.375,840,160
0.6,2,"within_cycle","y",5,"coverage",0.50067649688031,0.460948669869917,0.1875,840,160
0.6,2,"within_cycle","y",5,"kinship",0.530542689001833,0.46889429274581,0.1875,840,160
0.6,2,"within_cycle","y",6,"random",0.243094693272699,0.199899800773468,0.1625,1040,160
0.6,2,"within_cycle","y",6,"default",0.271025669040424,0.24400269541779,0.125,1040,160
0.6,2,"within_cycle","y",6,"coverage",0.228408633881308,0.179878120239072,0.1875,1040,160
0.6,2,"within_cycle","y",6,"kinship",0.235369007402318,0.185116606117426,0.1875,1040,160
0.6,2,"from_history","y",2,"random",0.210013680295127,0.207756093902348,0.17,100,200
0.6,2,"from_history","y",2,"default",0.373632730127164,0.354284857121428,0.2,100,200
0.6,2,"from_history","y",2,"coverage",0.364163439017964,0.349564239105978,0.2,100,200
0.6,2,"from_history","y",2,"kinship",0.0152059065663809,0.0118202955073877,0.1,100,200
0.6,2,"from_history","y",3,"random",0.184479769065796,0.19339233480837,0.17,100,200
0.6,2,"from_history","y",3,"default",0.111002269283076,0.125172129303233,0.15,100,200
0.6,2,"from_history","y",3,"coverage",-0.05236134137265,-0.0774979374484362,0.15,100,200
0.6,2,"from_history","y",3,"kinship",-0.0575766023735178,-0.057862446561164,0,100,200
0.6,2,"from_history","y",4,"random",0.166826525653883,0.165068026700668,0.17,100,200
0.6,2,"from_history","y",4,"default",0.2692015677186,0.275790894772369,0.15,100,200
0.6,2,"from_history","y",4,"coverage",0.157397578590805,0.172504312607815,0.05,100,200
0.6,2,"from_history","y",4,"kinship",0.283007633928108,0.282613065326633,0.15,100,200
0.6,2,"from_history","y",5,"random",0.155295994974365,0.135654691367284,0.09,100,200
0.6,2,"from_history","y",5,"default",0.225929599043215,0.161044026100653,0.05,100,200
0.6,2,"from_history","y",5,"coverage",0.12224925342694,0.110617265431636,0.15,100,200
0.6,2,"from_history","y",5,"kinship",0.0743493998158634,0.060361509037726,0.1,100,200
0.6,2,"from_history","y",6,"random",0.125054517000088,0.118906172654316,0.16,100,200
0.6,2,"from_history","y",6,"default",0.0523277625447278,0.0560729018225456,0.15,100,200
0.6,2,"from_history","y",6,"coverage",0.170462014955525,0.180147003675092,0.1,100,200
0.6,2,"from_history","y",6,"kinship",0.12152179680022,0.133954848871222,0.15,100,200
0.6,3,"within_cycle","y",2,"random",0.484678911441909,0.463922418844486,0.325,240,160
0.6,3,"within_cycle","y",2,"default",0.522947703670186,0.499071252783312,0.375,240,160
0.6,3,"within_cycle","y",2,"coverage",0.496237268155654,0.479766787765147,0.3125,240,160
0.6,3,"within_cycle","y",2,"kinship",0.431250604892139,0.407652642681355,0.25,240,160
0.6,3,"within_cycle","y",3,"random",0.262828276810952,0.20763623579046,0.325,440,160
0.6,3,"within_cycle","y",3,"default",0.269893855448623,0.195971522325091,0.3125,440,160
0.6,3,"within_cycle","y",3,"coverage",0.280282128657444,0.235737724129849,0.25,440,160
0.6,3,"within_cycle","y",3,"kinship",0.244592334676082,0.202200281260987,0.25,440,160
0.6,3,"within_cycle","y",4,"random",0.386027873495517,0.370159381225829,0.325,640,160
0.6,3,"within_cycle","y",4,"default",0.405484117398506,0.38536856908473,0.5,640,160
0.6,3,"within_cycle","y",4,"coverage",0.359951829325804,0.340733036446736,0.3125,640,160
0.6,3,"within_cycle","y",4,"kinship",0.37752307965286,0.348286065861948,0.3125,640,160
0.6,3,"within_cycle","y",5,"random",0.397639045151908,0.375013477088949,0.2,840,160
0.6,3,"within_cycle","y",5,"default",0.3851942530157,0.336851048869096,0.25,840,160
0.6,3,"within_cycle","y",5,"coverage",0.410512106475297,0.370643384507207,0.3125,840,160
0.6,3,"within_cycle","y",5,"kinship",0.421967166992617,0.401426813547404,0.3125,840,160
0.6,3,"within_cycle","y",6,"random",0.323909706760159,0.298973983358725,0.175,1040,160
0.6,3,"within_cycle","y",6,"default",0.293323357558949,0.283086253369272,0.125,1040,160
0.6,3,"within_cycle","y",6,"coverage",0.371260218684425,0.337984882221962,0.1875,1040,160
0.6,3,"within_cycle","y",6,"kinship",0.231819818256904,0.22447263564983,0.25,1040,160
0.6,3,"from_history","y",2,"random",0.254245370992977,0.238971274281857,0.14,100,200
0.6,3,"from_history","y",2,"default",0.408538115391945,0.396024900622516,0.35,100,200
0.6,3,"from_history","y",2,"coverage",0.379137847702989,0.403615090377259,0.25,100,200
0.6,3,"from_history","y",2,"kinship",-0.00720013251178197,0.0208280207005175,0.15,100,200
0.6,3,"from_history","y",3,"random",0.176443331711444,0.153607440186005,0.12,100,200
0.6,3,"from_history","y",3,"default",0.240329346103349,0.212654316357909,0.3,100,200
0.6,3,"from_history","y",3,"coverage",0.148073760248867,0.119114977874447,0.15,100,200
0.6,3,"from_history","y",3,"kinship",0.208435163652715,0.175112877821946,0.25,100,200
0.6,3,"from_history","y",4,"random",0.0357619636308895,0.0158067951698793,0.15,100,200
0.6,3,"from_history","y",4,"default",0.235385641324996,0.267234680867022,0.15,100,200
0.6,3,"from_history","y",4,"coverage",0.371322415559377,0.326675166879172,0.35,100,200
0.6,3,"from_history","y",4,"kinship",0.08958858384518,0.131841296032401,0.1,100,200
0.6,3,"from_history","y",5,"random",0.0459629303801838,0.036340808520213,0.13,100,200
0.6,3,"from_history","y",5,"default",0.365769121906684,0.349223730593265,0.15,100,200
0.6,3,"from_history","y",5,"coverage",0.315848011724751,0.286355658891472,0.3,100,200
0.6,3,"from_history","y",5,"kinship",0.273732647802331,0.256977424435611,0.25,100,200
0.6,3,"from_history","y",6,"random",0.142047138229572,0.131425485637141,0.19,100,200
0.6,3,"from_history","y",6,"default",0.325028352079824,0.318693467336683,0.2,100,200
0.6,3,"from_history","y",6,"coverage",0.105874502634143,0.132967824195605,0.15,100,200
0.6,3,"from_history","y",6,"kinship",0.235731279259989,0.230902272556814,0.3,100,200
0.6,4,"within_cycle","y",2,"random",0.395799229793347,0.356129731630142,0.3125,240,160
0.6,4,"within_cycle","y",2,"default",0.360879168436938,0.318935309973046,0.3125,240,160
0.6,4,"within_cycle","y",2,"coverage",0.401554380128527,0.384721082854799,0.1875,240,160
0.6,4,"within_cycle","y",2,"kinship",0.25737388973767,0.201327200281261,0.25,240,160
0.6,4,"within_cycle","y",3,"random",0.459477079596045,0.461039493730224,0.2375,440,160
0.6,4,"within_cycle","y",3,"default",0.444265723039727,0.447081917262393,0.25,440,160
0.6,4,"within_cycle","y",3,"coverage",0.438991238430299,0.42194421657096,0.1875,440,160
0.6,4,"within_cycle","y",3,"kinship",0.394889140998178,0.400404312668464,0.125,440,160
0.6,4,"within_cycle","y",4,"random",0.53540333114778,0.53282081331302,0.2,640,160
0.6,4,"within_cycle","y",4,"default",0.543500433328589,0.522638579632017,0.25,640,160
0.6,4,"within_cycle","y",4,"coverage",0.545032228498133,0.547708894878706,0.3125,640,160
0.6,4,"within_cycle","y",4,"kinship",0.519127018437543,0.509117543654049,0.1875,640,160
0.6,4,"within_cycle","y",5,"random",0.33222219663883,0.295849642564163,0.3625,840,160
0.6,4,"within_cycle","y",5,"default",0.405043202109921,0.363336458455408,0.3125,840,160
0.6,4,"within_cycle","y",5,"coverage",0.234846404138227,0.218006562756358,0.375,840,160
0.6,4,"within_cycle","y",5,"kinship",0.367938576333691,0.339194890425407,0.375,840,160
0.6,4,"within_cycle","y",6,"random",0.221750664120102,0.211134899040058,0.1375,1040,160
0.6,4,"within_cycle","y",6,"default",0.22584432223396,0.18644554442412,0.1875,1040,160
0.6,4,"within_cycle","y",6,"coverage",0.339171326553113,0.30764261370761,0.1875,1040,160
0.6,4,"within_cycle","y",6,"kinship",0.209919233477565,0.210652759873433,0.0625,1040,160
0.6,4,"from_history","y",2,"random",0.191473630214061,0.165706442661067,0.19,100,200
0.6,4,"from_history","y",2,"default",0.397697838577682,0.367981699542489,0.2,100,200
0.6,4,"from_history","y",2,"coverage",0.215439804424931,0.218997974949374,0.2,100,200
0.6,4,"from_history","y",2,"kinship",0.00323454382823937,0.0645721143028576,0.15,100,200
0.6,4,"from_history","y",3,"random",0.209696675835939,0.171978399459987,0.12,100,200
0.6,4,"from_history","y",3,"default",0.459934202160904,0.468724218105453,0.3,100,200
0.6,4,"from_history","y",3,"coverage",0.408323687628911,0.389420235505888,0.25,100,200
0.6,4,"from_history","y",3,"kinship",-0.0521609170122261,-0.0656401410035251,0,100,200
0.6,4,"from_history","y",4,"random",0.253729928883367,0.247952898822471,0.11,100,200
0.6,4,"from_history","y",4,"default",0.247742388315902,0.259603990099753,0.15,100,200
0.6,4,"from_history","y",4,"coverage",0.0223906966636734,0.0226250656266407,0.2,100,200
0.6,4,"from_history","y",4,"kinship",-0.0326957513623756,-0.051764794119853,0.15,100,200
0.6,4,"from_history","y",5,"random",0.187553595987281,0.147637590939774,0.16,100,200
0.6,4,"from_history","y",5,"default",0.315963404431103,0.259954998874972,0.25,100,200
0.6,4,"from_history","y",5,"coverage",0.0639023096501676,0.0576809420235506,0.2,100,200
0.6,4,"from_history","y",5,"kinship",0.237923585288766,0.18772819320483,0.25,100,200
0.6,4,"from_history","y",6,"random",0.0529149750588185,0.0503145956008509,0.06,100,200
0.6,4,"from_history","y",6,"default",0.0370316853472496,0.0112517897335888,0,100,200
0.6,4,"from_history","y",6,"coverage",-0.0487477514672217,-0.067171729672058,0.05,100,200
0.6,4,"from_history","y",6,"kinship",-0.0604589994338537,-0.0487497553062129,0.05,100,200
0.6,5,"within_cycle","y",2,"random",0.402540059968517,0.382033868510489,0.225,240,160
0.6,5,"within_cycle","y",2,"default",0.408807040972301,0.398230399624985,0.3125,240,160
0.6,5,"within_cycle","y",2,"coverage",0.387959079582156,0.360623461853979,0.25,240,160
0.6,5,"within_cycle","y",2,"kinship",0.426573444764467,0.397445212703621,0.1875,240,160
0.6,5,"within_cycle","y",3,"random",0.353938428519392,0.34142974334935,0.2875,440,160
0.6,5,"within_cycle","y",3,"default",0.352219931038351,0.357432907535451,0.1875,440,160
0.6,5,"within_cycle","y",3,"coverage",0.389860419711379,0.387020977381929,0.3125,440,160
0.6,5,"within_cycle","y",3,"kinship",0.323457970555415,0.321100433610688,0.125,440,160
0.6,5,"within_cycle","y",4,"random",0.399032435790057,0.386967069026134,0.1625,640,160
0.6,5,"within_cycle","y",4,"default",0.405051643103183,0.39773819289816,0.25,640,160
0.6,5,"within_cycle","y",4,"coverage",0.396253066212947,0.389086487753428,0.1875,640,160
0.6,5,"within_cycle","y",4,"kinship",0.424989362009069,0.402768662838392,0.125,640,160
0.6,5,"within_cycle","y",5,"random",0.205407240457906,0.192356146724481,0.1625,840,160
0.6,5,"within_cycle","y",5,"default",0.254676043738125,0.249774405250205,0.125,840,160
0.6,5,"within_cycle","y",5,"coverage",0.200107906295193,0.211798312434079,0.0625,840,160
0.6,5,"within_cycle","y",5,"kinship",0.200268283099695,0.176060588304231,0.125,840,160
0.6,5,"within_cycle","y",6,"random",0.337481020071406,0.31001933669284,0.225,1040,160
0.6,5,"within_cycle","y",6,"default",0.377387960573453,0.367326848705027,0.3125,1040,160
0.6,5,"within_cycle","y",6,"coverage",0.400045962633874,0.372398335872495,0.25,1040,160
0.6,5,"within_cycle","y",6,"kinship",0.329775378887267,0.32858314777921,0.1875,1040,160
0.6,5,"from_history","y",2,"random",0.328536347217557,0.320547513687842,0.2,100,200
0.6,5,"from_history","y",2,"default",0.306919810578924,0.288830720768019,0.2,100,200
0.6,5,"from_history","y",2,"coverage",0.22129125404992,0.221390534763369,0.15,100,200
0.6,5,"from_history","y",2,"kinship",0.074479285250373,0.0574889372234306,0.2,100,200
0.6,5,"from_history","y",3,"random",-0.0641062965968397,-0.0626550663766594,0.07,100,200
0.6,5,"from_history","y",3,"default",0.264715100990415,0.258184954623866,0.35,100,200
0.6,5,"from_history","y",3,"coverage",-0.0793801181969939,-0.0607050176254406,0.1,100,200
0.6,5,"from_history","y",3,"kinship",-0.0322232221177698,-0.0147873696842421,0,100,200
0.6,5,"from_history","y",4,"random",0.117054449462025,0.11723213080327,0.13,100,200
0.6,5,"from_history","y",4,"default",0.243958153596649,0.220574514362859,0.1,100,200
0.6,5,"from_history","y",4,"coverage",0.172634239606345,0.142478061951549,0.15,100,200
0.6,5,"from_history","y",4,"kinship",0.281466936842162,0.253002325058126,0.2,100,200
0.6,5,"from_history","y",5,"random",0.0892535146186582,0.0853512337808445,0.09,100,200
0.6,5,"from_history","y",5,"default",0.161180538781855,0.154500862521563,0.05,100,200
0.6,5,"from_history","y",5,"coverage",0.121411808118992,0.101804545113628,0.1,100,200
0.6,5,"from_history","y",5,"kinship",0.172307032183421,0.174113852846321,0.15,100,200
0.6,5,"from_history","y",6,"random",0.123625700566134,0.100930923273082,0.13,100,200
0.6,5,"from_history","y",6,"default",0.326977155685377,0.318424960624016,0.2,100,200
0.6,5,"from_history","y",6,"coverage",0.000818789390771006,-0.0181969549238731,0.15,100,200
0.6,5,"from_history","y",6,"kinship",-0.0406867273605042,-0.0529258231455787,0.2,100,200
0.6,6,"within_cycle","y",2,"random",0.248612412861007,0.253263213406774,0.2125,240,160
0.6,6,"within_cycle","y",2,"default",0.304477081303394,0.286139106996367,0.25,240,160
0.6,6,"within_cycle","y",2,"coverage",0.319504171241403,0.304245283018868,0.1875,240,160
0.6,6,"within_cycle","y",2,"kinship",0.116065178444848,0.112715340442986,0.125,240,160
0.6,6,"within_cycle","y",3,"random",0.378536781303445,0.371783077463963,0.2875,440,160
0.6,6,"within_cycle","y",3,"default",0.432698199930345,0.414399976561584,0.25,440,160
0.6,6,"within_cycle","y",3,"coverage",0.419570737327775,0.4108637056135,0.375,440,160
0.6,6,"within_cycle","y",3,"kinship",0.355665435532384,0.368032930973866,0.25,440,160
0.6,6,"within_cycle","y",4,"random",0.483678531300791,0.472025665065042,0.275,640,160
0.6,6,"within_cycle","y",4,"default",0.501478586240981,0.504963084495488,0.375,640,160
0.6,6,"within_cycle","y",4,"coverage",0.49239478160576,0.492095394351342,0.375,640,160
0.6,6,"within_cycle","y",4,"kinship",0.483328659378401,0.462129380053908,0.3125,640,160
0.6,6,"within_cycle","y",5,"random",0.452060499587704,0.412353216922536,0.325,840,160
0.6,6,"within_cycle","y",5,"default",0.424044326719375,0.413588421422712,0.25,840,160
0.6,6,"within_cycle","y",5,"coverage",0.501573113348938,0.456466072893472,0.375,840,160
0.6,6,"within_cycle","y",5,"kinship",0.432398852805339,0.410600023438416,0.375,840,160
0.6,6,"within_cycle","y",6,"random",0.250480872936695,0.247892886440877,0.2125,1040,160
0.6,6,"within_cycle","y",6,"default",0.336051988439489,0.316943044650182,0.375,1040,160
0.6,6,"within_cycle","y",6,"coverage",0.237018039002107,0.23005097855385,0.25,1040,160
0.6,6,"within_cycle","y",6,"kinship",0.253715043198446,0.249255830305871,0.25,1040,160
0.6,6,"from_history","y",2,"random",0.160106204037236,0.175434485862147,0.16,100,200
0.6,6,"from_history","y",2,"default",0.107900877961157,0.0988914722868072,0.25,100,200
0.6,6,"from_history","y",2,"coverage",0.234736438626006,0.252390309757744,0.2,100,200
0.6,6,"from_history","y",2,"kinship",-0.170387040367392,-0.142821570539264,0.05,100,200
0.6,6,"from_history","y",3,"random",0.138179584513087,0.159082877071927,0.12,100,200
0.6,6,"from_history","y",3,"default",0.239458714891588,0.246343658591465,0.15,100,200
0.6,6,"from_history","y",3,"coverage",0.275776013509236,0.289799744993625,0.05,100,200
0.6,6,"from_history","y",3,"kinship",0.133358406397884,0.162043051076277,0.2,100,200
0.6,6,"from_history","y",4,"random",0.181080747965784,0.160782719567989,0.1,100,200
0.6,6,"from_history","y",4,"default",0.397472355313899,0.384152103802595,0.2,100,200
0.6,6,"from_history","y",4,"coverage",0.226782813781871,0.199720993024826,0.15,100,200
0.6,6,"from_history","y",4,"kinship",0.393172101878141,0.37956798919973,0.25,100,200
0.6,6,"from_history","y",5,"random",0.253054272103703,0.260568214205355,0.18,100,200
0.6,6,"from_history","y",5,"default",0.307049416310963,0.273266331658292,0.2,100,200
0.6,6,"from_history","y",5,"coverage",0.0376025380960553,0.0197899947498687,0.1,100,200
0.6,6,"from_history","y",5,"kinship",0.285013344559213,0.265532138303458,0.2,100,200
0.6,6,"from_history","y",6,"random",-0.00181412685580173,-0.00271746793669842,0.11,100,200
0.6,6,"from_history","y",6,"default",0.151740650863698,0.186580664516613,0.35,100,200
0.6,6,"from_history","y",6,"coverage",0.110096733502173,0.077143928598215,0.3,100,200
0.6,6,"from_history","y",6,"kinship",0.0625032441582828,0.067995199879997,0.3,100,200
0.6,7,"within_cycle","y",2,"random",0.262517082404504,0.266055314660729,0.15,240,160
0.6,7,"within_cycle","y",2,"default",0.241563478118724,0.242332708308918,0.1875,240,160
0.6,7,"within_cycle","y",2,"coverage",0.256323652890559,0.255402554787296,0.125,240,160
0.6,7,"within_cycle","y",2,"kinship",0.131216216426077,0.122436423297785,0.125,240,160
0.6,7,"within_cycle","y",3,"random",0.263136318960213,0.275321692253604,0.2625,440,160
0.6,7,"within_cycle","y",3,"default",0.288660918637029,0.285456463143091,0.1875,440,160
0.6,7,"within_cycle","y",3,"coverage",0.240718961709607,0.287653814602133,0.1875,440,160
0.6,7,"within_cycle","y",3,"kinship",0.303595253719016,0.321680534395875,0.3125,440,160
0.6,7,"within_cycle","y",4,"random",0.35109842769308,0.347025079104653,0.1625,640,160
0.6,7,"within_cycle","y",4,"default",0.446100519379247,0.435866635415446,0.125,640,160
0.6,7,"within_cycle","y",4,"coverage",0.456144607630082,0.450873080979726,0.25,640,160
0.6,7,"within_cycle","y",4,"kinship",0.382521278400914,0.381044181413336,0.0625,640,160
0.6,7,"within_cycle","y",5,"random",0.416238565050119,0.388365170514473,0.225,840,160
0.6,7,"within_cycle","y",5,"default",0.40940349454347,0.395658033516934,0.0625,840,160
0.6,7,"within_cycle","y",5,"coverage",0.331185549908957,0.314900972694246,0.1875,840,160
0.6,7,"within_cycle","y",5,"kinship",0.400839317628603,0.361150826204149,0.3125,840,160
0.6,7,"within_cycle","y",6,"random",0.293892026108506,0.288485292394234,0.2375,1040,160
0.6,7,"within_cycle","y",6,"default",0.315843550831271,0.31568615961561,0.125,1040,160
0.6,7,"within_cycle","y",6,"coverage",0.382643192345212,0.396126801828196,0.3125,1040,160
0.6,7,"within_cycle","y",6,"kinship",0.284675409479073,0.273883745458807,0.25,1040,160
0.6,7,"from_history","y",2,"random",0.0784620679342597,0.0819554488862222,0.11,100,200
0.6,7,"from_history","y",2,"default",0.158869851862674,0.142067051676292,0.1,100,200
0.6,7,"from_history","y",2,"coverage",0.0217765721504383,0.0323918097952449,0.1,100,200
0.6,7,"from_history","y",2,"kinship",0.0407648721435389,0.0950213755343884,0.15,100,200
0.6,7,"from_history","y",3,"random",0.116217952549645,0.10838460961524,0.12,100,200
0.6,7,"from_history","y",3,"default",0.202434345969133,0.183286582164554,0.15,100,200
0.6,7,"from_history","y",3,"coverage",0.0648960762792957,0.0543853596339909,0.05,100,200
0.6,7,"from_history","y",3,"kinship",0.112880366937191,0.120924023100578,0.15,100,200
0.6,7,"from_history","y",4,"random",0.0965288949169455,0.0698297457436436,0.1,100,200
0.6,7,"from_history","y",4,"default",0.155192789467001,0.162238055951399,0.05,100,200
0.6,7,"from_history","y",4,"coverage",0.0558553107356554,0.0909427735693392,0.05,100,200
0.6,7,"from_history","y",4,"kinship",0.160044157368591,0.162730068251706,0,100,200
0.6,7,"from_history","y",5,"random",0.129732671130309,0.117629040726018,0.19,100,200
0.6,7,"from_history","y",5,"default",0.303441237318708,0.278364959123978,0.25,100,200
0.6,7,"from_history","y",5,"coverage",0.0834400175888058,0.10236855921398,0.1,100,200
0.6,7,"from_history","y",5,"kinship",0.229905923971361,0.237893947348684,0.2,100,200
0.6,7,"from_history","y",6,"random",0.0571334079695702,0.0712484812120303,0.11,100,200
0.6,7,"from_history","y",6,"default",0.14228959459445,0.142266556663917,0.1,100,200
0.6,7,"from_history","y",6,"coverage",0.0287627397558757,0.0197539938498462,0.2,100,200
0.6,7,"from_history","y",6,"kinship",0.0841581304876036,0.0594614865371634,0.1,100,200
0.6,8,"within_cycle","y",2,"random",0.424696528977514,0.407676667057307,0.25,240,160
0.6,8,"within_cycle","y",2,"default",0.371641239493103,0.356800070315247,0.3125,240,160
0.6,8,"within_cycle","y",2,"coverage",0.322223491961301,0.303096800656276,0.25,240,160
0.6,8,"within_cycle","y",2,"kinship",0.383586606720472,0.365024024375952,0.1875,240,160
0.6,8,"within_cycle","y",3,"random",0.452713717832331,0.474003867338568,0.1625,440,160
0.6,8,"within_cycle","y",3,"default",0.463921291930026,0.464637290519161,0.25,440,160
0.6,8,"within_cycle","y",3,"coverage",0.426127909486668,0.413055197468651,0.1875,440,160
0.6,8,"within_cycle","y",3,"kinship",0.395807363738842,0.402844837688972,0.0625,440,160
0.6,8,"within_cycle","y",4,"random",0.533697661142071,0.542590933102534,0.275,640,160
0.6,8,"within_cycle","y",4,"default",0.485155876888251,0.487631090518352,0.25,640,160
0.6,8,"within_cycle","y",4,"coverage",0.505471180912424,0.520280851226462,0.25,640,160
0.6,8,"within_cycle","y",4,"kinship",0.472144411876014,0.484305050978554,0.1875,640,160
0.6,8,"within_cycle","y",5,"random",0.551316859492414,0.538941755537326,0.375,840,160
0.6,8,"within_cycle","y",5,"default",0.556132884006378,0.562583499355443,0.375,840,160
0.6,8,"within_cycle","y",5,"coverage",0.565083576925971,0.5487929215985,0.3125,840,160
0.6,8,"within_cycle","y",5,"kinship",0.54813373040597,0.542570022266495,0.375,840,160
0.6,8,"within_cycle","y",6,"random",0.483761359518488,0.472768662838392,0.3,1040,160
0.6,8,"within_cycle","y",6,"default",0.496668852360958,0.473845658033517,0.25,1040,160
0.6,8,"within_cycle","y",6,"coverage",0.446787562452383,0.45003808742529,0.3125,1040,160
0.6,8,"within_cycle","y",6,"kinship",0.501520683428068,0.473836868627681,0.4375,1040,160
0.6,8,"from_history","y",2,"random",0.283976863910185,0.257714542863572,0.22,100,200
0.6,8,"from_history","y",2,"default",0.414977943485601,0.375052876321908,0.3,100,200
0.6,8,"from_history","y",2,"coverage",0.356543248678142,0.356360909022726,0.2,100,200
0.6,8,"from_history","y",2,"kinship",0.214052781801833,0.206796669916748,0.15,100,200
0.6,8,"from_history","y",3,"random",0.273158223619268,0.290234455861397,0.15,100,200
0.6,8,"from_history","y",3,"default",0.354164339198225,0.387348683717093,0.1,100,200
0.6,8,"from_history","y",3,"coverage",0.291506459885432,0.303244581114528,0.15,100,200
0.6,8,"from_history","y",3,"kinship",0.249325607176498,0.253191329783245,0.1,100,200
0.6,8,"from_history","y",4,"random",0.150777719230481,0.139010829528899,0.17,100,200
0.6,8,"from_history","y",4,"default",0.197265701026755,0.181653927588687,0.2,100,200
0.6,8,"from_history","y",4,"coverage",0.157703374519943,0.121556380076821,0.3,100,200
0.6,8,"from_history","y",4,"kinship",0.148310044047703,0.0999843245963865,0.15,100,200
0.6,8,"from_history","y",5,"random",0.119588724428515,0.119191479786995,0.13,100,200
0.6,8,"from_history","y",5,"default",0.437287501659548,0.418247956198905,0.25,100,200
0.6,8,"from_history","y",5,"coverage",0.31946824980996,0.27931148278707,0.25,100,200
0.6,8,"from_history","y",5,"kinship",0.466370869374077,0.466547663691592,0.3,100,200
0.6,8,"from_history","y",6,"random",0.22245307748953,0.209966549163729,0.14,100,200
0.6,8,"from_history","y",6,"default",0.434308928886568,0.403700592514813,0.3,100,200
0.6,8,"from_history","y",6,"coverage",0.323957239096096,0.274007350183755,0.3,100,200
0.6,8,"from_history","y",6,"kinship",0.401713309815844,0.354670366759169,0.25,100,200
0.6,9,"within_cycle","y",2,"random",0.178673979049236,0.162615727176843,0.2625,240,160
0.6,9,"within_cycle","y",2,"default",0.152812955518496,0.125714871674675,0.3125,240,160
0.6,9,"within_cycle","y",2,"coverage",0.102682570144609,0.0745107230751201,0.25,240,160
0.6,9,"within_cycle","y",2,"kinship",0.0821629088031826,0.0567942107113559,0.1875,240,160
0.6,9,"within_cycle","y",3,"random",0.197167239369977,0.19163893120825,0.1875,440,160
0.6,9,"within_cycle","y",3,"default",0.228325636585228,0.200205086136177,0.1875,440,160
0.6,9,"within_cycle","y",3,"coverage",0.186380017350581,0.127343841556311,0.1875,440,160
0.6,9,"within_cycle","y",3,"kinship",0.179449366876903,0.189206609633189,0.25,440,160
0.6,9,"within_cycle","y",4,"random",0.393022866340848,0.368655220907067,0.425,640,160
0.6,9,"within_cycle","y",4,"default",0.397881906589685,0.342362006328372,0.5625,640,160
0.6,9,"within_cycle","y",4,"coverage",0.357153752341914,0.334070666822923,0.375,640,160
0.6,9,"within_cycle","y",4,"kinship",0.360599967250815,0.34566682292277,0.4375,640,160
0.6,9,"within_cycle","y",5,"random",0.450783448575476,0.446815305285363,0.325,840,160
0.6,9,"within_cycle","y",5,"default",0.413986887253826,0.420886558068674,0.3125,840,160
0.6,9,"within_cycle","y",5,"coverage",0.439611188173953,0.434076526426813,0.375,840,160
0.6,9,"within_cycle","y",5,"kinship",0.48195852980947,0.476385796320169,0.4375,840,160
0.6,9,"within_cycle","y",6,"random",0.342485326636123,0.319874018516348,0.25,1040,160
0.6,9,"within_cycle","y",6,"default",0.354198389436179,0.350580100785187,0.25,1040,160
0.6,9,"within_cycle","y",6,"coverage",0.324599351086975,0.304503105590062,0.1875,1040,160
0.6,9,"within_cycle","y",6,"kinship",0.363523767368004,0.328460096097504,0.3125,1040,160
0.6,9,"from_history","y",2,"random",0.0626847830567241,0.0755046876171905,0.13,100,200
0.6,9,"from_history","y",2,"default",0.136835852252628,0.139120978024451,0.15,100,200
0.6,9,"from_history","y",2,"coverage",0.0777802959326051,0.065689642241056,0.25,100,200
0.6,9,"from_history","y",2,"kinship",-0.027185451560748,-0.0309142728568214,0.05,100,200
0.6,9,"from_history","y",3,"random",0.0923939947840773,0.0987669691742294,0.1,100,200
0.6,9,"from_history","y",3,"default",0.0898166685168458,0.0920873021825546,0.05,100,200
0.6,9,"from_history","y",3,"coverage",-0.00818739206370254,0.003769594239856,0.1,100,200
0.6,9,"from_history","y",3,"kinship",0.0975772133928096,0.0950318757968949,0.1,100,200
0.6,9,"from_history","y",4,"random",0.0325026821151565,0.0300838520963024,0.13,100,200
0.6,9,"from_history","y",4,"default",0.277745475395702,0.265635640891022,0.2,100,200
0.6,9,"from_history","y",4,"coverage",0.0513149230882084,0.0608775219380485,0.1,100,200
0.6,9,"from_history","y",4,"kinship",0.233420192398512,0.215624390609765,0.25,100,200
0.6,9,"from_history","y",5,"random",0.0557499174221815,0.0504558613965349,0.16,100,200
0.6,9,"from_history","y",5,"default",0.290467576061731,0.310668266706668,0.25,100,200
0.6,9,"from_history","y",5,"coverage",0.113565971656149,0.122686567164179,0,100,200
0.6,9,"from_history","y",5,"kinship",0.145387347072995,0.148113702842571,0.1,100,200
0.6,9,"from_history","y",6,"random",0.13708807141926,0.121235430885772,0.14,100,200
0.6,9,"from_history","y",6,"default",0.205011615817494,0.177140928523213,0.25,100,200
0.6,9,"from_history","y",6,"coverage",-0.0776802310814549,-0.0350693767344184,0.05,100,200
0.6,9,"from_history","y",6,"kinship",0.172307934770811,0.144746118652966,0.15,100,200
0.6,10,"within_cycle","y",2,"random",0.304795620494276,0.270485175202156,0.15,240,160
0.6,10,"within_cycle","y",2,"default",0.297279153301177,0.284346068205789,0.0625,240,160
0.6,10,"within_cycle","y",2,"coverage",0.291796964610266,0.260157623344662,0.125,240,160
0.6,10,"within_cycle","y",2,"kinship",0.336596014236145,0.288963436071721,0,240,160
0.6,10,"within_cycle","y",3,"random",0.339478792836333,0.361551623110278,0.1125,440,160
0.6,10,"within_cycle","y",3,"default",0.276205044664521,0.349232391890308,0.1875,440,160
0.6,10,"within_cycle","y",3,"coverage",0.259482695048787,0.29604183757178,0.1875,440,160
0.6,10,"within_cycle","y",3,"kinship",0.251715241150207,0.266321926637759,0.0625,440,160
0.6,10,"within_cycle","y",4,"random",0.348366788024407,0.366396343607172,0.25,640,160
0.6,10,"within_cycle","y",4,"default",0.380523354123925,0.400199226532286,0.1875,640,160
0.6,10,"within_cycle","y",4,"coverage",0.367533289628603,0.395546701043009,0.125,640,160
0.6,10,"within_cycle","y",4,"kinship",0.371447503456794,0.373206961209422,0.3125,640,160
0.6,10,"within_cycle","y",5,"random",0.345825863064829,0.34435837337396,0.2375,840,160
0.6,10,"within_cycle","y",5,"default",0.367810927203497,0.372090706668229,0.3125,840,160
0.6,10,"within_cycle","y",5,"coverage",0.320528989387541,0.31229344896285,0.1875,840,160
0.6,10,"within_cycle","y",5,"kinship",0.245901438045125,0.218862064924411,0.1875,840,160
0.6,10,"within_cycle","y",6,"random",0.249173988735192,0.23671569201922,0.1125,1040,160
0.6,10,"within_cycle","y",6,"default",0.227749233253689,0.19867865932263,0.0625,1040,160
0.6,10,"within_cycle","y",6,"coverage",0.136430412705293,0.142039728114379,0.0625,1040,160
0.6,10,"within_cycle","y",6,"kinship",0.253629366019157,0.237861830540255,0.1875,1040,160
0.6,10,"from_history","y",2,"random",0.131255809293808,0.0994161854046351,0.15,100,200
0.6,10,"from_history","y",2,"default",0.207395823905152,0.141897547438686,0.1,100,200
0.6,10,"from_history","y",2,"coverage",0.252113575601255,0.210189754743869,0.05,100,200
0.6,10,"from_history","y",2,"kinship",-0.00152478803792131,0.034524863121578,0.05,100,200
0.6,10,"from_history","y",3,"random",0.1075979664747,0.125908047701193,0.15,100,200
0.6,10,"from_history","y",3,"default",0.292323241094813,0.29068776719418,0.15,100,200
0.6,10,"from_history","y",3,"coverage",0.0655175834564747,0.117722943073577,0.05,100,200
0.6,10,"from_history","y",3,"kinship",0.174187215269865,0.226118652966324,0.15,100,200
0.6,10,"from_history","y",4,"random",0.0824306493887833,0.0753000825020626,0.2,100,200
0.6,10,"from_history","y",4,"default",0.155616815760181,0.172579314482862,0.15,100,200
0.6,10,"from_history","y",4,"coverage",0.161642550577769,0.120972024300608,0.25,100,200
0.6,10,"from_history","y",4,"kinship",0.0625171856381869,0.0622155553888847,0.1,100,200
0.6,10,"from_history","y",5,"random",0.128125022636373,0.111257781444536,0.16,100,200
0.6,10,"from_history","y",5,"default",0.336951238309672,0.31803195079877,0.2,100,200
0.6,10,"from_history","y",5,"coverage",0.0689142956966122,0.0752313807845196,0,100,200
0.6,10,"from_history","y",5,"kinship",0.253146745449056,0.231211280282007,0.25,100,200
0.6,10,"from_history","y",6,"random",-0.00332258670245537,-0.0151218780469512,0.09,100,200
0.6,10,"from_history","y",6,"default",0.0640394220372348,0.0535618390459762,0.15,100,200
0.6,10,"from_history","y",6,"coverage",0.20122690986532,0.190819770494262,0.05,100,200
0.6,10,"from_history","y",6,"kinship",0.0885059130772176,0.0745623640591015,0.05,100,200
0.6,11,"within_cycle","y",2,"random",0.433739326389764,0.384384155631079,0.2875,240,160
0.6,11,"within_cycle","y",2,"default",0.359148960190943,0.327346771358256,0.375,240,160
0.6,11,"within_cycle","y",2,"coverage",0.419791839010993,0.371164889253486,0.25,240,160
0.6,11,"within_cycle","y",2,"kinship",0.381736919333774,0.307406539317942,0.25,240,160
0.6,11,"within_cycle","y",3,"random",0.245114302996393,0.272567678424938,0.05,440,160
0.6,11,"within_cycle","y",3,"default",0.263767208717276,0.261136177194422,0.125,440,160
0.6,11,"within_cycle","y",3,"coverage",0.321652591662717,0.347911051212938,0.125,440,160
0.6,11,"within_cycle","y",3,"kinship",0.243610011833454,0.245385561936013,0.1875,440,160
0.6,11,"within_cycle","y",4,"random",0.211552182966213,0.221798312434079,0.15,640,160
0.6,11,"within_cycle","y",4,"default",0.195561980742898,0.195077932731747,0.125,640,160
0.6,11,"within_cycle","y",4,"coverage",0.203324453092547,0.208174147427634,0.125,640,160
0.6,11,"within_cycle","y",4,"kinship",0.0810319255543513,0.0836487753427868,0.1875,640,160
0.6,11,"within_cycle","y",5,"random",0.278889074690034,0.313448962850111,0.1,840,160
0.6,11,"within_cycle","y",5,"default",0.305660506988115,0.333572600492207,0.0625,840,160
0.6,11,"within_cycle","y",5,"coverage",0.24879043400921,0.304851752021563,0.0625,840,160
0.6,11,"within_cycle","y",5,"kinship",0.303848556837628,0.347782139927341,0.25,840,160
0.6,11,"within_cycle","y",6,"random",0.192388818899203,0.162651470760577,0.15,1040,160
0.6,11,"within_cycle","y",6,"default",0.219680783435693,0.201300832063752,0.125,1040,160
0.6,11,"within_cycle","y",6,"coverage",0.128115667410573,0.130516817063167,0.125,1040,160
0.6,11,"within_cycle","y",6,"kinship",0.0969167857620693,0.0722723543888433,0,1040,160
0.6,11,"from_history","y",2,"random",0.159290337618474,0.159118277956949,0.17,100,200
0.6,11,"from_history","y",2,"default",0.434339197743462,0.375694892372309,0.4,100,200
0.6,11,"from_history","y",2,"coverage",0.31707764053447,0.30284707117678,0.25,100,200
0.6,11,"from_history","y",2,"kinship",0.0598649374808421,0.0360054001350034,0.05,100,200
0.6,11,"from_history","y",3,"random",0.113290089769567,0.108738318457961,0.12,100,200
0.6,11,"from_history","y",3,"default",0.194550265719787,0.19499137478437,0.2,100,200
0.6,11,"from_history","y",3,"coverage",0.0994736351354969,0.0940478511962799,0.2,100,200
0.6,11,"from_history","y",3,"kinship",0.240497665620264,0.241636540913523,0.25,100,200
0.6,11,"from_history","y",4,"random",0.0239908795307083,0.00249246231155779,0.06,100,200
0.6,11,"from_history","y",4,"default",0.138035226855205,0.123927098177454,0.05,100,200
0.6,11,"from_history","y",4,"coverage",-0.0357538578193798,-0.0144408610215255,0,100,200
0.6,11,"from_history","y",4,"kinship",0.025874092315477,0.024851121278032,0,100,200
0.6,11,"from_history","y",5,"random",0.0581537804266846,0.0679549988749719,0.04,100,200
0.6,11,"from_history","y",5,"default",0.192507848375803,0.224188104702618,0.15,100,200
0.6,11,"from_history","y",5,"coverage",0.0912113479068457,0.119642991074777,0.05,100,200
0.6,11,"from_history","y",5,"kinship",0.0618841786934205,0.0545188629715743,0.15,100,200
0.6,11,"from_history","y",6,"random",-0.00809947324437073,-0.00272436810920272,0.1,100,200
0.6,11,"from_history","y",6,"default",0.159270094286194,0.15075226880672,0.2,100,200
0.6,11,"from_history","y",6,"coverage",-0.0033712437278735,-0.0407950198754969,0.1,100,200
0.6,11,"from_history","y",6,"kinship",0.012512337387874,0.0278106952673817,0.05,100,200
0.6,12,"within_cycle","y",2,"random",0.285774058596678,0.271898511660612,0.225,240,160
0.6,12,"within_cycle","y",2,"default",0.349897122444872,0.32892007500293,0.1875,240,160
0.6,12,"within_cycle","y",2,"coverage",0.289159386146876,0.268586663541545,0.1875,240,160
0.6,12,"within_cycle","y",2,"kinship",0.116600998588741,0.108639985936951,0.0625,240,160
0.6,12,"within_cycle","y",3,"random",0.27559674379007,0.24570549630845,0.0375,440,160
0.6,12,"within_cycle","y",3,"default",0.262752375815463,0.232151646548693,0.0625,440,160
0.6,12,"within_cycle","y",3,"coverage",0.331894322145,0.314537677253018,0.0625,440,160
0.6,12,"within_cycle","y",3,"kinship",0.232423041432392,0.201069377710067,0,440,160
0.6,12,"within_cycle","y",4,"random",0.443194156436556,0.457298722606352,0.325,640,160
0.6,12,"within_cycle","y",4,"default",0.478392982930197,0.50376772530177,0.4375,640,160
0.6,12,"within_cycle","y",4,"coverage",0.456605297570529,0.459908590179304,0.375,640,160
0.6,12,"within_cycle","y",4,"kinship",0.405216463148108,0.401743232157506,0.3125,640,160
0.6,12,"within_cycle","y",5,"random",0.444064534478397,0.424063049337865,0.225,840,160
0.6,12,"within_cycle","y",5,"default",0.44134367560057,0.438497597562405,0.1875,840,160
0.6,12,"within_cycle","y",5,"coverage",0.453021589410489,0.434647837806164,0.3125,840,160
0.6,12,"within_cycle","y",5,"kinship",0.410258472082239,0.411563928278448,0.125,840,160
0.6,12,"within_cycle","y",6,"random",0.379326453319435,0.342314543536857,0.3125,1040,160
0.6,12,"within_cycle","y",6,"default",0.381942000191869,0.340642212586429,0.3125,1040,160
0.6,12,"within_cycle","y",6,"coverage",0.420982432346696,0.378577288175319,0.4375,1040,160
0.6,12,"within_cycle","y",6,"kinship",0.384474582498671,0.353521621938357,0.3125,1040,160
0.6,12,"from_history","y",2,"random",0.075903583857942,0.064337508437711,0.15,100,200
0.6,12,"from_history","y",2,"default",0.230074232668924,0.226535663391585,0.1,100,200
0.6,12,"from_history","y",2,"coverage",0.107490657951658,0.097238430960774,0.15,100,200
0.6,12,"from_history","y",2,"kinship",-0.157457672784137,-0.181713042826071,0,100,200
0.6,12,"from_history","y",3,"random",0.131630776466084,0.118362259056476,0.05,100,200
0.6,12,"from_history","y",3,"default",0.147924036395963,0.138664966624166,0.1,100,200
0.6,12,"from_history","y",3,"coverage",0.0692796434520873,0.0332888322208055,0.25,100,200
0.6,12,"from_history","y",3,"kinship",0.155364177858883,0.139956498912473,0.05,100,200
0.6,12,"from_history","y",4,"random",0.253161813932196,0.239294082352059,0.22,100,200
0.6,12,"from_history","y",4,"default",0.0603100377566881,0.0701147528688217,0.1,100,200
0.6,12,"from_history","y",4,"coverage",0.116148986222502,0.10233555838896,0.2,100,200
0.6,12,"from_history","y",4,"kinship",-0.0448633342807274,-0.0104312607815195,0.05,100,200
0.6,12,"from_history","y",5,"random",0.158037575291356,0.150461261531538,0.11,100,200
0.6,12,"from_history","y",5,"default",0.226634339696397,0.212249306232656,0.1,100,200
0.6,12,"from_history","y",5,"coverage",0.0162096577437033,0.0160189004725118,0.1,100,200
0.6,12,"from_history","y",5,"kinship",0.322971907807454,0.331674791869797,0.1,100,200
0.6,12,"from_history","y",6,"random",0.185521788589824,0.177965049126228,0.14,100,200
0.6,12,"from_history","y",6,"default",0.319863777234302,0.284126603165079,0.3,100,200
0.6,12,"from_history","y",6,"coverage",0.22554584580549,0.238811970299258,0.15,100,200
0.6,12,"from_history","y",6,"kinship",0.363959899041993,0.354302857571439,0.3,100,200
0.6,13,"within_cycle","y",2,"random",0.288464417499484,0.267744052502051,0.1875,240,160
0.6,13,"within_cycle","y",2,"default",0.403405788957657,0.413418492909879,0.25,240,160
0.6,13,"within_cycle","y",2,"coverage",0.397827490343515,0.402405367397164,0.1875,240,160
0.6,13,"within_cycle","y",2,"kinship",0.315386353394373,0.327455174030235,0.1875,240,160
0.6,13,"within_cycle","y",3,"random",0.432764366634692,0.411172506738544,0.2875,440,160
0.6,13,"within_cycle","y",3,"default",0.492225545998849,0.484600960975038,0.25,440,160
0.6,13,"within_cycle","y",3,"coverage",0.463576951045731,0.463667526075237,0.3125,440,160
0.6,13,"within_cycle","y",3,"kinship",0.439866746907818,0.408716160787531,0.375,440,160
0.6,13,"within_cycle","y",4,"random",0.249648657103272,0.216763740771124,0.2375,640,160
0.6,13,"within_cycle","y",4,"default",0.245572731788584,0.224821282081331,0.25,640,160
0.6,13,"within_cycle","y",4,"coverage",0.282809513683968,0.267385444743935,0.125,640,160
0.6,13,"within_cycle","y",4,"kinship",0.255234494612886,0.235945740067971,0.25,640,160
0.6,13,"within_cycle","y",5,"random",0.226213247903592,0.228211062932146,0.225,840,160
0.6,13,"within_cycle","y",5,"default",0.134787561021804,0.131964139224188,0,840,160
0.6,13,"within_cycle","y",5,"coverage",0.245049460100319,0.246539903902496,0.25,840,160
0.6,13,"within_cycle","y",5,"kinship",0.204649007893947,0.217247744052502,0.3125,840,160
0.6,13,"within_cycle","y",6,"random",0.390551395402663,0.396546935427165,0.3625,1040,160
0.6,13,"within_cycle","y",6,"default",0.395100801304011,0.39442165709598,0.3125,1040,160
0.6,13,"within_cycle","y",6,"coverage",0.416627417137682,0.399938474159147,0.375,1040,160
0.6,13,"within_cycle","y",6,"kinship",0.396233679945765,0.386560998476503,0.4375,1040,160
0.6,13,"from_history","y",2,"random",0.167418051758286,0.154833270831771,0.17,100,200
0.6,13,"from_history","y",2,"default",0.198750383706589,0.202457061426536,0.15,100,200
0.6,13,"from_history","y",2,"coverage",0.172448739120638,0.141863046576164,0.2,100,200
0.6,13,"from_history","y",2,"kinship",0.0243615160041084,0.0519492987324683,0.05,100,200
0.6,13,"from_history","y",3,"random",0.189301569889125,0.176133803345084,0.17,100,200
0.6,13,"from_history","y",3,"default",0.334940230294001,0.324774619365484,0.25,100,200
0.6,13,"from_history","y",3,"coverage",0.133436236044313,0.150291757293932,0.15,100,200
0.6,13,"from_history","y",3,"kinship",0.286969966704816,0.249100727518188,0.1,100,200
0.6,13,"from_history","y",4,"random",0.053106539593078,0.0349901747543689,0.08,100,200
0.6,13,"from_history","y",4,"default",0.190480677035769,0.174874371859296,0.15,100,200
0.6,13,"from_history","y",4,"coverage",0.14029539604195,0.149609240231006,0.05,100,200
0.6,13,"from_history","y",4,"kinship",0.174179434586688,0.17646441161029,0.15,100,200
0.6,13,"from_history","y",5,"random",0.0746049140121783,0.0576269406735168,0.1,100,200
0.6,13,"from_history","y",5,"default",-0.0990340436514873,-0.0577319432985825,0.05,100,200
0.6,13,"from_history","y",5,"coverage",0.122213331149985,0.0975594389859747,0.15,100,200
0.6,13,"from_history","y",5,"kinship",-0.0893754891487648,-0.0497397434935873,0.1,100,200
0.6,13,"from_history","y",6,"random",0.108968872392048,0.100644416110403,0.1,100,200
0.6,13,"from_history","y",6,"default",0.0163632861559546,-0.00403060076501913,0.15,100,200
0.6,13,"from_history","y",6,"coverage",0.0085434542626137,-0.0135258381459537,0.05,100,200
0.6,13,"from_history","y",6,"kinship",0.213336446653107,0.179525988149704,0.3,100,200
0.6,14,"within_cycle","y",2,"random",0.152305626079939,0.132872963787648,0.1375,240,160
0.6,14,"within_cycle","y",2,"default",0.252156388272104,0.25566037735849,0.25,240,160
0.6,14,"within_cycle","y",2,"coverage",0.157914419816586,0.127730575413102,0.125,240,160
0.6,14,"within_cycle","y",2,"kinship",0.0988951018577591,0.0707605765850228,0.125,240,160
0.6,14,"within_cycle","y",3,"random",0.194614978293542,0.211967069026134,0.225,440,160
0.6,14,"within_cycle","y",3,"default",0.273131158396118,0.288099144497832,0.25,440,160
0.6,14,"within_cycle","y",3,"coverage",0.232848889948499,0.2653111449666,0.1875,440,160
0.6,14,"within_cycle","y",3,"kinship",0.149093761600556,0.164915621703973,0.25,440,160
0.6,14,"within_cycle","y",4,"random",0.187969360835217,0.152142857142857,0.225,640,160
0.6,14,"within_cycle","y",4,"default",0.156719230333088,0.115226180710184,0.3125,640,160
0.6,14,"within_cycle","y",4,"coverage",0.0747875571841201,0.0523643501699285,0.25,640,160
0.6,14,"within_cycle","y",4,"kinship",0.168560829376655,0.118572014531818,0.25,640,160
0.6,14,"within_cycle","y",5,"random",0.372141593865038,0.361127973748975,0.2875,840,160
0.6,14,"within_cycle","y",5,"default",0.310778869012449,0.281032462205555,0.25,840,160
0.6,14,"within_cycle","y",5,"coverage",0.349052190406163,0.343765381460213,0.25,840,160
0.6,14,"within_cycle","y",5,"kinship",0.337885849568816,0.327701277393648,0.25,840,160
0.6,14,"within_cycle","y",6,"random",0.402919434225663,0.381839915621704,0.1875,1040,160
0.6,14,"within_cycle","y",6,"default",0.442287648498312,0.423382749326146,0.25,1040,160
0.6,14,"within_cycle","y",6,"coverage",0.374795901320425,0.340697878823391,0.1875,1040,160
0.6,14,"within_cycle","y",6,"kinship",0.409529675136165,0.414317942107113,0.125,1040,160
0.6,14,"from_history","y",2,"random",-0.0349820873833213,-0.0447362184054601,0.13,100,200
0.6,14,"from_history","y",2,"default",0.169017969786379,0.141783544588615,0.25,100,200
0.6,14,"from_history","y",2,"coverage",0.0532933239778878,0.0444731118277957,0.15,100,200
0.6,14,"from_history","y",2,"kinship",-0.193870444880258,-0.209307732693317,0.05,100,200
0.6,14,"from_history","y",3,"random",-0.105546846129799,-0.118916972924323,0.05,100,200
0.6,14,"from_history","y",3,"default",-0.0261478726360324,-0.0413245331133278,0.1,100,200
0.6,14,"from_history","y",3,"coverage",0.0080647316871708,-0.0141633540838521,0.15,100,200
0.6,14,"from_history","y",3,"kinship",-0.0778850335540266,-0.0910552763819096,0.1,100,200
0.6,14,"from_history","y",4,"random",-0.0196739764436881,-0.0322619065476637,0.13,100,200
0.6,14,"from_history","y",4,"default",0.0600303910604008,0.0422980574514363,0.2,100,200
0.6,14,"from_history","y",4,"coverage",0.157715061289051,0.144695117377934,0.2,100,200
0.6,14,"from_history","y",4,"kinship",0.0478753303744728,0.00972174304357609,0.1,100,200
0.6,14,"from_history","y",5,"random",0.114292594546371,0.116563714092852,0.13,100,200
0.6,14,"from_history","y",5,"default",0.356901758559523,0.337560939023476,0.3,100,200
0.6,14,"from_history","y",5,"coverage",0.232571596474542,0.258105452636316,0.35,100,200
0.6,14,"from_history","y",5,"kinship",0.280447537387201,0.292661816545414,0.2,100,200
0.6,14,"from_history","y",6,"random",0.179649102217065,0.192460211505288,0.11,100,200
0.6,14,"from_history","y",6,"default",0.287250907349323,0.264153603840096,0.05,100,200
0.6,14,"from_history","y",6,"coverage",0.294359455081409,0.257067426685667,0.2,100,200
0.6,14,"from_history","y",6,"kinship",0.201868036853602,0.198813470336758,0.15,100,200
0.6,15,"within_cycle","y",2,"random",0.264617448236545,0.242473338802297,0.35,240,160
0.6,15,"within_cycle","y",2,"default",0.303807830047905,0.284296261572718,0.1875,240,160
0.6,15,"within_cycle","y",2,"coverage",0.334847873349018,0.335309973045822,0.125,240,160
0.6,15,"within_cycle","y",2,"kinship",0.287656105061146,0.255563693894293,0.4375,240,160
0.6,15,"within_cycle","y",3,"random",0.150635010055676,0.14763682175085,0.2875,440,160
0.6,15,"within_cycle","y",3,"default",0.216178129521136,0.211666471346537,0.1875,440,160
0.6,15,"within_cycle","y",3,"coverage",0.264202037947881,0.236165475213876,0.3125,440,160
0.6,15,"within_cycle","y",3,"kinship",0.132915470959573,0.135359779678894,0.1875,440,160
0.6,15,"within_cycle","y",4,"random",0.252046735344645,0.238777686628384,0.125,640,160
0.6,15,"within_cycle","y",4,"default",0.307349071774105,0.306304933786476,0.125,640,160
0.6,15,"within_cycle","y",4,"coverage",0.26032393381869,0.238468299542951,0.1875,640,160
0.6,15,"within_cycle","y",4,"kinship",0.281888830973176,0.265111918434314,0.125,640,160
0.6,15,"within_cycle","y",5,"random",0.395870628481166,0.379534747451072,0.2875,840,160
0.6,15,"within_cycle","y",5,"default",0.430063288809893,0.421405133013008,0.3125,840,160
0.6,15,"within_cycle","y",5,"coverage",0.358710801037048,0.326069377710067,0.1875,840,160
0.6,15,"within_cycle","y",5,"kinship",0.448048615737231,0.413746630727763,0.375,840,160
0.6,15,"within_cycle","y",6,"random",0.341731480429373,0.290531466072893,0.325,1040,160
0.6,15,"within_cycle","y",6,"default",0.269400811499307,0.218572014531818,0.3125,1040,160
0.6,15,"within_cycle","y",6,"coverage",0.241450053250815,0.191225243173561,0.25,1040,160
0.6,15,"within_cycle","y",6,"kinship",0.343324237754643,0.287545411930153,0.1875,1040,160
0.6,15,"from_history","y",2,"random",0.175773908626086,0.164813020325508,0.17,100,200
0.6,15,"from_history","y",2,"default",0.261725956863705,0.251134778369459,0.35,100,200
0.6,15,"from_history","y",2,"coverage",0.301255816603974,0.269603240081002,0.3,100,200
0.6,15,"from_history","y",2,"kinship",0.0243383882626349,0.0793219830495762,0.15,100,200
0.6,15,"from_history","y",3,"random",0.0444038284338278,0.0491667291682292,0.11,100,200
0.6,15,"from_history","y",3,"default",0.0211863092589851,0.00377709442736068,0.25,100,200
0.6,15,"from_history","y",3,"coverage",0.057200665041211,0.034910372759319,0.1,100,200
0.6,15,"from_history","y",3,"kinship",-0.255224824707624,-0.234458861471537,0.1,100,200
0.6,15,"from_history","y",4,"random",0.132420630386084,0.116516012900323,0.1,100,200
0.6,15,"from_history","y",4,"default",0.165361694759878,0.153803345083627,0.1,100,200
0.6,15,"from_history","y",4,"coverage",0.173898715971241,0.147297682442061,0.1,100,200
0.6,15,"from_history","y",4,"kinship",0.22399809774486,0.224668116702918,0.05,100,200
0.6,15,"from_history","y",5,"random",0.176619528930489,0.164036900922523,0.17,100,200
0.6,15,"from_history","y",5,"default",0.271186958369486,0.287150678766969,0.3,100,200
0.6,15,"from_history","y",5,"coverage",0.224402813991167,0.216935423385585,0.35,100,200
0.6,15,"from_history","y",5,"kinship",0.138062296071103,0.102842571064277,0.3,100,200
0.6,15,"from_history","y",6,"random",-0.00239833860634081,-0.0290020250506263,0.1,100,200
0.6,15,"from_history","y",6,"default",0.122783074081536,0.0662926573164329,0.05,100,200
0.6,15,"from_history","y",6,"coverage",-0.0265596838444197,-0.0257781444536113,0.05,100,200
0.6,15,"from_history","y",6,"kinship",0.0529867178787973,0.0619185479636991,0.1,100,200
0.6,16,"within_cycle","y",2,"random",0.398259778617367,0.399916207664362,0.225,240,160
0.6,16,"within_cycle","y",2,"default",0.378933355536162,0.367362006328372,0.25,240,160
0.6,16,"within_cycle","y",2,"coverage",0.335579864510365,0.331064690026954,0.25,240,160
0.6,16,"within_cycle","y",2,"kinship",0.378808882555192,0.406958279620298,0.125,240,160
0.6,16,"within_cycle","y",3,"random",0.270226570884703,0.243464783780616,0.225,440,160
0.6,16,"within_cycle","y",3,"default",0.240469228274823,0.203401500058596,0.25,440,160
0.6,16,"within_cycle","y",3,"coverage",0.248964850846884,0.221167819055432,0.1875,440,160
0.6,16,"within_cycle","y",3,"kinship",0.248317262646956,0.256272705965077,0.125,440,160
0.6,16,"within_cycle","y",4,"random",0.336612615564941,0.318155982655572,0.2125,640,160
0.6,16,"within_cycle","y",4,"default",0.333212710138185,0.313342318059299,0.25,640,160
0.6,16,"within_cycle","y",4,"coverage",0.322539925457691,0.323930622289933,0.25,640,160
0.6,16,"within_cycle","y",4,"kinship",0.389773875357939,0.378322395406071,0.1875,640,160
0.6,16,"within_cycle","y",5,"random",0.369726286389928,0.378245634595101,0.0625,840,160
0.6,16,"within_cycle","y",5,"default",0.310664409556942,0.339921481307864,0.0625,840,160
0.6,16,"within_cycle","y",5,"coverage",0.37818087470615,0.394972459861713,0,840,160
0.6,16,"within_cycle","y",5,"kinship",0.360689524735622,0.361344193132544,0,840,160
0.6,16,"within_cycle","y",6,"random",0.382969100147532,0.396151998124927,0.2375,1040,160
0.6,16,"within_cycle","y",6,"default",0.322583292654142,0.337270010547287,0.3125,1040,160
0.6,16,"within_cycle","y",6,"coverage",0.373761009172915,0.40124516582679,0.25,1040,160
0.6,16,"within_cycle","y",6,"kinship",0.359802137822575,0.364197820227353,0.3125,1040,160
0.6,16,"from_history","y",2,"random",0.229324259063553,0.220190804770119,0.23,100,200
0.6,16,"from_history","y",2,"default",0.393006392168754,0.38630465761644,0.3,100,200
0.6,16,"from_history","y",2,"coverage",0.298758946768627,0.281171529288232,0.1,100,200
0.6,16,"from_history","y",2,"kinship",0.0868224917019065,0.0982209555238881,0.15,100,200
0.6,16,"from_history","y",3,"random",0.0806680804486138,0.0901816545413636,0.11,100,200
0.6,16,"from_history","y",3,"default",0.177969602284518,0.163546088652216,0.15,100,200
0.6,16,"from_history","y",3,"coverage",0.0647151511085004,0.06254406360159,0,100,200
0.6,16,"from_history","y",3,"kinship",0.0389670259086901,0.0683357083927098,0.15,100,200
0.6,16,"from_history","y",4,"random",0.117157885957385,0.0998445961149029,0.18,100,200
0.6,16,"from_history","y",4,"default",0.21990435890756,0.202167554188855,0.15,100,200
0.6,16,"from_history","y",4,"coverage",0.153778033708087,0.148566714167854,0.2,100,200
0.6,16,"from_history","y",4,"kinship",0.2335531436074,0.221962049051226,0.2,100,200
0.6,16,"from_history","y",5,"random",0.0433311636217648,0.0418981474536863,0.09,100,200
0.6,16,"from_history","y",5,"default",0.404293398743278,0.42049651241281,0.15,100,200
0.6,16,"from_history","y",5,"coverage",0.289874820189057,0.28915172879322,0.2,100,200
0.6,16,"from_history","y",5,"kinship",0.302915097454613,0.302491562289057,0.15,100,200
0.6,16,"from_history","y",6,"random",0.184600624099149,0.204391209780245,0.18,100,200
0.6,16,"from_history","y",6,"default",0.296681647162148,0.327299182479562,0.1,100,200
0.6,16,"from_history","y",6,"coverage",-0.0673144182461802,-0.0610470261756544,0.15,100,200
0.6,16,"from_history","y",6,"kinship",0.236440655381996,0.270347258681467,0.2,100,200
0.6,17,"within_cycle","y",2,"random",0.321690733168152,0.314640220321106,0.2,240,160
0.6,17,"within_cycle","y",2,"default",0.28808087575347,0.273168873784132,0.3125,240,160
0.6,17,"within_cycle","y",2,"coverage",0.324994312439791,0.292880581272706,0.3125,240,160
0.6,17,"within_cycle","y",2,"kinship",0.335206012019305,0.331064690026954,0.3125,240,160
0.6,17,"within_cycle","y",3,"random",0.423686551532812,0.40797960857846,0.3125,440,160
0.6,17,"within_cycle","y",3,"default",0.443171706939967,0.426163131372319,0.375,440,160
0.6,17,"within_cycle","y",3,"coverage",0.354917569556517,0.367710652759873,0.25,440,160
0.6,17,"within_cycle","y",3,"kinship",0.361036405496616,0.325556662369624,0.25,440,160
0.6,17,"within_cycle","y",4,"random",0.243933220507906,0.203728465955701,0.1375,640,160
0.6,17,"within_cycle","y",4,"default",0.244698700432592,0.206515879526544,0.125,640,160
0.6,17,"within_cycle","y",4,"coverage",0.251114675762466,0.226596742060237,0.1875,640,160
0.6,17,"within_cycle","y",4,"kinship",0.185304130139744,0.170866049455057,0.125,640,160
0.6,17,"within_cycle","y",5,"random",0.313302898637026,0.285786358842142,0.2375,840,160
0.6,17,"within_cycle","y",5,"default",0.372664192374623,0.335333411461385,0.3125,840,160
0.6,17,"within_cycle","y",5,"coverage",0.358501333917734,0.363661666471347,0.3125,840,160
0.6,17,"within_cycle","y",5,"kinship",0.337682335231171,0.329362475096683,0.1875,840,160
0.6,17,"within_cycle","y",6,"random",0.390559208078789,0.365513301300832,0.375,1040,160
0.6,17,"within_cycle","y",6,"default",0.451786261382193,0.386892066096332,0.375,1040,160
0.6,17,"within_cycle","y",6,"coverage",0.416670027260802,0.381243407945623,0.5,1040,160
0.6,17,"within_cycle","y",6,"kinship",0.43125370427758,0.408587249501934,0.4375,1040,160
0.6,17,"from_history","y",2,"random",0.218518916691657,0.200979524488112,0.21,100,200
0.6,17,"from_history","y",2,"default",0.314370093245793,0.303027075676892,0.35,100,200
0.6,17,"from_history","y",2,"coverage",0.286247262090682,0.269261231530788,0.1,100,200
0.6,17,"from_history","y",2,"kinship",-0.0655030991825826,-0.0825545638640966,0.1,100,200
0.6,17,"from_history","y",3,"random",0.191642213065751,0.209387834695867,0.2,100,200
0.6,17,"from_history","y",3,"default",0.173416542729987,0.166066151653791,0.2,100,200
0.6,17,"from_history","y",3,"coverage",0.171156937214131,0.152792319807995,0.2,100,200
0.6,17,"from_history","y",3,"kinship",-0.0301196482739323,-0.0459221480537014,0.05,100,200
0.6,17,"from_history","y",4,"random",0.152727683893694,0.139708692717318,0.08,100,200
0.6,17,"from_history","y",4,"default",0.176058962622698,0.163061576539414,0.05,100,200
0.6,17,"from_history","y",4,"coverage",0.127407037321556,0.112619815495387,0.1,100,200
0.6,17,"from_history","y",4,"kinship",-0.104988627697742,-0.0945668641716043,0.05,100,200
0.6,17,"from_history","y",5,"random",0.142171241025799,0.139751893797345,0.12,100,200
0.6,17,"from_history","y",5,"default",0.284076090393385,0.277385434635866,0.1,100,200
0.6,17,"from_history","y",5,"coverage",0.119713789373163,0.129096227405685,0.15,100,200
0.6,17,"from_history","y",5,"kinship",0.229037629141927,0.192105302632566,0.25,100,200
0.6,17,"from_history","y",6,"random",0.253129257319391,0.239001575039376,0.23,100,200
0.6,17,"from_history","y",6,"default",0.305577031656835,0.295243381084527,0.2,100,200
0.6,17,"from_history","y",6,"coverage",0.00181879618977445,0.0112967824195605,0.2,100,200
0.6,17,"from_history","y",6,"kinship",0.248681450819106,0.234166354158854,0.15,100,200
0.6,18,"within_cycle","y",2,"random",0.124439802717425,0.0992816125629907,0.1125,240,160
0.6,18,"within_cycle","y",2,"default",0.145315887045137,0.119741005508028,0.0625,240,160
0.6,18,"within_cycle","y",2,"coverage",0.174199363189211,0.142432321575061,0.1875,240,160
0.6,18,"within_cycle","y",2,"kinship",0.0884290270377001,0.0696853392710653,0.125,240,160
0.6,18,"within_cycle","y",3,"random",0.313282228026794,0.266119184343138,0.325,440,160
0.6,18,"within_cycle","y",3,"default",0.386918466697672,0.357881167233095,0.25,440,160
0.6,18,"within_cycle","y",3,"coverage",0.312717240427719,0.273854447439353,0.3125,440,160
0.6,18,"within_cycle","y",3,"kinship",0.283014191294458,0.230487519043713,0.375,440,160
0.6,18,"within_cycle","y",4,"random",0.302519660521242,0.309895839928518,0.1875,640,160
0.6,18,"within_cycle","y",4,"default",0.275305581057948,0.275026569660927,0.1875,640,160
0.6,18,"within_cycle","y",4,"coverage",0.285629284333874,0.273602684872543,0.0625,640,160
0.6,18,"within_cycle","y",4,"kinship",0.349126408145078,0.353635884214227,0.1875,640,160
0.6,18,"within_cycle","y",5,"random",0.333684214739462,0.315492206726825,0.2375,840,160
0.6,18,"within_cycle","y",5,"default",0.36148932671701,0.34664537677253,0.375,840,160
0.6,18,"within_cycle","y",5,"coverage",0.350241448080822,0.331627212000469,0.125,840,160
0.6,18,"within_cycle","y",5,"kinship",0.282985537595656,0.284949607406539,0.25,840,160
0.6,18,"within_cycle","y",6,"random",0.195833827660231,0.159431032462206,0.2,1040,160
0.6,18,"within_cycle","y",6,"default",0.192830176883444,0.154362475096683,0.1875,1040,160
0.6,18,"within_cycle","y",6,"coverage",0.218261210054306,0.181958279620298,0.25,1040,160
0.6,18,"within_cycle","y",6,"kinship",0.209299575326576,0.186033634126333,0.0625,1040,160
0.6,18,"from_history","y",2,"random",0.0450709430498156,0.0360465011625291,0.09,100,200
0.6,18,"from_history","y",2,"default",0.0590968199529615,0.060361509037726,0.15,100,200
0.6,18,"from_history","y",2,"coverage",0.0710236773640256,0.0366189154728868,0,100,200
0.6,18,"from_history","y",2,"kinship",-0.0946442962741889,-0.114026850671267,0.25,100,200
0.6,18,"from_history","y",3,"random",0.156453085275928,0.13068866721668,0.21,100,200
0.6,18,"from_history","y",3,"default",0.144061840577122,0.116758418960474,0.25,100,200
0.6,18,"from_history","y",3,"coverage",0.105472079765545,0.0681137028425711,0.3,100,200
0.6,18,"from_history","y",3,"kinship",0.0867636322846156,0.0506622665566639,0.3,100,200
0.6,18,"from_history","y",4,"random",0.23918566575087,0.243823837029882,0.11,100,200
0.6,18,"from_history","y",4,"default",0.28456369892554,0.269235081840221,0.05,100,200
0.6,18,"from_history","y",4,"coverage",-0.116842704610869,-0.114431153690533,0,100,200
0.6,18,"from_history","y",4,"kinship",0.107965106044855,0.109398525987605,0.05,100,200
0.6,18,"from_history","y",5,"random",0.0999540776636961,0.102025050626266,0.11,100,200
0.6,18,"from_history","y",5,"default",0.249438152214644,0.258705467636691,0.15,100,200
0.6,18,"from_history","y",5,"coverage",-0.000468559693122293,-0.0123828095702393,0,100,200
0.6,18,"from_history","y",5,"kinship",0.2557178676863,0.249699242481062,0.15,100,200
0.6,18,"from_history","y",6,"random",0.0838734563339891,0.0667585689642241,0.08,100,200
0.6,18,"from_history","y",6,"default",0.222195649808448,0.183901597539939,0.15,100,200
0.6,18,"from_history","y",6,"coverage",0.120320417413376,0.0794599864996625,0.1,100,200
0.6,18,"from_history","y",6,"kinship",0.213489284666446,0.182973074326858,0.15,100,200
0.6,19,"within_cycle","y",2,"random",0.374831317042528,0.380751787179187,0.1125,240,160
0.6,19,"within_cycle","y",2,"default",0.496137011888182,0.511745575999062,0.25,240,160
0.6,19,"within_cycle","y",2,"coverage",0.42595932262219,0.450890659791398,0.1875,240,160
0.6,19,"within_cycle","y",2,"kinship",0.263394585352722,0.287381343021212,0,240,160
0.6,19,"within_cycle","y",3,"random",0.406303382362825,0.421466072893472,0.25,440,160
0.6,19,"within_cycle","y",3,"default",0.47390223238609,0.474572248915973,0.3125,440,160
0.6,19,"within_cycle","y",3,"coverage",0.4359844505515,0.4580686745576,0.125,440,160
0.6,19,"within_cycle","y",3,"kinship",0.381066294615417,0.382265908824563,0.25,440,160
0.6,19,"within_cycle","y",4,"random",0.395479563718082,0.399784366576819,0.2625,640,160
0.6,19,"within_cycle","y",4,"default",0.413286313093962,0.425530294152115,0.25,640,160
0.6,19,"within_cycle","y",4,"coverage",0.404969031832047,0.420423649361303,0.125,640,160
0.6,19,"within_cycle","y",4,"kinship",0.33808435989986,0.339285714285714,0.25,640,160
0.6,19,"within_cycle","y",5,"random",0.409770832434243,0.388126684636119,0.225,840,160
0.6,19,"within_cycle","y",5,"default",0.488386732323236,0.489315012305168,0.1875,840,160
0.6,19,"within_cycle","y",5,"coverage",0.442172027235199,0.431835227938591,0.1875,840,160
0.6,19,"within_cycle","y",5,"kinship",0.411492211579517,0.393235087308098,0.3125,840,160
0.6,19,"within_cycle","y",6,"random",0.405411755727554,0.411727411227001,0.2625,1040,160
0.6,19,"within_cycle","y",6,"default",0.416117812088858,0.420033985702566,0.25,1040,160
0.6,19,"within_cycle","y",6,"coverage",0.392366293116827,0.395883628266729,0.1875,1040,160
0.6,19,"within_cycle","y",6,"kinship",0.423891556177877,0.425416031876245,0.1875,1040,160
0.6,19,"from_history","y",2,"random",0.183868802661373,0.177943148578714,0.08,100,200
0.6,19,"from_history","y",2,"default",0.280433833781297,0.297593939848496,0.05,100,200
0.6,19,"from_history","y",2,"coverage",0.234201929398614,0.26259206480162,0.05,100,200
0.6,19,"from_history","y",2,"kinship",0.142734184881391,0.124545113627841,0.05,100,200
0.6,19,"from_history","y",3,"random",0.171908939805888,0.178999174979375,0.13,100,200
0.6,19,"from_history","y",3,"default",0.286682111831774,0.286523663091577,0.2,100,200
0.6,19,"from_history","y",3,"coverage",0.205952241940238,0.200306007650191,0.2,100,200
0.6,19,"from_history","y",3,"kinship",0.116572232218402,0.140459011475287,0.15,100,200
0.6,19,"from_history","y",4,"random",0.179603772181119,0.204111002775069,0.13,100,200
0.6,19,"from_history","y",4,"default",0.413140792268051,0.437571439285982,0.3,100,200
0.6,19,"from_history","y",4,"coverage",0.0867491847833291,0.0875301882547064,0.1,100,200
0.6,19,"from_history","y",4,"kinship",0.389212875131609,0.409975249381235,0.3,100,200
0.6,19,"from_history","y",5,"random",0.0755223929292833,0.0950675766894173,0.09,100,200
0.6,19,"from_history","y",5,"default",0.310396323661083,0.307579689492237,0.2,100,200
0.6,19,"from_history","y",5,"coverage",0.211607960757864,0.19894397359934,0.05,100,200
0.6,19,"from_history","y",5,"kinship",0.00898257378439455,0.0409285232130803,0.15,100,200
0.6,19,"from_history","y",6,"random",-0.0566026769244463,-0.0422209555238881,0.07,100,200
0.6,19,"from_history","y",6,"default",0.0284790020502227,0.0409660241506038,0,100,200
0.6,19,"from_history","y",6,"coverage",0.178241542279851,0.158408460211505,0.15,100,200
0.6,19,"from_history","y",6,"kinship",0.106568299992656,0.101945548638716,0.05,100,200
0.6,20,"within_cycle","y",2,"random",0.274178558200677,0.279489042540724,0.225,240,160
0.6,20,"within_cycle","y",2,"default",0.291077477052255,0.262284659557014,0.5,240,160
0.6,20,"within_cycle","y",2,"coverage",0.299928157399798,0.286159615609985,0.1875,240,160
0.6,20,"within_cycle","y",2,"kinship",0.191846989695895,0.190574827141685,0.1875,240,160
0.6,20,"within_cycle","y",3,"random",0.1787736874667,0.167133481776632,0.2125,440,160
0.6,20,"within_cycle","y",3,"default",0.197564754396972,0.16255420133599,0.3125,440,160
0.6,20,"within_cycle","y",3,"coverage",0.169879190762872,0.134126333059885,0.1875,440,160
0.6,20,"within_cycle","y",3,"kinship",0.158865022755482,0.164171452009844,0.25,440,160
0.6,20,"within_cycle","y",4,"random",0.423120839562984,0.420765264268135,0.3375,640,160
0.6,20,"within_cycle","y",4,"default",0.452997942826593,0.442567092464549,0.125,640,160
0.6,20,"within_cycle","y",4,"coverage",0.490502382582321,0.481568615961561,0.25,640,160
0.6,20,"within_cycle","y",4,"kinship",0.304376199077341,0.309606820578929,0.25,640,160
0.6,20,"within_cycle","y",5,"random",0.45021475490606,0.452393648189382,0.3125,840,160
0.6,20,"within_cycle","y",5,"default",0.448706994683072,0.458903668112036,0.375,840,160
0.6,20,"within_cycle","y",5,"coverage",0.520107539709002,0.544931442634478,0.375,840,160
0.6,20,"within_cycle","y",5,"kinship",0.470088420589126,0.481887964373608,0.375,840,160
0.6,20,"within_cycle","y",6,"random",0.327229535662771,0.346541075823274,0.25,1040,160
0.6,20,"within_cycle","y",6,"default",0.365557078485259,0.384750380874253,0.25,1040,160
0.6,20,"within_cycle","y",6,"coverage",0.3586188996996,0.389394116957694,0.1875,1040,160
0.6,20,"within_cycle","y",6,"kinship",0.308729934206336,0.315378530411344,0.25,1040,160
0.6,20,"from_history","y",2,"random",0.117709640803013,0.122883072076802,0.09,100,200
0.6,20,"from_history","y",2,"default",0.198607701366856,0.203591089777244,0.15,100,200
0.6,20,"from_history","y",2,"coverage",0.216110038839456,0.21377634440861,0.25,100,200
0.6,20,"from_history","y",2,"kinship",-0.113251965850079,-0.119752493812345,0.15,100,200
0.6,20,"from_history","y",3,"random",0.0575469112066997,0.0416782419560489,0.17,100,200
0.6,20,"from_history","y",3,"default",0.0204156707313352,0.0114167854196355,0.15,100,200
0.6,20,"from_history","y",3,"coverage",0.0322834725388515,0.0206945173629341,0.05,100,200
0.6,20,"from_history","y",3,"kinship",0.0472992365149286,0.0465206630165754,0.1,100,200
0.6,20,"from_history","y",4,"random",0.145859815464379,0.129610740268507,0.14,100,200
0.6,20,"from_history","y",4,"default",0.432770228449467,0.429705242631066,0.3,100,200
0.6,20,"from_history","y",4,"coverage",0.184096982018151,0.207885697142429,0.25,100,200
0.6,20,"from_history","y",4,"kinship",0.0272455022971307,0.039014475361884,0.05,100,200
0.6,20,"from_history","y",5,"random",0.12218890240848,0.111009375234381,0.14,100,200
0.6,20,"from_history","y",5,"default",0.356327005901626,0.367684692117303,0.3,100,200
0.6,20,"from_history","y",5,"coverage",0.350120630602027,0.362031050776269,0.4,100,200
0.6,20,"from_history","y",5,"kinship",0.335589325502213,0.3481602040051,0.4,100,200
0.6,20,"from_history","y",6,"random",0.0399018327715144,0.0266727668191705,0.09,100,200
0.6,20,"from_history","y",6,"default",0.285539702026965,0.285979149478737,0.25,100,200
0.6,20,"from_history","y",6,"coverage",0.0240449467683467,0.0137388434710868,0.15,100,200
0.6,20,"from_history","y",6,"kinship",0.340049839692724,0.299252981324533,0.4,100,200
