"panel","s_AA","h2","n","rep","method","total","breeding"
"sim_structured",0.3,0.3,40,1,"random",0.292451918728015,0.401365570863563
"sim_structured",0.3,0.3,40,1,"additive",0.365430669517896,0.379869208978105
"sim_structured",0.3,0.3,40,1,"kernels",0.412484908921461,0.397428064761825
"sim_structured",0.3,0.3,40,1,"kernels_breeding",0.365430669517896,0.379869208978105
"sim_structured",0.3,0.3,40,2,"random",0.342541766259011,0.531862874375894
"sim_structured",0.3,0.3,40,2,"additive",0.442058485444804,0.650408069083748
"sim_structured",0.3,0.3,40,2,"kernels",0.412820135606096,0.623870730731358
"sim_structured",0.3,0.3,40,2,"kernels_breeding",0.412820135606096,0.623870730731358
"sim_structured",0.3,0.3,40,3,"random",0.311815581646615,0.377528146556185
"sim_structured",0.3,0.3,40,3,"additive",0.407061984873177,0.479601072300969
"sim_structured",0.3,0.3,40,3,"kernels",0.39489305684501,0.414114320857726
"sim_structured",0.3,0.3,40,3,"kernels_breeding",0.396135396392985,0.504543840563197
"sim_structured",0.3,0.3,40,4,"random",0.276028207150765,0.364476248853769
"sim_structured",0.3,0.3,40,4,"additive",0.129561339100701,0.241853948559969
"sim_structured",0.3,0.3,40,4,"kernels",0.22083455747828,0.306082962778727
"sim_structured",0.3,0.3,40,4,"kernels_breeding",0.157296162916335,0.275176647484866
"sim_structured",0.3,0.3,40,5,"random",0.154817841411318,0.130744742231463
"sim_structured",0.3,0.3,40,5,"additive",0.319795747967923,0.127753890388223
"sim_structured",0.3,0.3,40,5,"kernels",0.372499923958259,0.199257561430678
"sim_structured",0.3,0.3,40,5,"kernels_breeding",0.321345024678106,0.145186927314092
"sim_structured",0.3,0.3,40,6,"random",0.311283216605495,0.412131084676097
"sim_structured",0.3,0.3,40,6,"additive",0.272443559305351,0.357381425695632
"sim_structured",0.3,0.3,40,6,"kernels",0.35033672998083,0.498937020085794
"sim_structured",0.3,0.3,40,6,"kernels_breeding",0.28276367113233,0.406778562641501
"sim_structured",0.3,0.3,40,7,"random",-0.0434134275734507,0.0348893671905705
"sim_structured",0.3,0.3,40,7,"additive",-0.0532953336404054,0.0465870591867035
"sim_structured",0.3,0.3,40,7,"kernels",-0.0588348318549644,0.0444570827712707
"sim_structured",0.3,0.3,40,7,"kernels_breeding",-0.107618491758251,-0.0204512314554456
"sim_structured",0.3,0.3,40,8,"random",0.418080747942296,0.335682783894192
"sim_structured",0.3,0.3,40,8,"additive",0.298676768088995,0.331557993382633
"sim_structured",0.3,0.3,40,8,"kernels",0.214439878373857,0.242726990756228
"sim_structured",0.3,0.3,40,8,"kernels_breeding",0.298676768088995,0.331557993382633
"sim_structured",0.3,0.3,40,9,"random",0.0880651602731181,0.12675375163136
"sim_structured",0.3,0.3,40,9,"additive",0.199221636202937,0.224280994227412
"sim_structured",0.3,0.3,40,9,"kernels",0.327413119353464,0.406868424977208
"sim_structured",0.3,0.3,40,9,"kernels_breeding",0.224030230220338,0.247983039637344
"sim_structured",0.3,0.3,40,10,"random",0.088634911682633,0.141454568912613
"sim_structured",0.3,0.3,40,10,"additive",0.185782252589448,0.229998391424223
"sim_structured",0.3,0.3,40,10,"kernels",0.19076021621877,0.24280930873017
"sim_structured",0.3,0.3,40,10,"kernels_breeding",0.180031603041593,0.216247319533924
"sim_structured",0.3,0.3,40,11,"random",0.290163800945852,0.22124592850537
"sim_structured",0.3,0.3,40,11,"additive",0.441485776718131,0.374358846566233
"sim_structured",0.3,0.3,40,11,"kernels",0.436509404921286,0.379490767990973
"sim_structured",0.3,0.3,40,11,"kernels_breeding",0.402293991858943,0.403405064164864
"sim_structured",0.3,0.3,40,12,"random",0.380160315369091,0.383233257776395
"sim_structured",0.3,0.3,40,12,"additive",0.326445816852398,0.410514964824707
"sim_structured",0.3,0.3,40,12,"kernels",0.350572859185758,0.416598536685571
"sim_structured",0.3,0.3,40,12,"kernels_breeding",0.404787903044483,0.447200692853023
"sim_structured",0.3,0.3,40,13,"random",0.597314944484567,0.589681710919143
"sim_structured",0.3,0.3,40,13,"additive",0.722171346832927,0.685008268894225
"sim_structured",0.3,0.3,40,13,"kernels",0.703319308587661,0.669187531312062
"sim_structured",0.3,0.3,40,13,"kernels_breeding",0.733060866328623,0.697237754828405
"sim_structured",0.3,0.3,40,14,"random",0.474510994519196,0.498822326216804
"sim_structured",0.3,0.3,40,14,"additive",0.455884961470679,0.522050246523879
"sim_structured",0.3,0.3,40,14,"kernels",0.464920215951154,0.53055422244403
"sim_structured",0.3,0.3,40,14,"kernels_breeding",0.438846993827637,0.501867638735577
"sim_structured",0.3,0.3,40,15,"random",0.302637470363888,0.363046395421779
"sim_structured",0.3,0.3,40,15,"additive",0.342731236686412,0.204277483301622
"sim_structured",0.3,0.3,40,15,"kernels",0.402719889062629,0.30093584638893
"sim_structured",0.3,0.3,40,15,"kernels_breeding",0.397904802191294,0.285786368774399
"sim_structured",0.3,0.3,40,16,"random",0.268105135117681,0.209927455787625
"sim_structured",0.3,0.3,40,16,"additive",0.24645223632766,0.187713226718286
"sim_structured",0.3,0.3,40,16,"kernels",0.227431189846704,0.132327185057438
"sim_structured",0.3,0.3,40,16,"kernels_breeding",0.26717823375276,0.16420449701628
"sim_structured",0.3,0.3,40,17,"random",0.387767875188128,0.436998644928649
"sim_structured",0.3,0.3,40,17,"additive",0.473965596665592,0.557289209307001
"sim_structured",0.3,0.3,40,17,"kernels",0.420881898292145,0.46112065762596
"sim_structured",0.3,0.3,40,17,"kernels_breeding",0.436013922701453,0.494246733748368
"sim_structured",0.3,0.3,40,18,"random",0.186689687067382,0.217079131467202
"sim_structured",0.3,0.3,40,18,"additive",0.281840393961337,0.329322175871002
"sim_structured",0.3,0.3,40,18,"kernels",0.193846672949875,0.261360767404259
"sim_structured",0.3,0.3,40,18,"kernels_breeding",0.314775628649747,0.354376041034816
"sim_structured",0.3,0.3,40,19,"random",0.325892168485227,0.435044391658185
"sim_structured",0.3,0.3,40,19,"additive",0.479297599794475,0.524246109307339
"sim_structured",0.3,0.3,40,19,"kernels",0.454172107483981,0.466148292413118
"sim_structured",0.3,0.3,40,19,"kernels_breeding",0.438577182668404,0.485310657501514
"sim_structured",0.3,0.3,40,20,"random",0.233126317709507,0.266397197309173
"sim_structured",0.3,0.3,40,20,"additive",0.414101940556504,0.33519826018864
"sim_structured",0.3,0.3,40,20,"kernels",0.386559033027623,0.352863172110737
"sim_structured",0.3,0.3,40,20,"kernels_breeding",0.426288093165362,0.395225351856309
"sim_structured",0.3,0.3,40,21,"random",0.241399585093928,0.286509766733907
"sim_structured",0.3,0.3,40,21,"additive",0.246264671215757,0.319180579283427
"sim_structured",0.3,0.3,40,21,"kernels",0.30087575344192,0.314261091266291
"sim_structured",0.3,0.3,40,21,"kernels_breeding",0.313924622435275,0.340036702001245
"sim_structured",0.3,0.3,40,22,"random",0.106420802035266,0.117711064853735
"sim_structured",0.3,0.3,40,22,"additive",0.0423633009813519,0.0833212993403495
"sim_structured",0.3,0.3,40,22,"kernels",0.0460113274914544,0.0395544012635544
"sim_structured",0.3,0.3,40,22,"kernels_breeding",0.0526353427709391,0.0849680386758191
"sim_structured",0.3,0.3,40,23,"random",0.234291215597255,0.356215155645505
"sim_structured",0.3,0.3,40,23,"additive",0.293064034713086,0.30293142602067
"sim_structured",0.3,0.3,40,23,"kernels",0.387984415143278,0.410495848792625
"sim_structured",0.3,0.3,40,23,"kernels_breeding",0.313870633219698,0.321066809510377
"sim_structured",0.3,0.3,40,24,"random",0.451732690118083,0.468518853008839
"sim_structured",0.3,0.3,40,24,"additive",0.647218253099239,0.664970754051932
"sim_structured",0.3,0.3,40,24,"kernels",0.656656542908258,0.645383449600402
"sim_structured",0.3,0.3,40,24,"kernels_breeding",0.645651294727775,0.599442221836322
"sim_structured",0.3,0.3,40,25,"random",0.280301908467473,0.279776241386136
"sim_structured",0.3,0.3,40,25,"additive",0.359353362911543,0.336906795272264
"sim_structured",0.3,0.3,40,25,"kernels",0.39352648916262,0.364203206027382
"sim_structured",0.3,0.3,40,25,"kernels_breeding",0.394155323167758,0.386289016991993
"sim_structured",0.3,0.3,40,26,"random",0.260033967914502,0.270260490267573
"sim_structured",0.3,0.3,40,26,"additive",0.38715200785993,0.366755381513776
"sim_structured",0.3,0.3,40,26,"kernels",0.378674634927563,0.367609913897075
"sim_structured",0.3,0.3,40,26,"kernels_breeding",0.508469784742627,0.545649149636045
"sim_structured",0.3,0.3,40,27,"random",0.136807933979605,0.135484092700909
"sim_structured",0.3,0.3,40,27,"additive",0.337602928472315,0.264819037908954
"sim_structured",0.3,0.3,40,27,"kernels",0.0886204111092622,0.00567674616617231
"sim_structured",0.3,0.3,40,27,"kernels_breeding",0.303089595147466,0.214213327342452
"sim_structured",0.3,0.3,40,28,"random",0.390925115797712,0.362700865395373
"sim_structured",0.3,0.3,40,28,"additive",0.37361824121753,0.466441236514381
"sim_structured",0.3,0.3,40,28,"kernels",0.34978502853275,0.406503041186621
"sim_structured",0.3,0.3,40,28,"kernels_breeding",0.362557983216238,0.429260241546418
"sim_structured",0.3,0.3,40,29,"random",0.321850267305943,0.196536801714811
"sim_structured",0.3,0.3,40,29,"additive",0.443540811533076,0.238710725336029
"sim_structured",0.3,0.3,40,29,"kernels",0.340750925117581,0.165215365088803
"sim_structured",0.3,0.3,40,29,"kernels_breeding",0.450250711148016,0.28082888731177
"sim_structured",0.3,0.3,40,30,"random",0.202722105004578,0.145363414085741
"sim_structured",0.3,0.3,40,30,"additive",0.227200952056752,0.262802611398368
"sim_structured",0.3,0.3,40,30,"kernels",0.29508436858113,0.30705216999505
"sim_structured",0.3,0.3,40,30,"kernels_breeding",0.294016791435406,0.298771820749467
"sim_continuum",0.3,0.3,40,1,"random",0.53177204521051,0.606552706886069
"sim_continuum",0.3,0.3,40,1,"additive",0.600486512736853,0.671857609837043
"sim_continuum",0.3,0.3,40,1,"kernels",0.543467554934909,0.643293579966191
"sim_continuum",0.3,0.3,40,1,"kernels_breeding",0.59922965638554,0.695521508120088
"sim_continuum",0.3,0.3,40,2,"random",0.218474324910763,0.214810785999862
"sim_continuum",0.3,0.3,40,2,"additive",0.159004068109945,0.144814726997175
"sim_continuum",0.3,0.3,40,2,"kernels",0.192405294194942,0.157604952074199
"sim_continuum",0.3,0.3,40,2,"kernels_breeding",0.154504174697684,0.142389065058802
"sim_continuum",0.3,0.3,40,3,"random",0.297297780064827,0.271605351377369
"sim_continuum",0.3,0.3,40,3,"additive",0.479257782978277,0.523361728787454
"sim_continuum",0.3,0.3,40,3,"kernels",0.449901856147368,0.430614042984554
"sim_continuum",0.3,0.3,40,3,"kernels_breeding",0.493945726414758,0.527684572165457
"sim_continuum",0.3,0.3,40,4,"random",0.468795256095175,0.499252499275866
"sim_continuum",0.3,0.3,40,4,"additive",0.462784016923327,0.398026893793899
"sim_continuum",0.3,0.3,40,4,"kernels",0.561141027452233,0.546875643436587
"sim_continuum",0.3,0.3,40,4,"kernels_breeding",0.375259110318436,0.40744232062004
"sim_continuum",0.3,0.3,40,5,"random",0.274920008644033,0.152944209623633
"sim_continuum",0.3,0.3,40,5,"additive",0.129225346713166,-0.182609777268655
"sim_continuum",0.3,0.3,40,5,"kernels",0.22511411354657,-0.136445389623949
"sim_continuum",0.3,0.3,40,5,"kernels_breeding",0.265947334488267,0.0241878984004107
"sim_continuum",0.3,0.3,40,6,"random",0.334246854352014,0.491058530165063
"sim_continuum",0.3,0.3,40,6,"additive",0.368729994370427,0.443108864379958
"sim_continuum",0.3,0.3,40,6,"kernels",0.331713450226983,0.49372874796779
"sim_continuum",0.3,0.3,40,6,"kernels_breeding",0.357101054755246,0.444287902070275
"sim_continuum",0.3,0.3,40,7,"random",0.405159312669706,0.477954963069697
"sim_continuum",0.3,0.3,40,7,"additive",0.627321817936302,0.711078969295706
"sim_continuum",0.3,0.3,40,7,"kernels",0.521393758279754,0.599265033947069
"sim_continuum",0.3,0.3,40,7,"kernels_breeding",0.58267825310191,0.64031301087047
"sim_continuum",0.3,0.3,40,8,"random",0.304288124807704,0.387671429749968
"sim_continuum",0.3,0.3,40,8,"additive",0.468537256609886,0.459050943072385
"sim_continuum",0.3,0.3,40,8,"kernels",0.385893189989133,0.364160215064568
"sim_continuum",0.3,0.3,40,8,"kernels_breeding",0.405176718993365,0.392303579972918
"sim_continuum",0.3,0.3,40,9,"random",0.500246210170725,0.475193423169395
"sim_continuum",0.3,0.3,40,9,"additive",0.530082493556893,0.656169153199373
"sim_continuum",0.3,0.3,40,9,"kernels",0.60254934875854,0.692823150676157
"sim_continuum",0.3,0.3,40,9,"kernels_breeding",0.573532204808603,0.673831595465986
"sim_continuum",0.3,0.3,40,10,"random",0.272605854930278,0.225028423110332
"sim_continuum",0.3,0.3,40,10,"additive",0.173025044420859,0.245265785815632
"sim_continuum",0.3,0.3,40,10,"kernels",0.157858405291995,0.247564761208123
"sim_continuum",0.3,0.3,40,10,"kernels_breeding",0.175658445429522,0.258509687789382
"sim_continuum",0.3,0.3,40,11,"random",0.35500226619409,0.434636230348247
"sim_continuum",0.3,0.3,40,11,"additive",0.511212143192813,0.619269998125114
"sim_continuum",0.3,0.3,40,11,"kernels",0.517199053695873,0.605498808678595
"sim_continuum",0.3,0.3,40,11,"kernels_breeding",0.548169121982704,0.636639173232914
"sim_continuum",0.3,0.3,40,12,"random",0.272605441969789,0.245030349781617
"sim_continuum",0.3,0.3,40,12,"additive",0.450124865499951,0.417714723766981
"sim_continuum",0.3,0.3,40,12,"kernels",0.417156287739884,0.392553617516236
"sim_continuum",0.3,0.3,40,12,"kernels_breeding",0.393582447557013,0.383376879017767
"sim_continuum",0.3,0.3,40,13,"random",0.100055606450531,0.270702927904224
"sim_continuum",0.3,0.3,40,13,"additive",0.313271491454905,0.534237322048311
"sim_continuum",0.3,0.3,40,13,"kernels",0.279583012186559,0.40318726579227
"sim_continuum",0.3,0.3,40,13,"kernels_breeding",0.419023769731339,0.515431082531616
"sim_continuum",0.3,0.3,40,14,"random",0.323200726439653,0.382856592530889
"sim_continuum",0.3,0.3,40,14,"additive",0.467912744947657,0.457368325212495
"sim_continuum",0.3,0.3,40,14,"kernels",0.310653629548462,0.159431735485916
"sim_continuum",0.3,0.3,40,14,"kernels_breeding",0.349471569083204,0.243853176554465
"sim_continuum",0.3,0.3,40,15,"random",0.510413708740192,0.493735099660594
"sim_continuum",0.3,0.3,40,15,"additive",0.095763825683417,-0.0507471715044673
"sim_continuum",0.3,0.3,40,15,"kernels",0.0393930645923238,-0.00637771478980764
"sim_continuum",0.3,0.3,40,15,"kernels_breeding",0.107337321371067,0.0952635111033199
"sim_continuum",0.3,0.3,40,16,"random",0.395849733720316,0.468241887944183
"sim_continuum",0.3,0.3,40,16,"additive",0.46111902266926,0.525490815019081
"sim_continuum",0.3,0.3,40,16,"kernels",0.48614689654332,0.508523684454116
"sim_continuum",0.3,0.3,40,16,"kernels_breeding",0.49539122667241,0.571538996325695
"sim_continuum",0.3,0.3,40,17,"random",0.369276573156265,0.212393079279806
"sim_continuum",0.3,0.3,40,17,"additive",0.495167632235439,0.526295810021329
"sim_continuum",0.3,0.3,40,17,"kernels",0.416720750323416,0.314623412646492
"sim_continuum",0.3,0.3,40,17,"kernels_breeding",0.540918145855584,0.509378126803124
"sim_continuum",0.3,0.3,40,18,"random",0.241443985619901,0.237872679758401
"sim_continuum",0.3,0.3,40,18,"additive",0.38998024274647,0.447771730615001
"sim_continuum",0.3,0.3,40,18,"kernels",0.458150294145915,0.483221218315665
"sim_continuum",0.3,0.3,40,18,"kernels_breeding",0.398103802047278,0.446705116274762
"sim_continuum",0.3,0.3,40,19,"random",0.396180473140714,0.422670092641946
"sim_continuum",0.3,0.3,40,19,"additive",0.422862341035645,0.544980717625915
"sim_continuum",0.3,0.3,40,19,"kernels",0.493846496732368,0.602520916471831
"sim_continuum",0.3,0.3,40,19,"kernels_breeding",0.522939094088613,0.653289058459441
"sim_continuum",0.3,0.3,40,20,"random",0.411487869172258,0.324976729428082
"sim_continuum",0.3,0.3,40,20,"additive",0.172841477138819,0.328950598966408
"sim_continuum",0.3,0.3,40,20,"kernels",0.435887012214633,0.385477185231366
"sim_continuum",0.3,0.3,40,20,"kernels_breeding",0.4352860034876,0.455233732420192
"sim_continuum",0.3,0.3,40,21,"random",0.452092749513044,0.542849084709654
"sim_continuum",0.3,0.3,40,21,"additive",0.123849662078574,0.304664441528156
"sim_continuum",0.3,0.3,40,21,"kernels",0.156581370155224,0.283921531043758
"sim_continuum",0.3,0.3,40,21,"kernels_breeding",0.227910007463734,0.373690597189262
"sim_continuum",0.3,0.3,40,22,"random",0.387385763057324,0.364676812723363
"sim_continuum",0.3,0.3,40,22,"additive",0.518937987066294,0.551081052338529
"sim_continuum",0.3,0.3,40,22,"kernels",0.5020704908337,0.569484692700736
"sim_continuum",0.3,0.3,40,22,"kernels_breeding",0.555570595064729,0.587176722806852
"sim_continuum",0.3,0.3,40,23,"random",0.339351849380473,0.469896823116136
"sim_continuum",0.3,0.3,40,23,"additive",0.563626610861445,0.562768005616594
"sim_continuum",0.3,0.3,40,23,"kernels",0.569661597576189,0.623731997768647
"sim_continuum",0.3,0.3,40,23,"kernels_breeding",0.54156958244088,0.585284367699638
"sim_continuum",0.3,0.3,40,24,"random",0.479502890658813,0.476208879910558
"sim_continuum",0.3,0.3,40,24,"additive",0.59168602312609,0.647524094769055
"sim_continuum",0.3,0.3,40,24,"kernels",0.599297545680524,0.642735101232595
"sim_continuum",0.3,0.3,40,24,"kernels_breeding",0.594279229087101,0.674211446172669
"sim_continuum",0.3,0.3,40,25,"random",0.587622797166912,0.603855478260159
"sim_continuum",0.3,0.3,40,25,"additive",0.761104166800516,0.774028879908097
"sim_continuum",0.3,0.3,40,25,"kernels",0.749539602045073,0.750891114849806
"sim_continuum",0.3,0.3,40,25,"kernels_breeding",0.699851208305298,0.681770452140903
"sim_continuum",0.3,0.3,40,26,"random",0.374441637145532,0.412043161587619
"sim_continuum",0.3,0.3,40,26,"additive",0.543506601070718,0.612557448360382
"sim_continuum",0.3,0.3,40,26,"kernels",0.432801303101601,0.502531107383232
"sim_continuum",0.3,0.3,40,26,"kernels_breeding",0.568156619554449,0.582928490136261
"sim_continuum",0.3,0.3,40,27,"random",0.56135640228302,0.605581433922756
"sim_continuum",0.3,0.3,40,27,"additive",0.765421040565113,0.737921810793311
"sim_continuum",0.3,0.3,40,27,"kernels",0.728599749213533,0.802624771239349
"sim_continuum",0.3,0.3,40,27,"kernels_breeding",0.75011186266921,0.682248855619474
"sim_continuum",0.3,0.3,40,28,"random",0.134478762498671,0.262263438116485
"sim_continuum",0.3,0.3,40,28,"additive",0.255621082842868,0.140700146411909
"sim_continuum",0.3,0.3,40,28,"kernels",0.367856363599973,0.243161177370296
"sim_continuum",0.3,0.3,40,28,"kernels_breeding",0.318291793032937,0.192507213449757
"sim_continuum",0.3,0.3,40,29,"random",0.478626602920844,0.505301760638641
"sim_continuum",0.3,0.3,40,29,"additive",0.422385421760494,0.566790341130427
"sim_continuum",0.3,0.3,40,29,"kernels",0.446128560327613,0.597809618088851
"sim_continuum",0.3,0.3,40,29,"kernels_breeding",0.501942161497959,0.673173982778437
"sim_continuum",0.3,0.3,40,30,"random",0.185184971065119,0.161337915127309
"sim_continuum",0.3,0.3,40,30,"additive",0.48022845691659,0.443836595263261
"sim_continuum",0.3,0.3,40,30,"kernels",0.493053487589594,0.431918622350161
"sim_continuum",0.3,0.3,40,30,"kernels_breeding",0.540078875464566,0.454340407118066
"example_panel",0.3,0.3,40,1,"random",0.425825542733066,0.512703705014145
"example_panel",0.3,0.3,40,1,"additive",0.573445428125141,0.610085917159157
"example_panel",0.3,0.3,40,1,"kernels",0.554916051423385,0.606448109563
"example_panel",0.3,0.3,40,1,"kernels_breeding",0.586697707964634,0.643927651087973
"example_panel",0.3,0.3,40,2,"random",0.402888588278115,0.403576657773358
"example_panel",0.3,0.3,40,2,"additive",0.462299910540877,0.573589968403492
"example_panel",0.3,0.3,40,2,"kernels",0.469606073743153,0.500551217239933
"example_panel",0.3,0.3,40,2,"kernels_breeding",0.441013649347329,0.503972637735789
"example_panel",0.3,0.3,40,3,"random",0.196226877599205,0.278356883312318
"example_panel",0.3,0.3,40,3,"additive",0.259057341309269,0.276388309381608
"example_panel",0.3,0.3,40,3,"kernels",0.250774985110107,0.284200009336349
"example_panel",0.3,0.3,40,3,"kernels_breeding",0.209486369520115,0.234261632464912
"example_panel",0.3,0.3,40,4,"random",0.395475910710909,0.421516531210735
"example_panel",0.3,0.3,40,4,"additive",0.367468771435902,0.392907812179323
"example_panel",0.3,0.3,40,4,"kernels",0.382426856262029,0.408095403119826
"example_panel",0.3,0.3,40,4,"kernels_breeding",0.338272283770551,0.359956345862054
"example_panel",0.3,0.3,40,5,"random",0.327314950017346,0.29362175234574
"example_panel",0.3,0.3,40,5,"additive",0.337933802449151,0.471764934247443
"example_panel",0.3,0.3,40,5,"kernels",0.244004732623093,0.377052678854228
"example_panel",0.3,0.3,40,5,"kernels_breeding",0.18514471680024,0.343648079993339
"example_panel",0.3,0.3,40,6,"random",0.19854641383341,0.227990163901568
"example_panel",0.3,0.3,40,6,"additive",0.388036772284903,0.485375338833342
"example_panel",0.3,0.3,40,6,"kernels",0.373653323293885,0.476233676369555
"example_panel",0.3,0.3,40,6,"kernels_breeding",0.387862532116365,0.493542397232577
"example_panel",0.3,0.3,40,7,"random",0.200053243863021,0.276640407819184
"example_panel",0.3,0.3,40,7,"additive",0.363712286962968,0.528454879570366
"example_panel",0.3,0.3,40,7,"kernels",0.375505666109145,0.524324144301738
"example_panel",0.3,0.3,40,7,"kernels_breeding",0.466407754770143,0.574361143129807
"example_panel",0.3,0.3,40,8,"random",0.258836591893394,0.244033734323101
"example_panel",0.3,0.3,40,8,"additive",0.522235722035054,0.447803680910236
"example_panel",0.3,0.3,40,8,"kernels",0.415680286555917,0.346136904869559
"example_panel",0.3,0.3,40,8,"kernels_breeding",0.509635132231914,0.451147037265114
"example_panel",0.3,0.3,40,9,"random",0.195498641707945,0.164189745202459
"example_panel",0.3,0.3,40,9,"additive",0.219908345591268,0.0990917686982226
"example_panel",0.3,0.3,40,9,"kernels",0.320242000437138,0.243072839579042
"example_panel",0.3,0.3,40,9,"kernels_breeding",0.226785495277822,0.0932174272915005
"example_panel",0.3,0.3,40,10,"random",0.236046392611668,0.342502241185285
"example_panel",0.3,0.3,40,10,"additive",0.345895976866345,0.437761385802691
"example_panel",0.3,0.3,40,10,"kernels",0.452768950140013,0.471622841887429
"example_panel",0.3,0.3,40,10,"kernels_breeding",0.473697787625058,0.531850096431477
"example_panel",0.3,0.3,40,11,"random",0.267074580291441,0.234984948400763
"example_panel",0.3,0.3,40,11,"additive",0.320437331861466,0.325852437379248
"example_panel",0.3,0.3,40,11,"kernels",0.2520517292439,0.212233046902889
"example_panel",0.3,0.3,40,11,"kernels_breeding",0.343805031815518,0.350711660388692
"example_panel",0.3,0.3,40,12,"random",0.176121695144079,0.123578650179426
"example_panel",0.3,0.3,40,12,"additive",0.330892531372264,0.264729374611815
"example_panel",0.3,0.3,40,12,"kernels",0.26371542397547,0.300572108658658
"example_panel",0.3,0.3,40,12,"kernels_breeding",0.256660910265485,0.235403284225646
"example_panel",0.3,0.3,40,13,"random",0.403679868288164,0.487700671427821
"example_panel",0.3,0.3,40,13,"additive",0.463297546558445,0.563811441931803
"example_panel",0.3,0.3,40,13,"kernels",0.505863044269058,0.56581699679915
"example_panel",0.3,0.3,40,13,"kernels_breeding",0.463297546558445,0.563811441931803
"example_panel",0.3,0.3,40,14,"random",0.302301370478332,0.355366577914266
"example_panel",0.3,0.3,40,14,"additive",0.357570324054524,0.486297959451969
"example_panel",0.3,0.3,40,14,"kernels",0.368613081514786,0.419898797683413
"example_panel",0.3,0.3,40,14,"kernels_breeding",0.385046540095097,0.433039002570111
"example_panel",0.3,0.3,40,15,"random",0.144808641824419,0.263644444937932
"example_panel",0.3,0.3,40,15,"additive",0.0266031400141675,0.184523163054392
"example_panel",0.3,0.3,40,15,"kernels",0.154426325378828,0.325673914189879
"example_panel",0.3,0.3,40,15,"kernels_breeding",0.0266031400141675,0.184523163054392
"example_panel",0.3,0.3,40,16,"random",0.233029955601649,0.272255082015389
"example_panel",0.3,0.3,40,16,"additive",0.33804413842877,0.456992307137771
"example_panel",0.3,0.3,40,16,"kernels",0.291326719553,0.410816471371216
"example_panel",0.3,0.3,40,16,"kernels_breeding",0.303467309393204,0.410974560567995
"example_panel",0.3,0.3,40,17,"random",0.185970584099498,0.278306788087091
"example_panel",0.3,0.3,40,17,"additive",0.391006626455808,0.280526056415082
"example_panel",0.3,0.3,40,17,"kernels",0.419795263193399,0.205447827166863
"example_panel",0.3,0.3,40,17,"kernels_breeding",0.215662695726171,0.302643447872029
"example_panel",0.3,0.3,40,18,"random",0.290239297603929,0.417406609974907
"example_panel",0.3,0.3,40,18,"additive",0.307992042018736,0.3977330378098
"example_panel",0.3,0.3,40,18,"kernels",0.294742739861852,0.434076933257803
"example_panel",0.3,0.3,40,18,"kernels_breeding",0.275679932752474,0.418435600668693
"example_panel",0.3,0.3,40,19,"random",0.236565375916887,0.150470867693785
"example_panel",0.3,0.3,40,19,"additive",0.258039580669484,0.133718315553037
"example_panel",0.3,0.3,40,19,"kernels",0.260758472428393,0.177720988166951
"example_panel",0.3,0.3,40,19,"kernels_breeding",0.269830503956027,0.17988103053563
"example_panel",0.3,0.3,40,20,"random",0.0671860243309235,0.0939548055767459
"example_panel",0.3,0.3,40,20,"additive",0.217106121596948,0.249443799745931
"example_panel",0.3,0.3,40,20,"kernels",0.193213880585286,0.232800005364048
"example_panel",0.3,0.3,40,20,"kernels_breeding",0.210044109378193,0.295800773973019
"example_panel",0.3,0.3,40,21,"random",0.199683091148845,0.264313915128644
"example_panel",0.3,0.3,40,21,"additive",0.525170359854844,0.564171271000669
"example_panel",0.3,0.3,40,21,"kernels",0.486279904588476,0.546385448426593
"example_panel",0.3,0.3,40,21,"kernels_breeding",0.505009948576962,0.56898417227005
"example_panel",0.3,0.3,40,22,"random",0.442388489174082,0.454518232902758
"example_panel",0.3,0.3,40,22,"additive",0.227115409064956,0.169504391805764
"example_panel",0.3,0.3,40,22,"kernels",0.257284603306917,0.207182513686267
"example_panel",0.3,0.3,40,22,"kernels_breeding",0.248940906041739,0.20086199616562
"example_panel",0.3,0.3,40,23,"random",0.444118803211286,0.410012546216149
"example_panel",0.3,0.3,40,23,"additive",0.354658397188895,0.295503052229886
"example_panel",0.3,0.3,40,23,"kernels",0.370613381510608,0.281183290886108
"example_panel",0.3,0.3,40,23,"kernels_breeding",0.356087474268628,0.269112184068056
"example_panel",0.3,0.3,40,24,"random",0.300933206493819,0.39708140633214
"example_panel",0.3,0.3,40,24,"additive",0.384935819370843,0.544972681705634
"example_panel",0.3,0.3,40,24,"kernels",0.297098257460464,0.500386869480503
"example_panel",0.3,0.3,40,24,"kernels_breeding",0.323052507541601,0.509217902083749
"example_panel",0.3,0.3,40,25,"random",0.365898091693643,0.275036196448744
"example_panel",0.3,0.3,40,25,"additive",0.546462228674952,0.429833101210119
"example_panel",0.3,0.3,40,25,"kernels",0.569828483033735,0.470031574294819
"example_panel",0.3,0.3,40,25,"kernels_breeding",0.572204871982255,0.463987977160328
"example_panel",0.3,0.3,40,26,"random",0.264213832864352,0.32589442956995
"example_panel",0.3,0.3,40,26,"additive",0.146049196010093,0.135103846782296
"example_panel",0.3,0.3,40,26,"kernels",0.065090850235481,0.0385834803026565
"example_panel",0.3,0.3,40,26,"kernels_breeding",0.142381011973453,0.112279181423727
"example_panel",0.3,0.3,40,27,"random",0.232814004988581,0.214358505226533
"example_panel",0.3,0.3,40,27,"additive",0.128829944594582,-0.0401186584829511
"example_panel",0.3,0.3,40,27,"kernels",0.147358254945472,-0.0533749612392588
"example_panel",0.3,0.3,40,27,"kernels_breeding",0.0432491796961577,-0.145485115868195
"example_panel",0.3,0.3,40,28,"random",0.44428002917217,0.401287904769078
"example_panel",0.3,0.3,40,28,"additive",0.541471676796585,0.479835444140281
"example_panel",0.3,0.3,40,28,"kernels",0.493161221494258,0.404458225961474
"example_panel",0.3,0.3,40,28,"kernels_breeding",0.49008069228243,0.405318563174625
"example_panel",0.3,0.3,40,29,"random",0.335701538598399,0.380996059399686
"example_panel",0.3,0.3,40,29,"additive",0.443190067932583,0.449322874369997
"example_panel",0.3,0.3,40,29,"kernels",0.472234665447048,0.498005951957835
"example_panel",0.3,0.3,40,29,"kernels_breeding",0.473457549976446,0.491804008249486
"example_panel",0.3,0.3,40,30,"random",0.201618411973869,0.274429781585962
"example_panel",0.3,0.3,40,30,"additive",0.375369453885426,0.206867643501902
"example_panel",0.3,0.3,40,30,"kernels",0.35488105372212,0.247050094998259
"example_panel",0.3,0.3,40,30,"kernels_breeding",0.322837734900844,0.150872206181084
"sim_structured",0.5,0.3,40,1,"random",0.215639271490236,0.370815068935051
"sim_structured",0.5,0.3,40,1,"additive",0.345946053617581,0.357993782422688
"sim_structured",0.5,0.3,40,1,"kernels",0.397474582717545,0.372955919435556
"sim_structured",0.5,0.3,40,1,"kernels_breeding",0.345946053617581,0.357993782422688
"sim_structured",0.5,0.3,40,2,"random",0.224953822279576,0.488583463548086
"sim_structured",0.5,0.3,40,2,"additive",0.335484209066745,0.606032452324808
"sim_structured",0.5,0.3,40,2,"kernels",0.310085992771186,0.585427591563766
"sim_structured",0.5,0.3,40,2,"kernels_breeding",0.310085992771186,0.585427591563766
"sim_structured",0.5,0.3,40,3,"random",0.252693814960031,0.357246319282957
"sim_structured",0.5,0.3,40,3,"additive",0.317184717581019,0.450891918814742
"sim_structured",0.5,0.3,40,3,"kernels",0.341405781248093,0.379457501316716
"sim_structured",0.5,0.3,40,3,"kernels_breeding",0.283999042733204,0.467229789248711
"sim_structured",0.5,0.3,40,4,"random",0.224195642063555,0.355361344507783
"sim_structured",0.5,0.3,40,4,"additive",0.0919710832281991,0.245233255740883
"sim_structured",0.5,0.3,40,4,"kernels",0.171546887467204,0.305693729350865
"sim_structured",0.5,0.3,40,4,"kernels_breeding",0.109289887213867,0.278432113929145
"sim_structured",0.5,0.3,40,5,"random",0.146860586000832,0.0979010589555187
"sim_structured",0.5,0.3,40,5,"additive",0.341735349635842,0.0782717573195035
"sim_structured",0.5,0.3,40,5,"kernels",0.391946259445761,0.158769776406145
"sim_structured",0.5,0.3,40,5,"kernels_breeding",0.343962784221256,0.100830687925506
"sim_structured",0.5,0.3,40,6,"random",0.255743348199822,0.390835393863251
"sim_structured",0.5,0.3,40,6,"additive",0.216758569841886,0.302621400139074
"sim_structured",0.5,0.3,40,6,"kernels",0.280657434771271,0.496127429209913
"sim_structured",0.5,0.3,40,6,"kernels_breeding",0.226150807270444,0.394208769629499
"sim_structured",0.5,0.3,40,7,"random",-0.0719306546449116,0.0166766098748189
"sim_structured",0.5,0.3,40,7,"additive",-0.0882355275685964,0.0170568763380605
"sim_structured",0.5,0.3,40,7,"kernels",-0.0963825540306912,0.0163731854868897
"sim_structured",0.5,0.3,40,7,"kernels_breeding",-0.139651665430405,-0.0474362431519222
"sim_structured",0.5,0.3,40,8,"random",0.389048699874759,0.27686390613457
"sim_structured",0.5,0.3,40,8,"additive",0.232919475299525,0.253346310585585
"sim_structured",0.5,0.3,40,8,"kernels",0.156356548027433,0.153895037315513
"sim_structured",0.5,0.3,40,8,"kernels_breeding",0.232919475299525,0.253346310585585
"sim_structured",0.5,0.3,40,9,"random",0.0646157859278751,0.107367434257916
"sim_structured",0.5,0.3,40,9,"additive",0.1693920236501,0.185656862208917
"sim_structured",0.5,0.3,40,9,"kernels",0.264418345755248,0.350783545971571
"sim_structured",0.5,0.3,40,9,"kernels_breeding",0.192624847359052,0.209293796013479
"sim_structured",0.5,0.3,40,10,"random",0.0394419417261633,0.0827562600132768
"sim_structured",0.5,0.3,40,10,"additive",0.133771217925861,0.167259484567709
"sim_structured",0.5,0.3,40,10,"kernels",0.143655623576125,0.198623926840963
"sim_structured",0.5,0.3,40,10,"kernels_breeding",0.13764796603855,0.168768989399699
"sim_structured",0.5,0.3,40,11,"random",0.276658351598945,0.188889940297956
"sim_structured",0.5,0.3,40,11,"additive",0.449371064530393,0.358934864012931
"sim_structured",0.5,0.3,40,11,"kernels",0.441936011650689,0.362119824370957
"sim_structured",0.5,0.3,40,11,"kernels_breeding",0.391274592999278,0.384991858083459
"sim_structured",0.5,0.3,40,12,"random",0.349302189755769,0.342942509972695
"sim_structured",0.5,0.3,40,12,"additive",0.278504698635233,0.382386648014132
"sim_structured",0.5,0.3,40,12,"kernels",0.284512012980245,0.35569783717635
"sim_structured",0.5,0.3,40,12,"kernels_breeding",0.353209067083148,0.400505617091502
"sim_structured",0.5,0.3,40,13,"random",0.546390768661842,0.571208920436546
"sim_structured",0.5,0.3,40,13,"additive",0.680817697039307,0.659357990539825
"sim_structured",0.5,0.3,40,13,"kernels",0.657508245607566,0.642069550572067
"sim_structured",0.5,0.3,40,13,"kernels_breeding",0.689905309218949,0.671483299511416
"sim_structured",0.5,0.3,40,14,"random",0.411856219991486,0.473636501017244
"sim_structured",0.5,0.3,40,14,"additive",0.350996130657633,0.488731282895833
"sim_structured",0.5,0.3,40,14,"kernels",0.358056770892289,0.492840863878107
"sim_structured",0.5,0.3,40,14,"kernels_breeding",0.33739976192428,0.469164048261748
"sim_structured",0.5,0.3,40,15,"random",0.208258715893201,0.289378229490614
"sim_structured",0.5,0.3,40,15,"additive",0.31939561632938,0.0965169101422678
"sim_structured",0.5,0.3,40,15,"kernels",0.362130884959168,0.200116220829388
"sim_structured",0.5,0.3,40,15,"kernels_breeding",0.35928106445939,0.179531817395497
"sim_structured",0.5,0.3,40,16,"random",0.24920159741611,0.19064385242864
"sim_structured",0.5,0.3,40,16,"additive",0.227277690265773,0.155114856784617
"sim_structured",0.5,0.3,40,16,"kernels",0.229171972126628,0.0979359038313213
"sim_structured",0.5,0.3,40,16,"kernels_breeding",0.263553274756576,0.132770418623451
"sim_structured",0.5,0.3,40,17,"random",0.318088292779387,0.411417998948785
"sim_structured",0.5,0.3,40,17,"additive",0.426310846219168,0.562882098680331
"sim_structured",0.5,0.3,40,17,"kernels",0.395163358778319,0.461606500474295
"sim_structured",0.5,0.3,40,17,"kernels_breeding",0.400407586522774,0.497954101031019
"sim_structured",0.5,0.3,40,18,"random",0.141470942833398,0.189100264304299
"sim_structured",0.5,0.3,40,18,"additive",0.216885048088274,0.259051909813586
"sim_structured",0.5,0.3,40,18,"kernels",0.137764207810894,0.211407946388719
"sim_structured",0.5,0.3,40,18,"kernels_breeding",0.244111110118538,0.281663161573495
"sim_structured",0.5,0.3,40,19,"random",0.250095517929288,0.39003791043055
"sim_structured",0.5,0.3,40,19,"additive",0.429006536278096,0.466071721181115
"sim_structured",0.5,0.3,40,19,"kernels",0.408388451430961,0.402899816897098
"sim_structured",0.5,0.3,40,19,"kernels_breeding",0.385260842933806,0.424867813324855
"sim_structured",0.5,0.3,40,20,"random",0.24494854923975,0.251536974594207
"sim_structured",0.5,0.3,40,20,"additive",0.427550790783872,0.271658149702348
"sim_structured",0.5,0.3,40,20,"kernels",0.384349584603478,0.287605507136328
"sim_structured",0.5,0.3,40,20,"kernels_breeding",0.44046825708314,0.348608892133734
"sim_structured",0.5,0.3,40,21,"random",0.213180205160178,0.271906004173377
"sim_structured",0.5,0.3,40,21,"additive",0.183993763260419,0.257332385447805
"sim_structured",0.5,0.3,40,21,"kernels",0.25403307626075,0.232557535130666
"sim_structured",0.5,0.3,40,21,"kernels_breeding",0.271878254794804,0.286842804651831
"sim_structured",0.5,0.3,40,22,"random",0.0697470399218017,0.0740976339274984
"sim_structured",0.5,0.3,40,22,"additive",0.0214098676687191,0.071672175348948
"sim_structured",0.5,0.3,40,22,"kernels",0.0457618320066288,0.0230024010880023
"sim_structured",0.5,0.3,40,22,"kernels_breeding",0.0363167310736695,0.0733272706775913
"sim_structured",0.5,0.3,40,23,"random",0.173522990035175,0.343783413812416
"sim_structured",0.5,0.3,40,23,"additive",0.23532042309202,0.161768297251789
"sim_structured",0.5,0.3,40,23,"kernels",0.322587798880071,0.294874115977589
"sim_structured",0.5,0.3,40,23,"kernels_breeding",0.253095683135924,0.184863567868967
"sim_structured",0.5,0.3,40,24,"random",0.402458967573681,0.436341874218407
"sim_structured",0.5,0.3,40,24,"additive",0.593504892730186,0.638793798710014
"sim_structured",0.5,0.3,40,24,"kernels",0.609932746146775,0.611196556445539
"sim_structured",0.5,0.3,40,24,"kernels_breeding",0.607329719725581,0.561970158570198
"sim_structured",0.5,0.3,40,25,"random",0.234685675756139,0.228145921251176
"sim_structured",0.5,0.3,40,25,"additive",0.270832250456976,0.209757740603326
"sim_structured",0.5,0.3,40,25,"kernels",0.294468992470143,0.225066344334082
"sim_structured",0.5,0.3,40,25,"kernels_breeding",0.300419235838611,0.268534105192681
"sim_structured",0.5,0.3,40,26,"random",0.233565427597697,0.216710268364182
"sim_structured",0.5,0.3,40,26,"additive",0.378289353031678,0.320519754787101
"sim_structured",0.5,0.3,40,26,"kernels",0.365189014473599,0.319816459690096
"sim_structured",0.5,0.3,40,26,"kernels_breeding",0.473391760742778,0.515449237926351
"sim_structured",0.5,0.3,40,27,"random",0.0995629484340313,0.090720862104482
"sim_structured",0.5,0.3,40,27,"additive",0.282096838470702,0.168650311501923
"sim_structured",0.5,0.3,40,27,"kernels",0.0580382096201006,-0.089862472156751
"sim_structured",0.5,0.3,40,27,"kernels_breeding",0.253366216584558,0.112605820796157
"sim_structured",0.5,0.3,40,28,"random",0.358449501612697,0.312824337438871
"sim_structured",0.5,0.3,40,28,"additive",0.297717168941904,0.428720284736396
"sim_structured",0.5,0.3,40,28,"kernels",0.283912218498871,0.347484051033153
"sim_structured",0.5,0.3,40,28,"kernels_breeding",0.293720689562007,0.383618874978197
"sim_structured",0.5,0.3,40,29,"random",0.334147303607535,0.14807696034232
"sim_structured",0.5,0.3,40,29,"additive",0.462141334493683,0.181892255611963
"sim_structured",0.5,0.3,40,29,"kernels",0.371379670747959,0.10540548798787
"sim_structured",0.5,0.3,40,29,"kernels_breeding",0.468243254692174,0.211890950491226
"sim_structured",0.5,0.3,40,30,"random",0.186896262344743,0.0934246195086079
"sim_structured",0.5,0.3,40,30,"additive",0.173512527229359,0.215088918935749
"sim_structured",0.5,0.3,40,30,"kernels",0.252121519933451,0.263796744560567
"sim_structured",0.5,0.3,40,30,"kernels_breeding",0.241964114474774,0.236401919278318
"sim_continuum",0.5,0.3,40,1,"random",0.420374260925063,0.533978579678446
"sim_continuum",0.5,0.3,40,1,"additive",0.50374248322644,0.629509609041279
"sim_continuum",0.5,0.3,40,1,"kernels",0.441020488349631,0.60054626342692
"sim_continuum",0.5,0.3,40,1,"kernels_breeding",0.499158437345452,0.655809200113716
"sim_continuum",0.5,0.3,40,2,"random",0.170149234314498,0.159232589569012
"sim_continuum",0.5,0.3,40,2,"additive",0.121796366974271,0.0862446407908442
"sim_continuum",0.5,0.3,40,2,"kernels",0.164196407718957,0.10916565131453
"sim_continuum",0.5,0.3,40,2,"kernels_breeding",0.118039066487311,0.0863763776289035
"sim_continuum",0.5,0.3,40,3,"random",0.267935658372494,0.240426887848219
"sim_continuum",0.5,0.3,40,3,"additive",0.368590211289335,0.480687203587642
"sim_continuum",0.5,0.3,40,3,"kernels",0.374500822553982,0.380925632699314
"sim_continuum",0.5,0.3,40,3,"kernels_breeding",0.376464399282889,0.481296963369711
"sim_continuum",0.5,0.3,40,4,"random",0.400161663631039,0.464967361390746
"sim_continuum",0.5,0.3,40,4,"additive",0.386677469194917,0.29860044400296
"sim_continuum",0.5,0.3,40,4,"kernels",0.48380665026424,0.481318168266567
"sim_continuum",0.5,0.3,40,4,"kernels_breeding",0.282597463042755,0.307470013639127
"sim_continuum",0.5,0.3,40,5,"random",0.27481242769633,0.0777533290265743
"sim_continuum",0.5,0.3,40,5,"additive",0.201652629582809,-0.25962296284984
"sim_continuum",0.5,0.3,40,5,"kernels",0.299695849186894,-0.203825664467553
"sim_continuum",0.5,0.3,40,5,"kernels_breeding",0.296980280961336,-0.0628227625416731
"sim_continuum",0.5,0.3,40,6,"random",0.222470794258306,0.438469067803141
"sim_continuum",0.5,0.3,40,6,"additive",0.265289699090185,0.339383715406521
"sim_continuum",0.5,0.3,40,6,"kernels",0.21043973234858,0.414191199883921
"sim_continuum",0.5,0.3,40,6,"kernels_breeding",0.255411766792708,0.351526356613449
"sim_continuum",0.5,0.3,40,7,"random",0.29014073368519,0.392292288582802
"sim_continuum",0.5,0.3,40,7,"additive",0.505360139428453,0.656778480068312
"sim_continuum",0.5,0.3,40,7,"kernels",0.38687461136693,0.497330786170679
"sim_continuum",0.5,0.3,40,7,"kernels_breeding",0.459621569130366,0.548562215524906
"sim_continuum",0.5,0.3,40,8,"random",0.260698812922305,0.364411280206346
"sim_continuum",0.5,0.3,40,8,"additive",0.452600714102053,0.432362062357758
"sim_continuum",0.5,0.3,40,8,"kernels",0.367211302844182,0.325240557041229
"sim_continuum",0.5,0.3,40,8,"kernels_breeding",0.397028693888807,0.362194572270483
"sim_continuum",0.5,0.3,40,9,"random",0.448029123287854,0.430742496843133
"sim_continuum",0.5,0.3,40,9,"additive",0.467272314247083,0.626700049991558
"sim_continuum",0.5,0.3,40,9,"kernels",0.548550005604705,0.678466794789414
"sim_continuum",0.5,0.3,40,9,"kernels_breeding",0.516204437364128,0.642621583600506
"sim_continuum",0.5,0.3,40,10,"random",0.240869858916953,0.182179434692223
"sim_continuum",0.5,0.3,40,10,"additive",0.0991367334782987,0.202950037662021
"sim_continuum",0.5,0.3,40,10,"kernels",0.0889251992904694,0.225021061544027
"sim_continuum",0.5,0.3,40,10,"kernels_breeding",0.10172603713448,0.23148406558326
"sim_continuum",0.5,0.3,40,11,"random",0.270338400616843,0.399393502954859
"sim_continuum",0.5,0.3,40,11,"additive",0.41973779139668,0.585589028349267
"sim_continuum",0.5,0.3,40,11,"kernels",0.435216857568225,0.573618085629805
"sim_continuum",0.5,0.3,40,11,"kernels_breeding",0.465693527753073,0.614034775216437
"sim_continuum",0.5,0.3,40,12,"random",0.255883447502375,0.231101275231876
"sim_continuum",0.5,0.3,40,12,"additive",0.428414511611248,0.375477656358095
"sim_continuum",0.5,0.3,40,12,"kernels",0.378585214424812,0.336994942559186
"sim_continuum",0.5,0.3,40,12,"kernels_breeding",0.358554794918144,0.319179906025094
"sim_continuum",0.5,0.3,40,13,"random",-0.0121962849069399,0.200385547016592
"sim_continuum",0.5,0.3,40,13,"additive",0.20119010708075,0.496750442001691
"sim_continuum",0.5,0.3,40,13,"kernels",0.207721580190719,0.350308596927025
"sim_continuum",0.5,0.3,40,13,"kernels_breeding",0.348069885014943,0.469243419587167
"sim_continuum",0.5,0.3,40,14,"random",0.22250412350352,0.282477818583372
"sim_continuum",0.5,0.3,40,14,"additive",0.406333804535025,0.401986817515845
"sim_continuum",0.5,0.3,40,14,"kernels",0.318448532310143,0.103219289398846
"sim_continuum",0.5,0.3,40,14,"kernels_breeding",0.330379416177743,0.170506266374863
"sim_continuum",0.5,0.3,40,15,"random",0.467431997389386,0.451884381811173
"sim_continuum",0.5,0.3,40,15,"additive",0.129489213508116,-0.110288274679045
"sim_continuum",0.5,0.3,40,15,"kernels",0.0825833805034528,-0.0426053223608451
"sim_continuum",0.5,0.3,40,15,"kernels_breeding",0.106245628659725,0.0496179394910143
"sim_continuum",0.5,0.3,40,16,"random",0.309403854871257,0.430898007345664
"sim_continuum",0.5,0.3,40,16,"additive",0.367251296997052,0.485525182531959
"sim_continuum",0.5,0.3,40,16,"kernels",0.416444718809752,0.475593183201603
"sim_continuum",0.5,0.3,40,16,"kernels_breeding",0.400927741552825,0.539403302769996
"sim_continuum",0.5,0.3,40,17,"random",0.343270834243949,0.128870256691459
"sim_continuum",0.5,0.3,40,17,"additive",0.436927357155079,0.483813276067611
"sim_continuum",0.5,0.3,40,17,"kernels",0.393387618825049,0.236082432589332
"sim_continuum",0.5,0.3,40,17,"kernels_breeding",0.497191203036645,0.461576602797865
"sim_continuum",0.5,0.3,40,18,"random",0.167445072099141,0.165958747603133
"sim_continuum",0.5,0.3,40,18,"additive",0.287215692477576,0.380650135653809
"sim_continuum",0.5,0.3,40,18,"kernels",0.361461648815465,0.419486602831474
"sim_continuum",0.5,0.3,40,18,"kernels_breeding",0.296311273096914,0.372932034373401
"sim_continuum",0.5,0.3,40,19,"random",0.312811430833744,0.378683768638653
"sim_continuum",0.5,0.3,40,19,"additive",0.303326768669926,0.512017183923146
"sim_continuum",0.5,0.3,40,19,"kernels",0.377896497412804,0.584294771741946
"sim_continuum",0.5,0.3,40,19,"kernels_breeding",0.396582782789596,0.642839003921955
"sim_continuum",0.5,0.3,40,20,"random",0.348033887025074,0.163966834151273
"sim_continuum",0.5,0.3,40,20,"additive",0.121437523396712,0.259287894469082
"sim_continuum",0.5,0.3,40,20,"kernels",0.423990489619705,0.283667908618601
"sim_continuum",0.5,0.3,40,20,"kernels_breeding",0.394882325576983,0.370047524830729
"sim_continuum",0.5,0.3,40,21,"random",0.359770038552596,0.506150454878049
"sim_continuum",0.5,0.3,40,21,"additive",0.0374679561283684,0.284063671683567
"sim_continuum",0.5,0.3,40,21,"kernels",0.0938139338415666,0.269599822476468
"sim_continuum",0.5,0.3,40,21,"kernels_breeding",0.13714770999027,0.343642758809674
"sim_continuum",0.5,0.3,40,22,"random",0.33156966523711,0.294574410176754
"sim_continuum",0.5,0.3,40,22,"additive",0.460845274352073,0.508596073734764
"sim_continuum",0.5,0.3,40,22,"kernels",0.441770726835178,0.526859275488355
"sim_continuum",0.5,0.3,40,22,"kernels_breeding",0.495105764590009,0.555613883054332
"sim_continuum",0.5,0.3,40,23,"random",0.23149037062405,0.399130211499386
"sim_continuum",0.5,0.3,40,23,"additive",0.483725408355468,0.426099033208609
"sim_continuum",0.5,0.3,40,23,"kernels",0.509412608788816,0.558401349929781
"sim_continuum",0.5,0.3,40,23,"kernels_breeding",0.463412592611123,0.474775531710845
"sim_continuum",0.5,0.3,40,24,"random",0.409197519779993,0.406663997154124
"sim_continuum",0.5,0.3,40,24,"additive",0.527430341128386,0.635979675960261
"sim_continuum",0.5,0.3,40,24,"kernels",0.533241250724974,0.612109295685152
"sim_continuum",0.5,0.3,40,24,"kernels_breeding",0.498757799165192,0.653869054502485
"sim_continuum",0.5,0.3,40,25,"random",0.523945326781154,0.561921927032518
"sim_continuum",0.5,0.3,40,25,"additive",0.697073866190931,0.748167934344973
"sim_continuum",0.5,0.3,40,25,"kernels",0.691019633972217,0.712708804500314
"sim_continuum",0.5,0.3,40,25,"kernels_breeding",0.651009659300135,0.64389058948489
"sim_continuum",0.5,0.3,40,26,"random",0.323178387813383,0.379185271989242
"sim_continuum",0.5,0.3,40,26,"additive",0.480490506300571,0.600105213661709
"sim_continuum",0.5,0.3,40,26,"kernels",0.364044877851418,0.477451995518563
"sim_continuum",0.5,0.3,40,26,"kernels_breeding",0.517361854708798,0.565331357408414
"sim_continuum",0.5,0.3,40,27,"random",0.496121762351547,0.575744243289549
"sim_continuum",0.5,0.3,40,27,"additive",0.711893406693353,0.687557907055334
"sim_continuum",0.5,0.3,40,27,"kernels",0.65248691222386,0.783385625238412
"sim_continuum",0.5,0.3,40,27,"kernels_breeding",0.696335968746295,0.600212263946715
"sim_continuum",0.5,0.3,40,28,"random",0.0779501903624022,0.229649703253298
"sim_continuum",0.5,0.3,40,28,"additive",0.219008296004126,0.0575131150514262
"sim_continuum",0.5,0.3,40,28,"kernels",0.344592806861076,0.172711952255117
"sim_continuum",0.5,0.3,40,28,"kernels_breeding",0.297547408484795,0.116349028360404
"sim_continuum",0.5,0.3,40,29,"random",0.397538803505907,0.456932672700582
"sim_continuum",0.5,0.3,40,29,"additive",0.272284077566757,0.507267003103396
"sim_continuum",0.5,0.3,40,29,"kernels",0.310558187411039,0.559900097417751
"sim_continuum",0.5,0.3,40,29,"kernels_breeding",0.363757629006827,0.637325827947773
"sim_continuum",0.5,0.3,40,30,"random",0.157017481946449,0.108454285479705
"sim_continuum",0.5,0.3,40,30,"additive",0.437227270411508,0.408067464456717
"sim_continuum",0.5,0.3,40,30,"kernels",0.45926139103766,0.389054902772635
"sim_continuum",0.5,0.3,40,30,"kernels_breeding",0.496284494835855,0.401079871550875
"example_panel",0.5,0.3,40,1,"random",0.118052649737718,0.198209365756005
"example_panel",0.5,0.3,40,1,"additive",-0.0154842776072162,-0.048884815098348
"example_panel",0.5,0.3,40,1,"kernels",0.103572893934297,0.021016651562649
"example_panel",0.5,0.3,40,1,"kernels_breeding",0.118077876084823,0.0192975964706831
"example_panel",0.5,0.3,40,2,"random",0.119444246137918,-0.0203097649191156
"example_panel",0.5,0.3,40,2,"additive",0.115739692194031,-0.133946009640055
"example_panel",0.5,0.3,40,2,"kernels",0.111724173376688,-0.146500720350329
"example_panel",0.5,0.3,40,2,"kernels_breeding",0.110353450876176,-0.175968133652916
"example_panel",0.5,0.3,40,3,"random",0.102368426716952,0.154219814413317
"example_panel",0.5,0.3,40,3,"additive",0.082333444349897,0.340169092637458
"example_panel",0.5,0.3,40,3,"kernels",0.103700741262229,0.24890511215861
"example_panel",0.5,0.3,40,3,"kernels_breeding",0.0998932201827645,0.305451018906361
"example_panel",0.5,0.3,40,4,"random",0.134984463086585,0.207784459137177
"example_panel",0.5,0.3,40,4,"additive",0.0560677340982712,0.10994112535396
"example_panel",0.5,0.3,40,4,"kernels",0.0962852914438772,0.164547808973834
"example_panel",0.5,0.3,40,4,"kernels_breeding",0.0410440348680394,0.0994081801004655
"example_panel",0.5,0.3,40,5,"random",0.132014396627495,0.189807458350617
"example_panel",0.5,0.3,40,5,"additive",0.278912452475483,0.236577425588309
"example_panel",0.5,0.3,40,5,"kernels",0.310975362463361,0.285481642287906
"example_panel",0.5,0.3,40,5,"kernels_breeding",0.310678048547235,0.29358020365828
"example_panel",0.5,0.3,40,6,"random",0.417075476254579,0.462323628918385
"example_panel",0.5,0.3,40,6,"additive",0.464759968710273,0.555238560933853
"example_panel",0.5,0.3,40,6,"kernels",0.411123040082813,0.533939432861021
"example_panel",0.5,0.3,40,6,"kernels_breeding",0.520901196432785,0.614932230859752
"example_panel",0.5,0.3,40,7,"random",0.310773548098503,0.301119494838671
"example_panel",0.5,0.3,40,7,"additive",0.438142770261928,0.513524398373963
"example_panel",0.5,0.3,40,7,"kernels",0.431782015001261,0.481714375834366
"example_panel",0.5,0.3,40,7,"kernels_breeding",0.408543702502678,0.383308650858859
"example_panel",0.5,0.3,40,8,"random",0.0348756524177069,0.301858492576767
"example_panel",0.5,0.3,40,8,"additive",0.0686472799422741,0.298322054257046
"example_panel",0.5,0.3,40,8,"kernels",0.0408956321153201,0.180340674135298
"example_panel",0.5,0.3,40,8,"kernels_breeding",0.151238629776708,0.417526558493277
"example_panel",0.5,0.3,40,9,"random",0.149995759048706,0.078897249231464
"example_panel",0.5,0.3,40,9,"additive",-0.13652211275419,-0.116993704776371
"example_panel",0.5,0.3,40,9,"kernels",-0.113036642431404,-0.0613502394966177
"example_panel",0.5,0.3,40,9,"kernels_breeding",-0.157678104878123,-0.128968479866063
"example_panel",0.5,0.3,40,10,"random",0.111936202793286,0.127506327048533
"example_panel",0.5,0.3,40,10,"additive",0.174998811942987,0.121642108684792
"example_panel",0.5,0.3,40,10,"kernels",0.0259621763052686,-0.0160296274325029
"example_panel",0.5,0.3,40,10,"kernels_breeding",0.154223888603302,0.069812398523364
"example_panel",0.5,0.3,40,11,"random",0.319401001105167,0.312280846888531
"example_panel",0.5,0.3,40,11,"additive",-0.029154569312918,-0.13572504120096
"example_panel",0.5,0.3,40,11,"kernels",0.332692047614306,0.232742416470901
"example_panel",0.5,0.3,40,11,"kernels_breeding",0.33178958974858,0.107659002577637
"example_panel",0.5,0.3,40,12,"random",0.311969971834503,0.197800750505547
"example_panel",0.5,0.3,40,12,"additive",0.443360908225011,0.357968464410307
"example_panel",0.5,0.3,40,12,"kernels",0.421956103179302,0.347668819785406
"example_panel",0.5,0.3,40,12,"kernels_breeding",0.456707934846816,0.366879664955063
"example_panel",0.5,0.3,40,13,"random",0.148588868397384,0.236641840549434
"example_panel",0.5,0.3,40,13,"additive",0.188822072473751,0.293894660974159
"example_panel",0.5,0.3,40,13,"kernels",0.134935387348696,0.301867767196564
"example_panel",0.5,0.3,40,13,"kernels_breeding",0.111146329240632,0.376413630994807
"example_panel",0.5,0.3,40,14,"random",0.280659263870233,0.379533215974901
"example_panel",0.5,0.3,40,14,"additive",0.231096100462123,0.418244740099204
"example_panel",0.5,0.3,40,14,"kernels",0.349929600513808,0.459604097131112
"example_panel",0.5,0.3,40,14,"kernels_breeding",0.272771913313037,0.435527707353905
"example_panel",0.5,0.3,40,15,"random",0.361870530536833,0.355064414558074
"example_panel",0.5,0.3,40,15,"additive",0.505849867798057,0.482657603336754
"example_panel",0.5,0.3,40,15,"kernels",0.550785186255064,0.502338445537432
"example_panel",0.5,0.3,40,15,"kernels_breeding",0.528979871903781,0.485134529298575
"example_panel",0.5,0.3,40,16,"random",0.416185807986378,0.499303301329477
"example_panel",0.5,0.3,40,16,"additive",0.366209772519128,0.242695338526875
"example_panel",0.5,0.3,40,16,"kernels",0.325144940993792,0.349328990234252
"example_panel",0.5,0.3,40,16,"kernels_breeding",0.422753052556009,0.531508713924404
"example_panel",0.5,0.3,40,17,"random",0.307863060400216,0.429790983209174
"example_panel",0.5,0.3,40,17,"additive",0.161036766407025,0.269356201114928
"example_panel",0.5,0.3,40,17,"kernels",0.201363905331176,0.35367943615356
"example_panel",0.5,0.3,40,17,"kernels_breeding",0.238690911105924,0.39092143367916
"example_panel",0.5,0.3,40,18,"random",0.115417528318782,-0.0277386850818911
"example_panel",0.5,0.3,40,18,"additive",0.0550151219443566,-0.141279936408342
"example_panel",0.5,0.3,40,18,"kernels",0.0659970232987852,-0.154931732907709
"example_panel",0.5,0.3,40,18,"kernels_breeding",0.0785244345574064,-0.12648541470755
"example_panel",0.5,0.3,40,19,"random",0.181273565454993,0.256708489913684
"example_panel",0.5,0.3,40,19,"additive",0.193421484212621,0.331898043349686
"example_panel",0.5,0.3,40,19,"kernels",0.164376617454921,0.344335891059429
"example_panel",0.5,0.3,40,19,"kernels_breeding",0.220433446695491,0.35476233769317
"example_panel",0.5,0.3,40,20,"random",0.041204965379348,0.144471873855065
"example_panel",0.5,0.3,40,20,"additive",0.0782934076224889,0.298973404996063
"example_panel",0.5,0.3,40,20,"kernels",0.0829645548468866,0.29288909057477
"example_panel",0.5,0.3,40,20,"kernels_breeding",0.00363439163999734,0.036838227765362
"example_panel",0.5,0.3,40,21,"random",0.163778950359574,0.139851617882135
"example_panel",0.5,0.3,40,21,"additive",0.0430319235088777,-0.0699023118366864
"example_panel",0.5,0.3,40,21,"kernels",0.00289333345676576,-0.281203908522181
"example_panel",0.5,0.3,40,21,"kernels_breeding",0.036428565124242,-0.00060713287296292
"example_panel",0.5,0.3,40,22,"random",0.236767093025526,0.326563430468188
"example_panel",0.5,0.3,40,22,"additive",0.403180491844639,0.45210235801803
"example_panel",0.5,0.3,40,22,"kernels",0.422166828521183,0.431535501976949
"example_panel",0.5,0.3,40,22,"kernels_breeding",0.403180491844639,0.45210235801803
"example_panel",0.5,0.3,40,23,"random",0.0956579219246604,-0.00592310242871906
"example_panel",0.5,0.3,40,23,"additive",0.207658846684592,0.0368253075935101
"example_panel",0.5,0.3,40,23,"kernels",0.284580811896436,0.169617523302884
"example_panel",0.5,0.3,40,23,"kernels_breeding",0.295209826597817,0.160885270306737
"example_panel",0.5,0.3,40,24,"random",0.1073302020685,0.188002825656834
"example_panel",0.5,0.3,40,24,"additive",0.3581383029388,0.0784958871023009
"example_panel",0.5,0.3,40,24,"kernels",0.329715668235653,-0.0227253159378084
"example_panel",0.5,0.3,40,24,"kernels_breeding",0.340364178028487,0.0684830398834718
"example_panel",0.5,0.3,40,25,"random",0.280668664587676,0.27151927985796
"example_panel",0.5,0.3,40,25,"additive",0.408945516239393,0.499801788542508
"example_panel",0.5,0.3,40,25,"kernels",0.387681360602014,0.470656594923899
"example_panel",0.5,0.3,40,25,"kernels_breeding",0.35086060030083,0.41970627057806
"example_panel",0.5,0.3,40,26,"random",0.250455845509266,0.366052495878614
"example_panel",0.5,0.3,40,26,"additive",0.213023133997097,0.214182231978553
"example_panel",0.5,0.3,40,26,"kernels",0.148410230134417,0.126502812286109
"example_panel",0.5,0.3,40,26,"kernels_breeding",0.223669714248521,0.232145610215294
"example_panel",0.5,0.3,40,27,"random",0.442993513988837,0.45259241322143
"example_panel",0.5,0.3,40,27,"additive",0.465243262877847,0.532924486879653
"example_panel",0.5,0.3,40,27,"kernels",0.431851420758186,0.450673633337276
"example_panel",0.5,0.3,40,27,"kernels_breeding",0.504851824675703,0.574944010463841
"example_panel",0.5,0.3,40,28,"random",0.0571067365162742,0.210490628954079
"example_panel",0.5,0.3,40,28,"additive",0.128911103105403,0.0942423121810866
"example_panel",0.5,0.3,40,28,"kernels",0.109828572172565,0.0743731115962273
"example_panel",0.5,0.3,40,28,"kernels_breeding",0.125812784867938,0.0962744543156919
"example_panel",0.5,0.3,40,29,"random",0.366606180698569,0.387360248214897
"example_panel",0.5,0.3,40,29,"additive",0.104268319484554,0.209999686422837
"example_panel",0.5,0.3,40,29,"kernels",0.14117672662349,0.341251235159129
"example_panel",0.5,0.3,40,29,"kernels_breeding",0.174624145283362,0.282615194351204
"example_panel",0.5,0.3,40,30,"random",0.106281921492827,0.154042164639386
"example_panel",0.5,0.3,40,30,"additive",0.218192253033714,0.260148386291237
"example_panel",0.5,0.3,40,30,"kernels",0.273119580592359,0.321741426416736
"example_panel",0.5,0.3,40,30,"kernels_breeding",0.218377096380531,0.255502903587058
"sim_structured",0.3,0.6,40,1,"random",0.398974477137731,0.491396143238774
"sim_structured",0.3,0.6,40,1,"additive",0.523924601283633,0.516851828829632
"sim_structured",0.3,0.6,40,1,"kernels",0.534860491432094,0.524374470288505
"sim_structured",0.3,0.6,40,1,"kernels_breeding",0.523924601283633,0.516851828829632
"sim_structured",0.3,0.6,40,2,"random",0.424038891529521,0.598555223341051
"sim_structured",0.3,0.6,40,2,"additive",0.536243959815792,0.697253550002481
"sim_structured",0.3,0.6,40,2,"kernels",0.51242950815754,0.681460059199861
"sim_structured",0.3,0.6,40,2,"kernels_breeding",0.51242950815754,0.681460059199861
"sim_structured",0.3,0.6,40,3,"random",0.399379425378273,0.487207724157841
"sim_structured",0.3,0.6,40,3,"additive",0.452415672011473,0.500206137490851
"sim_structured",0.3,0.6,40,3,"kernels",0.433916520857283,0.417939920004772
"sim_structured",0.3,0.6,40,3,"kernels_breeding",0.441215185179,0.528887600711914
"sim_structured",0.3,0.6,40,4,"random",0.326666729453422,0.407839180417017
"sim_structured",0.3,0.6,40,4,"additive",0.312887156189694,0.385007549901564
"sim_structured",0.3,0.6,40,4,"kernels",0.412514309776241,0.44834147775333
"sim_structured",0.3,0.6,40,4,"kernels_breeding",0.311198623654445,0.394475768049719
"sim_structured",0.3,0.6,40,5,"random",0.255984666901113,0.189761117153854
"sim_structured",0.3,0.6,40,5,"additive",0.424828251165807,0.196368252032615
"sim_structured",0.3,0.6,40,5,"kernels",0.455327710603999,0.24280986554588
"sim_structured",0.3,0.6,40,5,"kernels_breeding",0.431139676053891,0.211138540840062
"sim_structured",0.3,0.6,40,6,"random",0.380549512287185,0.457848480681708
"sim_structured",0.3,0.6,40,6,"additive",0.49159313058225,0.581761598378058
"sim_structured",0.3,0.6,40,6,"kernels",0.512718681101798,0.639236858274523
"sim_structured",0.3,0.6,40,6,"kernels_breeding",0.531899463847888,0.64976534587592
"sim_structured",0.3,0.6,40,7,"random",0.046394523512476,0.129043079814143
"sim_structured",0.3,0.6,40,7,"additive",0.0865596520492972,0.221295043268331
"sim_structured",0.3,0.6,40,7,"kernels",0.0807078142659344,0.215647932245785
"sim_structured",0.3,0.6,40,7,"kernels_breeding",0.0139763576821072,0.139735700977613
"sim_structured",0.3,0.6,40,8,"random",0.583530050356918,0.507263039467777
"sim_structured",0.3,0.6,40,8,"additive",0.466915498988486,0.51324877835227
"sim_structured",0.3,0.6,40,8,"kernels",0.439464100479212,0.482746441345865
"sim_structured",0.3,0.6,40,8,"kernels_breeding",0.466915498988486,0.51324877835227
"sim_structured",0.3,0.6,40,9,"random",0.184252746485709,0.220661630169283
"sim_structured",0.3,0.6,40,9,"additive",0.420492514686912,0.421694938985691
"sim_structured",0.3,0.6,40,9,"kernels",0.513351002419926,0.570050945839504
"sim_structured",0.3,0.6,40,9,"kernels_breeding",0.443104094480154,0.444464593243777
"sim_structured",0.3,0.6,40,10,"random",0.223705645267704,0.268066732626132
"sim_structured",0.3,0.6,40,10,"additive",0.398133978340859,0.445677379455039
"sim_structured",0.3,0.6,40,10,"kernels",0.378462128608992,0.412232094261787
"sim_structured",0.3,0.6,40,10,"kernels_breeding",0.381485397991941,0.407322423458144
"sim_structured",0.3,0.6,40,11,"random",0.317658334610117,0.257453837699522
"sim_structured",0.3,0.6,40,11,"additive",0.530838435327151,0.467292445009684
"sim_structured",0.3,0.6,40,11,"kernels",0.52701125828364,0.478574579466758
"sim_structured",0.3,0.6,40,11,"kernels_breeding",0.480399132369504,0.469101970281444
"sim_structured",0.3,0.6,40,12,"random",0.467279455742876,0.461291614254685
"sim_structured",0.3,0.6,40,12,"additive",0.484660804389089,0.527848887878026
"sim_structured",0.3,0.6,40,12,"kernels",0.481277904306592,0.530674324710065
"sim_structured",0.3,0.6,40,12,"kernels_breeding",0.531006679236498,0.549052588533071
"sim_structured",0.3,0.6,40,13,"random",0.654241402302847,0.649757689164399
"sim_structured",0.3,0.6,40,13,"additive",0.760876489472539,0.720157212848716
"sim_structured",0.3,0.6,40,13,"kernels",0.771824844546641,0.737788078970274
"sim_structured",0.3,0.6,40,13,"kernels_breeding",0.765751711378934,0.726863304517922
"sim_structured",0.3,0.6,40,14,"random",0.53026466853773,0.550736876488767
"sim_structured",0.3,0.6,40,14,"additive",0.519622921888066,0.585732855579737
"sim_structured",0.3,0.6,40,14,"kernels",0.528549842724313,0.594133845281546
"sim_structured",0.3,0.6,40,14,"kernels_breeding",0.510187569585099,0.573188339134926
"sim_structured",0.3,0.6,40,15,"random",0.391374949229881,0.491924372365797
"sim_structured",0.3,0.6,40,15,"additive",0.483619661961843,0.421947156365956
"sim_structured",0.3,0.6,40,15,"kernels",0.508716490367268,0.476863483167954
"sim_structured",0.3,0.6,40,15,"kernels_breeding",0.519932065211249,0.478048869763
"sim_structured",0.3,0.6,40,16,"random",0.331720214086168,0.263100366294334
"sim_structured",0.3,0.6,40,16,"additive",0.335501135072643,0.255188980742272
"sim_structured",0.3,0.6,40,16,"kernels",0.330143066888523,0.22248944138152
"sim_structured",0.3,0.6,40,16,"kernels_breeding",0.34563506146206,0.231769769982218
"sim_structured",0.3,0.6,40,17,"random",0.509899776709291,0.554040118777873
"sim_structured",0.3,0.6,40,17,"additive",0.598892285924367,0.657891342413616
"sim_structured",0.3,0.6,40,17,"kernels",0.593534429578669,0.621177597551383
"sim_structured",0.3,0.6,40,17,"kernels_breeding",0.594507044239134,0.631177460910395
"sim_structured",0.3,0.6,40,18,"random",0.269178565368569,0.284898860394005
"sim_structured",0.3,0.6,40,18,"additive",0.477393106476016,0.475201583093795
"sim_structured",0.3,0.6,40,18,"kernels",0.371895848450599,0.397385985079123
"sim_structured",0.3,0.6,40,18,"kernels_breeding",0.496744344161757,0.501852562052121
"sim_structured",0.3,0.6,40,19,"random",0.396610430159495,0.494725004276918
"sim_structured",0.3,0.6,40,19,"additive",0.522841022808308,0.548638299078271
"sim_structured",0.3,0.6,40,19,"kernels",0.515603019299211,0.509717036934774
"sim_structured",0.3,0.6,40,19,"kernels_breeding",0.497562871021906,0.52042956145853
"sim_structured",0.3,0.6,40,20,"random",0.361376622830393,0.372654685456903
"sim_structured",0.3,0.6,40,20,"additive",0.53608725539869,0.477383440848997
"sim_structured",0.3,0.6,40,20,"kernels",0.516444523167675,0.4970557698798
"sim_structured",0.3,0.6,40,20,"kernels_breeding",0.532178667533317,0.511270905798537
"sim_structured",0.3,0.6,40,21,"random",0.312936919798595,0.361255575114187
"sim_structured",0.3,0.6,40,21,"additive",0.332356135019664,0.40438923242239
"sim_structured",0.3,0.6,40,21,"kernels",0.38531341350131,0.419822759806313
"sim_structured",0.3,0.6,40,21,"kernels_breeding",0.38617529679533,0.415501210658401
"sim_structured",0.3,0.6,40,22,"random",0.260952197791777,0.282520114634753
"sim_structured",0.3,0.6,40,22,"additive",0.237931323330633,0.255134871141719
"sim_structured",0.3,0.6,40,22,"kernels",0.277788935499342,0.254661097113352
"sim_structured",0.3,0.6,40,22,"kernels_breeding",0.245228100557269,0.258338590243118
"sim_structured",0.3,0.6,40,23,"random",0.288248042394105,0.400233781493655
"sim_structured",0.3,0.6,40,23,"additive",0.408077251416785,0.434714780857138
"sim_structured",0.3,0.6,40,23,"kernels",0.446780883764393,0.474976932516081
"sim_structured",0.3,0.6,40,23,"kernels_breeding",0.423346690020188,0.445328532603848
"sim_structured",0.3,0.6,40,24,"random",0.521600347932879,0.518055931286757
"sim_structured",0.3,0.6,40,24,"additive",0.693142501724807,0.68196946503928
"sim_structured",0.3,0.6,40,24,"kernels",0.690162127909087,0.662859427705249
"sim_structured",0.3,0.6,40,24,"kernels_breeding",0.685133394918575,0.63793213609121
"sim_structured",0.3,0.6,40,25,"random",0.452504207404225,0.440557880627509
"sim_structured",0.3,0.6,40,25,"additive",0.517659825710365,0.472081596922685
"sim_structured",0.3,0.6,40,25,"kernels",0.535144409934594,0.493225665453967
"sim_structured",0.3,0.6,40,25,"kernels_breeding",0.545650248449296,0.510790997971838
"sim_structured",0.3,0.6,40,26,"random",0.35992128064627,0.380844831095514
"sim_structured",0.3,0.6,40,26,"additive",0.552250532296574,0.538060873461707
"sim_structured",0.3,0.6,40,26,"kernels",0.534576981504788,0.533948506613989
"sim_structured",0.3,0.6,40,26,"kernels_breeding",0.573653530078459,0.606662871509963
"sim_structured",0.3,0.6,40,27,"random",0.248198521081573,0.263659915459861
"sim_structured",0.3,0.6,40,27,"additive",0.433516092918959,0.361900122444743
"sim_structured",0.3,0.6,40,27,"kernels",0.241554731808149,0.139687541913525
"sim_structured",0.3,0.6,40,27,"kernels_breeding",0.406755887761643,0.3160119294847
"sim_structured",0.3,0.6,40,28,"random",0.435632126605472,0.392146280516931
"sim_structured",0.3,0.6,40,28,"additive",0.423759691082697,0.505902738430572
"sim_structured",0.3,0.6,40,28,"kernels",0.438066986573016,0.495490270944101
"sim_structured",0.3,0.6,40,28,"kernels_breeding",0.418160682994755,0.484662643632724
"sim_structured",0.3,0.6,40,29,"random",0.431834879551289,0.297499745056215
"sim_structured",0.3,0.6,40,29,"additive",0.624051949969145,0.436460980931029
"sim_structured",0.3,0.6,40,29,"kernels",0.469733948210893,0.321304035171062
"sim_structured",0.3,0.6,40,29,"kernels_breeding",0.631076008086244,0.447879432718305
"sim_structured",0.3,0.6,40,30,"random",0.344452562467774,0.312267691492508
"sim_structured",0.3,0.6,40,30,"additive",0.359860425983455,0.361214792805981
"sim_structured",0.3,0.6,40,30,"kernels",0.406427416281769,0.387813069028108
"sim_structured",0.3,0.6,40,30,"kernels_breeding",0.430586549134599,0.411339637131583
"sim_continuum",0.3,0.6,40,1,"random",0.620496363836711,0.702654192203283
"sim_continuum",0.3,0.6,40,1,"additive",0.663300673419328,0.737568161956892
"sim_continuum",0.3,0.6,40,1,"kernels",0.620347318183412,0.72135342757105
"sim_continuum",0.3,0.6,40,1,"kernels_breeding",0.658010491745653,0.756563535073901
"sim_continuum",0.3,0.6,40,2,"random",0.345010932890024,0.368406704863375
"sim_continuum",0.3,0.6,40,2,"additive",0.32234038208704,0.354103658872675
"sim_continuum",0.3,0.6,40,2,"kernels",0.303504248684944,0.303896199633096
"sim_continuum",0.3,0.6,40,2,"kernels_breeding",0.323920609390805,0.354077435189391
"sim_continuum",0.3,0.6,40,3,"random",0.377014089107572,0.391625786482496
"sim_continuum",0.3,0.6,40,3,"additive",0.520127428645999,0.573411243674667
"sim_continuum",0.3,0.6,40,3,"kernels",0.486386340694595,0.491998968376955
"sim_continuum",0.3,0.6,40,3,"kernels_breeding",0.525571312673432,0.576927254619216
"sim_continuum",0.3,0.6,40,4,"random",0.561117667540922,0.615425733574236
"sim_continuum",0.3,0.6,40,4,"additive",0.588072880614521,0.581049986210103
"sim_continuum",0.3,0.6,40,4,"kernels",0.618519832744939,0.637278206343647
"sim_continuum",0.3,0.6,40,4,"kernels_breeding",0.523218090420482,0.578294704084448
"sim_continuum",0.3,0.6,40,5,"random",0.322303519289488,0.212343089006179
"sim_continuum",0.3,0.6,40,5,"additive",0.280760094703458,0.0398542556039642
"sim_continuum",0.3,0.6,40,5,"kernels",0.368152529519085,0.0407629760070138
"sim_continuum",0.3,0.6,40,5,"kernels_breeding",0.380388070296703,0.167614159088685
"sim_continuum",0.3,0.6,40,6,"random",0.433766405173855,0.620606033568488
"sim_continuum",0.3,0.6,40,6,"additive",0.453121078716448,0.534408056017413
"sim_continuum",0.3,0.6,40,6,"kernels",0.412429914067099,0.576833587591466
"sim_continuum",0.3,0.6,40,6,"kernels_breeding",0.43338126560025,0.523009760638834
"sim_continuum",0.3,0.6,40,7,"random",0.509851982983463,0.582554500612688
"sim_continuum",0.3,0.6,40,7,"additive",0.64532896784666,0.72528949199955
"sim_continuum",0.3,0.6,40,7,"kernels",0.576647979289861,0.648770882559636
"sim_continuum",0.3,0.6,40,7,"kernels_breeding",0.622161713303394,0.676212431467624
"sim_continuum",0.3,0.6,40,8,"random",0.379342565947266,0.47022032820567
"sim_continuum",0.3,0.6,40,8,"additive",0.514986507053252,0.525767152462682
"sim_continuum",0.3,0.6,40,8,"kernels",0.489535739230978,0.486229569879492
"sim_continuum",0.3,0.6,40,8,"kernels_breeding",0.484690126987927,0.491044671801051
"sim_continuum",0.3,0.6,40,9,"random",0.585706621908926,0.568545328523928
"sim_continuum",0.3,0.6,40,9,"additive",0.657206731336625,0.71870558548714
"sim_continuum",0.3,0.6,40,9,"kernels",0.668311637104605,0.71029858582769
"sim_continuum",0.3,0.6,40,9,"kernels_breeding",0.673579639522745,0.711458567646091
"sim_continuum",0.3,0.6,40,10,"random",0.379563734983855,0.351894996576719
"sim_continuum",0.3,0.6,40,10,"additive",0.297977906339717,0.364427789609904
"sim_continuum",0.3,0.6,40,10,"kernels",0.270797829338349,0.346191611767863
"sim_continuum",0.3,0.6,40,10,"kernels_breeding",0.239617904012102,0.336736525520947
"sim_continuum",0.3,0.6,40,11,"random",0.396400009454429,0.47692437964415
"sim_continuum",0.3,0.6,40,11,"additive",0.586488401416167,0.688161351337858
"sim_continuum",0.3,0.6,40,11,"kernels",0.590189158424512,0.671351418661156
"sim_continuum",0.3,0.6,40,11,"kernels_breeding",0.602105813987066,0.692251820604591
"sim_continuum",0.3,0.6,40,12,"random",0.385283950278468,0.363607465715894
"sim_continuum",0.3,0.6,40,12,"additive",0.547376267009262,0.532903386678933
"sim_continuum",0.3,0.6,40,12,"kernels",0.515892441600876,0.52211840011909
"sim_continuum",0.3,0.6,40,12,"kernels_breeding",0.535741422118523,0.532528150057874
"sim_continuum",0.3,0.6,40,13,"random",0.221030279179416,0.416894517135883
"sim_continuum",0.3,0.6,40,13,"additive",0.372939633784731,0.557451409377899
"sim_continuum",0.3,0.6,40,13,"kernels",0.329255336840722,0.458105900918201
"sim_continuum",0.3,0.6,40,13,"kernels_breeding",0.476087345413037,0.557453470517882
"sim_continuum",0.3,0.6,40,14,"random",0.463926365610607,0.565335672654115
"sim_continuum",0.3,0.6,40,14,"additive",0.544566547793661,0.547348965089775
"sim_continuum",0.3,0.6,40,14,"kernels",0.427487034344646,0.326708370995959
"sim_continuum",0.3,0.6,40,14,"kernels_breeding",0.461655349641459,0.388925035000301
"sim_continuum",0.3,0.6,40,15,"random",0.622587757679436,0.598914468775335
"sim_continuum",0.3,0.6,40,15,"additive",0.496588965776765,0.393602360888372
"sim_continuum",0.3,0.6,40,15,"kernels",0.423979103816587,0.385773279066303
"sim_continuum",0.3,0.6,40,15,"kernels_breeding",0.456343146248938,0.43099870733807
"sim_continuum",0.3,0.6,40,16,"random",0.508377436007599,0.594827148452589
"sim_continuum",0.3,0.6,40,16,"additive",0.550665141070042,0.643068632588589
"sim_continuum",0.3,0.6,40,16,"kernels",0.570149735141183,0.607686115151901
"sim_continuum",0.3,0.6,40,16,"kernels_breeding",0.572137855388978,0.664051541490401
"sim_continuum",0.3,0.6,40,17,"random",0.469288720472904,0.309220379554362
"sim_continuum",0.3,0.6,40,17,"additive",0.595187842804372,0.532453375954334
"sim_continuum",0.3,0.6,40,17,"kernels",0.558671878396577,0.397658615023872
"sim_continuum",0.3,0.6,40,17,"kernels_breeding",0.606896826656925,0.493500688451824
"sim_continuum",0.3,0.6,40,18,"random",0.339988036722291,0.362368134842371
"sim_continuum",0.3,0.6,40,18,"additive",0.513939546390938,0.576414961423964
"sim_continuum",0.3,0.6,40,18,"kernels",0.548943123229983,0.568946401435566
"sim_continuum",0.3,0.6,40,18,"kernels_breeding",0.53255030305818,0.589552267228813
"sim_continuum",0.3,0.6,40,19,"random",0.43883759605208,0.47795040959769
"sim_continuum",0.3,0.6,40,19,"additive",0.464735659135936,0.572307044617214
"sim_continuum",0.3,0.6,40,19,"kernels",0.512140464555776,0.616975328639777
"sim_continuum",0.3,0.6,40,19,"kernels_breeding",0.568595563736708,0.697258158345644
"sim_continuum",0.3,0.6,40,20,"random",0.56204244848372,0.528613328330334
"sim_continuum",0.3,0.6,40,20,"additive",0.537013447272196,0.698443356836804
"sim_continuum",0.3,0.6,40,20,"kernels",0.638597714988204,0.648258060219408
"sim_continuum",0.3,0.6,40,20,"kernels_breeding",0.638558853529478,0.689009109515347
"sim_continuum",0.3,0.6,40,21,"random",0.576804192475577,0.650165166489704
"sim_continuum",0.3,0.6,40,21,"additive",0.445821983738239,0.596420268744094
"sim_continuum",0.3,0.6,40,21,"kernels",0.503209377762916,0.59521488927336
"sim_continuum",0.3,0.6,40,21,"kernels_breeding",0.515966266040319,0.629603757529847
"sim_continuum",0.3,0.6,40,22,"random",0.469921553353359,0.467414685313527
"sim_continuum",0.3,0.6,40,22,"additive",0.583397686703226,0.573791919612062
"sim_continuum",0.3,0.6,40,22,"kernels",0.569832485949345,0.599851566126953
"sim_continuum",0.3,0.6,40,22,"kernels_breeding",0.650470889193584,0.665247725565488
"sim_continuum",0.3,0.6,40,23,"random",0.441408853248273,0.565083354877274
"sim_continuum",0.3,0.6,40,23,"additive",0.642748195768745,0.664604646246712
"sim_continuum",0.3,0.6,40,23,"kernels",0.647396180964623,0.689499903255797
"sim_continuum",0.3,0.6,40,23,"kernels_breeding",0.639387058359335,0.682490518810317
"sim_continuum",0.3,0.6,40,24,"random",0.602241798419867,0.619339058811577
"sim_continuum",0.3,0.6,40,24,"additive",0.729644841254166,0.779248113076732
"sim_continuum",0.3,0.6,40,24,"kernels",0.69678622197281,0.720004498059838
"sim_continuum",0.3,0.6,40,24,"kernels_breeding",0.737437933237322,0.791493986882722
"sim_continuum",0.3,0.6,40,25,"random",0.663212922819974,0.683318707075379
"sim_continuum",0.3,0.6,40,25,"additive",0.807355308068424,0.830647149947084
"sim_continuum",0.3,0.6,40,25,"kernels",0.789903929255939,0.794034187372565
"sim_continuum",0.3,0.6,40,25,"kernels_breeding",0.768043394388335,0.760502231170578
"sim_continuum",0.3,0.6,40,26,"random",0.49478856796524,0.535744396512361
"sim_continuum",0.3,0.6,40,26,"additive",0.61733156411645,0.680785255705178
"sim_continuum",0.3,0.6,40,26,"kernels",0.556395547339304,0.622252341965571
"sim_continuum",0.3,0.6,40,26,"kernels_breeding",0.605235318820177,0.625569732620629
"sim_continuum",0.3,0.6,40,27,"random",0.663355582164558,0.698687717395678
"sim_continuum",0.3,0.6,40,27,"additive",0.780080740694322,0.752119045544956
"sim_continuum",0.3,0.6,40,27,"kernels",0.779878221407574,0.821138175736285
"sim_continuum",0.3,0.6,40,27,"kernels_breeding",0.786875032500455,0.741054470459003
"sim_continuum",0.3,0.6,40,28,"random",0.25202723647773,0.357854676504052
"sim_continuum",0.3,0.6,40,28,"additive",0.459526727307921,0.329542742623957
"sim_continuum",0.3,0.6,40,28,"kernels",0.523396381793652,0.4103500068615
"sim_continuum",0.3,0.6,40,28,"kernels_breeding",0.465323233906558,0.34389208293232
"sim_continuum",0.3,0.6,40,29,"random",0.57343110266405,0.643861497616598
"sim_continuum",0.3,0.6,40,29,"additive",0.566616608336861,0.710436599773228
"sim_continuum",0.3,0.6,40,29,"kernels",0.572212621487977,0.716397695538808
"sim_continuum",0.3,0.6,40,29,"kernels_breeding",0.602008555015284,0.763171753042194
"sim_continuum",0.3,0.6,40,30,"random",0.322753446908314,0.308860415840779
"sim_continuum",0.3,0.6,40,30,"additive",0.571432286608671,0.524623174390957
"sim_continuum",0.3,0.6,40,30,"kernels",0.566985353915187,0.52271486481573
"sim_continuum",0.3,0.6,40,30,"kernels_breeding",0.608551000689386,0.536683900088228
"example_panel",0.3,0.6,40,1,"random",0.294544432881367,0.353047625558424
"example_panel",0.3,0.6,40,1,"additive",0.175481276625493,0.440778767929634
"example_panel",0.3,0.6,40,1,"kernels",0.114428600510315,0.399438952591623
"example_panel",0.3,0.6,40,1,"kernels_breeding",0.258144985551784,0.546853773834423
"example_panel",0.3,0.6,40,2,"random",0.355772789176582,0.399551843161484
"example_panel",0.3,0.6,40,2,"additive",0.504049329342922,0.47879004630969
"example_panel",0.3,0.6,40,2,"kernels",0.521029420623112,0.564881106632148
"example_panel",0.3,0.6,40,2,"kernels_breeding",0.593629247775381,0.581540620908649
"example_panel",0.3,0.6,40,3,"random",0.36945808361191,0.3925042247837
"example_panel",0.3,0.6,40,3,"additive",0.486596952159337,0.425654452402725
"example_panel",0.3,0.6,40,3,"kernels",0.532382330975094,0.46088299740281
"example_panel",0.3,0.6,40,3,"kernels_breeding",0.406670576010736,0.365058859734203
"example_panel",0.3,0.6,40,4,"random",0.221854960363282,0.236692950259144
"example_panel",0.3,0.6,40,4,"additive",0.344925081184137,0.412561044186941
"example_panel",0.3,0.6,40,4,"kernels",0.28286922300396,0.369668558762639
"example_panel",0.3,0.6,40,4,"kernels_breeding",0.308514270035548,0.317042602657571
"example_panel",0.3,0.6,40,5,"random",0.462278865399898,0.447233753429831
"example_panel",0.3,0.6,40,5,"additive",0.47990314381118,0.372579078385152
"example_panel",0.3,0.6,40,5,"kernels",0.450053998934176,0.339253924766536
"example_panel",0.3,0.6,40,5,"kernels_breeding",0.401316262643239,0.252553247299306
"example_panel",0.3,0.6,40,6,"random",0.381435769838517,0.465651620854473
"example_panel",0.3,0.6,40,6,"additive",0.426492917272678,0.594606244684021
"example_panel",0.3,0.6,40,6,"kernels",0.411099363427914,0.607582684635113
"example_panel",0.3,0.6,40,6,"kernels_breeding",0.435728143188373,0.601185009065601
"example_panel",0.3,0.6,40,7,"random",0.388765539851075,0.39061795967426
"example_panel",0.3,0.6,40,7,"additive",0.589180009912612,0.587210752321965
"example_panel",0.3,0.6,40,7,"kernels",0.514205412213804,0.549201632856434
"example_panel",0.3,0.6,40,7,"kernels_breeding",0.620408783047137,0.614325029284542
"example_panel",0.3,0.6,40,8,"random",0.481544118457194,0.502372297037482
"example_panel",0.3,0.6,40,8,"additive",0.545360097147347,0.595328931246605
"example_panel",0.3,0.6,40,8,"kernels",0.544779649779099,0.594637102141662
"example_panel",0.3,0.6,40,8,"kernels_breeding",0.486457970901471,0.570306189635301
"example_panel",0.3,0.6,40,9,"random",0.223018853342743,0.216019950316367
"example_panel",0.3,0.6,40,9,"additive",0.45760283379395,0.411377054581921
"example_panel",0.3,0.6,40,9,"kernels",0.33776697648837,0.277034994996196
"example_panel",0.3,0.6,40,9,"kernels_breeding",0.426419168437683,0.401621309383073
"example_panel",0.3,0.6,40,10,"random",0.528212319693058,0.516616850843907
"example_panel",0.3,0.6,40,10,"additive",0.573945230454281,0.597269132368204
"example_panel",0.3,0.6,40,10,"kernels",0.552269123208742,0.580839670574567
"example_panel",0.3,0.6,40,10,"kernels_breeding",0.576261186941223,0.60122319336033
"example_panel",0.3,0.6,40,11,"random",0.459642502672764,0.545996346396054
"example_panel",0.3,0.6,40,11,"additive",0.550599840314829,0.640668171856422
"example_panel",0.3,0.6,40,11,"kernels",0.559258961776762,0.695713193051339
"example_panel",0.3,0.6,40,11,"kernels_breeding",0.593445623763706,0.709897033887173
"example_panel",0.3,0.6,40,12,"random",0.212768894283771,0.29544598264817
"example_panel",0.3,0.6,40,12,"additive",0.125112491147364,-0.0601435794591033
"example_panel",0.3,0.6,40,12,"kernels",0.140672965489642,-0.0361360975523159
"example_panel",0.3,0.6,40,12,"kernels_breeding",0.124391512387521,-0.0624532780316013
"example_panel",0.3,0.6,40,13,"random",0.444341655486519,0.326572335009186
"example_panel",0.3,0.6,40,13,"additive",0.616816458307005,0.47773032760242
"example_panel",0.3,0.6,40,13,"kernels",0.603204582407488,0.469834341830205
"example_panel",0.3,0.6,40,13,"kernels_breeding",0.603204582407488,0.469834341830205
"example_panel",0.3,0.6,40,14,"random",0.416140858954489,0.509171759241233
"example_panel",0.3,0.6,40,14,"additive",0.386551572873503,0.427084668981617
"example_panel",0.3,0.6,40,14,"kernels",0.397907893554096,0.509257695654882
"example_panel",0.3,0.6,40,14,"kernels_breeding",0.484799856499157,0.491330615060372
"example_panel",0.3,0.6,40,15,"random",0.245561480339178,0.264915550000769
"example_panel",0.3,0.6,40,15,"additive",0.472964094320878,0.461044592495293
"example_panel",0.3,0.6,40,15,"kernels",0.437673800324106,0.478605487455268
"example_panel",0.3,0.6,40,15,"kernels_breeding",0.396307871522052,0.4033728134321
"example_panel",0.3,0.6,40,16,"random",0.461394503095948,0.444604565361877
"example_panel",0.3,0.6,40,16,"additive",0.583389156936712,0.621679783201813
"example_panel",0.3,0.6,40,16,"kernels",0.570408243847172,0.631945085234298
"example_panel",0.3,0.6,40,16,"kernels_breeding",0.555630303492773,0.609412370626046
"example_panel",0.3,0.6,40,17,"random",0.513615770128403,0.529571632015394
"example_panel",0.3,0.6,40,17,"additive",0.622017051331044,0.597237668349912
"example_panel",0.3,0.6,40,17,"kernels",0.599874954998105,0.579558093063375
"example_panel",0.3,0.6,40,17,"kernels_breeding",0.676970678291532,0.699115034550789
"example_panel",0.3,0.6,40,18,"random",0.0940001419517103,0.0878863987612139
"example_panel",0.3,0.6,40,18,"additive",0.4104597154308,0.392999663381793
"example_panel",0.3,0.6,40,18,"kernels",0.419966690949797,0.42788521504773
"example_panel",0.3,0.6,40,18,"kernels_breeding",0.442008633471781,0.487087745751846
"example_panel",0.3,0.6,40,19,"random",0.516971531163348,0.576050283282104
"example_panel",0.3,0.6,40,19,"additive",0.586199510282802,0.621149648583551
"example_panel",0.3,0.6,40,19,"kernels",0.540007708540172,0.57721281623093
"example_panel",0.3,0.6,40,19,"kernels_breeding",0.570951924842079,0.605207503640003
"example_panel",0.3,0.6,40,20,"random",0.456653476737004,0.552325305732486
"example_panel",0.3,0.6,40,20,"additive",0.5354825443077,0.560388480319056
"example_panel",0.3,0.6,40,20,"kernels",0.472309165178237,0.518667294185692
"example_panel",0.3,0.6,40,20,"kernels_breeding",0.495415405755478,0.553927797520276
"example_panel",0.3,0.6,40,21,"random",0.296193295171723,0.273686648181648
"example_panel",0.3,0.6,40,21,"additive",0.424021335712817,0.406406019838387
"example_panel",0.3,0.6,40,21,"kernels",0.34014421358531,0.24561652576365
"example_panel",0.3,0.6,40,21,"kernels_breeding",0.35669791211551,0.335652177919784
"example_panel",0.3,0.6,40,22,"random",0.0963911300207196,0.203698837871546
"example_panel",0.3,0.6,40,22,"additive",0.149092551464638,0.199768969591542
"example_panel",0.3,0.6,40,22,"kernels",0.220419235653328,0.245164067769128
"example_panel",0.3,0.6,40,22,"kernels_breeding",0.140391923856128,0.203845116003296
"example_panel",0.3,0.6,40,23,"random",0.334015545882691,0.438420395472584
"example_panel",0.3,0.6,40,23,"additive",0.559701896104586,0.645519024031705
"example_panel",0.3,0.6,40,23,"kernels",0.495655486605615,0.567125466658562
"example_panel",0.3,0.6,40,23,"kernels_breeding",0.521591667133239,0.602454750530871
"example_panel",0.3,0.6,40,24,"random",0.227303470891855,0.127466140723649
"example_panel",0.3,0.6,40,24,"additive",0.322770259395586,0.283125070771492
"example_panel",0.3,0.6,40,24,"kernels",0.379277498216383,0.363456888443411
"example_panel",0.3,0.6,40,24,"kernels_breeding",0.370082711795008,0.3607558986713
"example_panel",0.3,0.6,40,25,"random",0.460086264117622,0.518083551790443
"example_panel",0.3,0.6,40,25,"additive",0.491678110173068,0.600450416512667
"example_panel",0.3,0.6,40,25,"kernels",0.506311478292597,0.608964757324141
"example_panel",0.3,0.6,40,25,"kernels_breeding",0.522024892156672,0.631207039607869
"example_panel",0.3,0.6,40,26,"random",0.30134950029997,0.38017319436857
"example_panel",0.3,0.6,40,26,"additive",0.456760631912558,0.532773322048533
"example_panel",0.3,0.6,40,26,"kernels",0.447082623793099,0.52990286226855
"example_panel",0.3,0.6,40,26,"kernels_breeding",0.461247101875639,0.535971893084488
"example_panel",0.3,0.6,40,27,"random",0.578576388755112,0.580498322181514
"example_panel",0.3,0.6,40,27,"additive",0.666857694792047,0.643636430781894
"example_panel",0.3,0.6,40,27,"kernels",0.646825137311205,0.636335288327609
"example_panel",0.3,0.6,40,27,"kernels_breeding",0.683200195322724,0.64884688391716
"example_panel",0.3,0.6,40,28,"random",0.276216355876486,0.33425724300959
"example_panel",0.3,0.6,40,28,"additive",0.43712179323593,0.53426284854003
"example_panel",0.3,0.6,40,28,"kernels",0.426567721010599,0.529347129774445
"example_panel",0.3,0.6,40,28,"kernels_breeding",0.449016563282392,0.539176069597485
"example_panel",0.3,0.6,40,29,"random",0.187083186233778,0.245197623439297
"example_panel",0.3,0.6,40,29,"additive",0.337576345004656,0.313353859479886
"example_panel",0.3,0.6,40,29,"kernels",0.346044891531602,0.327343916664583
"example_panel",0.3,0.6,40,29,"kernels_breeding",0.324119488400731,0.298194000828887
"example_panel",0.3,0.6,40,30,"random",0.463983710051711,0.485856439903805
"example_panel",0.3,0.6,40,30,"additive",0.547852669895388,0.597529442631593
"example_panel",0.3,0.6,40,30,"kernels",0.438341695475747,0.503636705705351
"example_panel",0.3,0.6,40,30,"kernels_breeding",0.504820176649049,0.573315043648685
"sim_structured",0.5,0.6,40,1,"random",0.316557562302177,0.450651171408324
"sim_structured",0.5,0.6,40,1,"additive",0.489730331831712,0.470286357706453
"sim_structured",0.5,0.6,40,1,"kernels",0.50233853810301,0.480566631857325
"sim_structured",0.5,0.6,40,1,"kernels_breeding",0.489730331831713,0.470286357706453
"sim_structured",0.5,0.6,40,2,"random",0.310101243893087,0.545383432231607
"sim_structured",0.5,0.6,40,2,"additive",0.438923637886959,0.634559105594575
"sim_structured",0.5,0.6,40,2,"kernels",0.416759091724115,0.622622969384275
"sim_structured",0.5,0.6,40,2,"kernels_breeding",0.416759091724115,0.622622969384275
"sim_structured",0.5,0.6,40,3,"random",0.320945793483374,0.456493194099184
"sim_structured",0.5,0.6,40,3,"additive",0.364366293450746,0.457773113876438
"sim_structured",0.5,0.6,40,3,"kernels",0.388056675428589,0.36237896228059
"sim_structured",0.5,0.6,40,3,"kernels_breeding",0.32701481771116,0.473917785047272
"sim_structured",0.5,0.6,40,4,"random",0.278383957993355,0.398986709279274
"sim_structured",0.5,0.6,40,4,"additive",0.277084862833879,0.374740541693948
"sim_structured",0.5,0.6,40,4,"kernels",0.358742046108045,0.433035934659919
"sim_structured",0.5,0.6,40,4,"kernels_breeding",0.270566644291759,0.393869090301558
"sim_structured",0.5,0.6,40,5,"random",0.253151024649971,0.145615023401375
"sim_structured",0.5,0.6,40,5,"additive",0.439454656265609,0.113618539768586
"sim_structured",0.5,0.6,40,5,"kernels",0.475638120813433,0.176317088343325
"sim_structured",0.5,0.6,40,5,"kernels_breeding",0.446910686338887,0.132839285124891
"sim_structured",0.5,0.6,40,6,"random",0.330652486239297,0.426516394505522
"sim_structured",0.5,0.6,40,6,"additive",0.429682734341983,0.538905627295479
"sim_structured",0.5,0.6,40,6,"kernels",0.450557385491505,0.633712746033802
"sim_structured",0.5,0.6,40,6,"kernels_breeding",0.480993359795086,0.656897000769611
"sim_structured",0.5,0.6,40,7,"random",0.00253071589843547,0.0942010939886442
"sim_structured",0.5,0.6,40,7,"additive",0.0196706295501841,0.170484433230635
"sim_structured",0.5,0.6,40,7,"kernels",0.0130257324200652,0.167507401024626
"sim_structured",0.5,0.6,40,7,"kernels_breeding",-0.0575800415068531,0.0806524068161972
"sim_structured",0.5,0.6,40,8,"random",0.543050930245378,0.441122996027314
"sim_structured",0.5,0.6,40,8,"additive",0.388057013646421,0.445887661811268
"sim_structured",0.5,0.6,40,8,"kernels",0.359331716048547,0.400876115902926
"sim_structured",0.5,0.6,40,8,"kernels_breeding",0.388057013646421,0.445887661811268
"sim_structured",0.5,0.6,40,9,"random",0.146382134670757,0.185478375927639
"sim_structured",0.5,0.6,40,9,"additive",0.393930273034857,0.381630879470035
"sim_structured",0.5,0.6,40,9,"kernels",0.46371588513775,0.529581883221821
"sim_structured",0.5,0.6,40,9,"kernels_breeding",0.41700941553974,0.405964639529427
"sim_structured",0.5,0.6,40,10,"random",0.163101243038657,0.20006121154255
"sim_structured",0.5,0.6,40,10,"additive",0.336671029938692,0.378470283283954
"sim_structured",0.5,0.6,40,10,"kernels",0.335123626702222,0.366902376545995
"sim_structured",0.5,0.6,40,10,"kernels_breeding",0.337061677710438,0.358351896339278
"sim_structured",0.5,0.6,40,11,"random",0.296470774686394,0.218625252332466
"sim_structured",0.5,0.6,40,11,"additive",0.530127671231462,0.438574779518595
"sim_structured",0.5,0.6,40,11,"kernels",0.525570063832628,0.449604886013232
"sim_structured",0.5,0.6,40,11,"kernels_breeding",0.472169928222263,0.438329419723223
"sim_structured",0.5,0.6,40,12,"random",0.427693133406733,0.406032076437779
"sim_structured",0.5,0.6,40,12,"additive",0.43773651539849,0.481578287649431
"sim_structured",0.5,0.6,40,12,"kernels",0.40517174453451,0.448414098148646
"sim_structured",0.5,0.6,40,12,"kernels_breeding",0.473741254223803,0.484630398831062
"sim_structured",0.5,0.6,40,13,"random",0.60281266595422,0.631515588502341
"sim_structured",0.5,0.6,40,13,"additive",0.720259933413301,0.692399748559471
"sim_structured",0.5,0.6,40,13,"kernels",0.730012992706045,0.716323049658977
"sim_structured",0.5,0.6,40,13,"kernels_breeding",0.723752621503852,0.698469217870248
"sim_structured",0.5,0.6,40,14,"random",0.464478908343756,0.520022646822929
"sim_structured",0.5,0.6,40,14,"additive",0.40881218608986,0.540844074090268
"sim_structured",0.5,0.6,40,14,"kernels",0.415353172130549,0.546219364047723
"sim_structured",0.5,0.6,40,14,"kernels_breeding",0.403358841128425,0.53059313780444
"sim_structured",0.5,0.6,40,15,"random",0.266052573372749,0.420810248081144
"sim_structured",0.5,0.6,40,15,"additive",0.418847791955382,0.310444523655545
"sim_structured",0.5,0.6,40,15,"kernels",0.432818286450991,0.373556466222157
"sim_structured",0.5,0.6,40,15,"kernels_breeding",0.446581503026266,0.37319427552094
"sim_structured",0.5,0.6,40,16,"random",0.311844497361101,0.244746750256299
"sim_structured",0.5,0.6,40,16,"additive",0.30572119482479,0.214567865032645
"sim_structured",0.5,0.6,40,16,"kernels",0.319634536722709,0.181621128021516
"sim_structured",0.5,0.6,40,16,"kernels_breeding",0.333429925122751,0.195614374140809
"sim_structured",0.5,0.6,40,17,"random",0.448634874845954,0.53644031627318
"sim_structured",0.5,0.6,40,17,"additive",0.554504852019791,0.654014677160296
"sim_structured",0.5,0.6,40,17,"kernels",0.55954715126626,0.611982708152335
"sim_structured",0.5,0.6,40,17,"kernels_breeding",0.554708841553146,0.624835232697324
"sim_structured",0.5,0.6,40,18,"random",0.219232500129592,0.24510766835548
"sim_structured",0.5,0.6,40,18,"additive",0.421806576080151,0.401207949749154
"sim_structured",0.5,0.6,40,18,"kernels",0.324580514219349,0.34072684113644
"sim_structured",0.5,0.6,40,18,"kernels_breeding",0.431141205472446,0.422538730687502
"sim_structured",0.5,0.6,40,19,"random",0.316080358001175,0.438567285553214
"sim_structured",0.5,0.6,40,19,"additive",0.474811028188148,0.474434803427543
"sim_structured",0.5,0.6,40,19,"kernels",0.468953850516684,0.42724721622266
"sim_structured",0.5,0.6,40,19,"kernels_breeding",0.446532006885485,0.439874269354752
"sim_structured",0.5,0.6,40,20,"random",0.377401998389884,0.359623144980974
"sim_structured",0.5,0.6,40,20,"additive",0.541129056126895,0.405499978111898
"sim_structured",0.5,0.6,40,20,"kernels",0.507971156376421,0.42398084434026
"sim_structured",0.5,0.6,40,20,"kernels_breeding",0.540103898759112,0.457783231120427
"sim_structured",0.5,0.6,40,21,"random",0.277776917864915,0.340396861066207
"sim_structured",0.5,0.6,40,21,"additive",0.263996710147149,0.339985404794131
"sim_structured",0.5,0.6,40,21,"kernels",0.331593017178403,0.345738616324242
"sim_structured",0.5,0.6,40,21,"kernels_breeding",0.338169790403762,0.355412164465065
"sim_structured",0.5,0.6,40,22,"random",0.205884096290802,0.224550361810464
"sim_structured",0.5,0.6,40,22,"additive",0.204407383200387,0.224628649454673
"sim_structured",0.5,0.6,40,22,"kernels",0.256733404854337,0.223016628971667
"sim_structured",0.5,0.6,40,22,"kernels_breeding",0.215407701603393,0.228124263407548
"sim_structured",0.5,0.6,40,23,"random",0.231666818567249,0.386199014931229
"sim_structured",0.5,0.6,40,23,"additive",0.33803044468165,0.298141107451172
"sim_structured",0.5,0.6,40,23,"kernels",0.375759871951102,0.360054205957128
"sim_structured",0.5,0.6,40,23,"kernels_breeding",0.351768299311906,0.316312433442095
"sim_structured",0.5,0.6,40,24,"random",0.466945385476645,0.471044463885227
"sim_structured",0.5,0.6,40,24,"additive",0.640196523522737,0.639579298122929
"sim_structured",0.5,0.6,40,24,"kernels",0.64228603106859,0.61921051719884
"sim_structured",0.5,0.6,40,24,"kernels_breeding",0.639537012558,0.58842515367031
"sim_structured",0.5,0.6,40,25,"random",0.394195450720168,0.376869104114844
"sim_structured",0.5,0.6,40,25,"additive",0.422031383624672,0.331380709103558
"sim_structured",0.5,0.6,40,25,"kernels",0.423676236592949,0.346872964138784
"sim_structured",0.5,0.6,40,25,"kernels_breeding",0.451807015623382,0.387043767824513
"sim_structured",0.5,0.6,40,26,"random",0.326774715579669,0.321918987946881
"sim_structured",0.5,0.6,40,26,"additive",0.552019255389863,0.519717104918384
"sim_structured",0.5,0.6,40,26,"kernels",0.528753289591803,0.516876841932441
"sim_structured",0.5,0.6,40,26,"kernels_breeding",0.548842249598574,0.583671678694907
"sim_structured",0.5,0.6,40,27,"random",0.191346250558042,0.208491738554569
"sim_structured",0.5,0.6,40,27,"additive",0.367873850744954,0.257101563537045
"sim_structured",0.5,0.6,40,27,"kernels",0.179739375617465,0.000585778583771933
"sim_structured",0.5,0.6,40,27,"kernels_breeding",0.339872124312522,0.193993733706751
"sim_structured",0.5,0.6,40,28,"random",0.403377306812219,0.323497217707507
"sim_structured",0.5,0.6,40,28,"additive",0.342692758454458,0.463449340223029
"sim_structured",0.5,0.6,40,28,"kernels",0.36409035089342,0.437495604324322
"sim_structured",0.5,0.6,40,28,"kernels_breeding",0.341214526345176,0.437214042830834
"sim_structured",0.5,0.6,40,29,"random",0.437513582554711,0.225567584786529
"sim_structured",0.5,0.6,40,29,"additive",0.619703304374381,0.354613021548368
"sim_structured",0.5,0.6,40,29,"kernels",0.475637163427689,0.23518553216454
"sim_structured",0.5,0.6,40,29,"kernels_breeding",0.639952848397211,0.362477162884867
"sim_structured",0.5,0.6,40,30,"random",0.302629279961305,0.247489241767466
"sim_structured",0.5,0.6,40,30,"additive",0.290389071543118,0.289830490890774
"sim_structured",0.5,0.6,40,30,"kernels",0.354647381564496,0.327461786078852
"sim_structured",0.5,0.6,40,30,"kernels_breeding",0.364209240974826,0.331924327169767
"sim_continuum",0.5,0.6,40,1,"random",0.506087266317108,0.635907991840543
"sim_continuum",0.5,0.6,40,1,"additive",0.56489653556898,0.695194451001371
"sim_continuum",0.5,0.6,40,1,"kernels",0.518194985089362,0.680152169356493
"sim_continuum",0.5,0.6,40,1,"kernels_breeding",0.559496853030581,0.71919047221127
"sim_continuum",0.5,0.6,40,2,"random",0.27339215114918,0.293124410582203
"sim_continuum",0.5,0.6,40,2,"additive",0.246935628909141,0.279685535262019
"sim_continuum",0.5,0.6,40,2,"kernels",0.241336418171677,0.231184871966598
"sim_continuum",0.5,0.6,40,2,"kernels_breeding",0.246963712510382,0.274413883354995
"sim_continuum",0.5,0.6,40,3,"random",0.327759253482837,0.35253418720438
"sim_continuum",0.5,0.6,40,3,"additive",0.403764422289265,0.530766299377924
"sim_continuum",0.5,0.6,40,3,"kernels",0.393288067734184,0.431026844456288
"sim_continuum",0.5,0.6,40,3,"kernels_breeding",0.400609667528559,0.533462929980123
"sim_continuum",0.5,0.6,40,4,"random",0.475523080661133,0.579057343588938
"sim_continuum",0.5,0.6,40,4,"additive",0.495004369959236,0.49439132273079
"sim_continuum",0.5,0.6,40,4,"kernels",0.531619732644618,0.57380235601673
"sim_continuum",0.5,0.6,40,4,"kernels_breeding",0.416479945046706,0.480793621457191
"sim_continuum",0.5,0.6,40,5,"random",0.313535145517764,0.124046500746979
"sim_continuum",0.5,0.6,40,5,"additive",0.304916158658397,-0.0724490945179306
"sim_continuum",0.5,0.6,40,5,"kernels",0.407001547759438,-0.0623869983033748
"sim_continuum",0.5,0.6,40,5,"kernels_breeding",0.387714325917856,0.0660025397984241
"sim_continuum",0.5,0.6,40,6,"random",0.30416550099668,0.570243338144745
"sim_continuum",0.5,0.6,40,6,"additive",0.321842541712132,0.393650160236362
"sim_continuum",0.5,0.6,40,6,"kernels",0.270725662000124,0.465807782891209
"sim_continuum",0.5,0.6,40,6,"kernels_breeding",0.30733330025163,0.393270979907825
"sim_continuum",0.5,0.6,40,7,"random",0.38116823766437,0.472076306205819
"sim_continuum",0.5,0.6,40,7,"additive",0.511349892138479,0.644087147697604
"sim_continuum",0.5,0.6,40,7,"kernels",0.4290728958033,0.519363598861736
"sim_continuum",0.5,0.6,40,7,"kernels_breeding",0.485049432392977,0.55000335151314
"sim_continuum",0.5,0.6,40,8,"random",0.32398612120312,0.437311998983689
"sim_continuum",0.5,0.6,40,8,"additive",0.498881204543401,0.502191194679808
"sim_continuum",0.5,0.6,40,8,"kernels",0.468454234144114,0.440217083519045
"sim_continuum",0.5,0.6,40,8,"kernels_breeding",0.470111500117729,0.456663959241476
"sim_continuum",0.5,0.6,40,9,"random",0.524022915993085,0.517740978978887
"sim_continuum",0.5,0.6,40,9,"additive",0.614986214308421,0.683240212789545
"sim_continuum",0.5,0.6,40,9,"kernels",0.624372736784331,0.686402250340873
"sim_continuum",0.5,0.6,40,9,"kernels_breeding",0.62704172126708,0.664634863731751
"sim_continuum",0.5,0.6,40,10,"random",0.333968749530854,0.308274235156177
"sim_continuum",0.5,0.6,40,10,"additive",0.208618485008625,0.317161334855605
"sim_continuum",0.5,0.6,40,10,"kernels",0.2007626851451,0.322600485033355
"sim_continuum",0.5,0.6,40,10,"kernels_breeding",0.149243515467977,0.297665095135354
"sim_continuum",0.5,0.6,40,11,"random",0.303942810716449,0.420517700542093
"sim_continuum",0.5,0.6,40,11,"additive",0.498913843837463,0.657550649961888
"sim_continuum",0.5,0.6,40,11,"kernels",0.513756774720727,0.635009810871472
"sim_continuum",0.5,0.6,40,11,"kernels_breeding",0.518195723617163,0.66635626076269
"sim_continuum",0.5,0.6,40,12,"random",0.353814222563214,0.340537456350615
"sim_continuum",0.5,0.6,40,12,"additive",0.515280829113919,0.490877639497192
"sim_continuum",0.5,0.6,40,12,"kernels",0.458338736393374,0.454668673792231
"sim_continuum",0.5,0.6,40,12,"kernels_breeding",0.479696472777837,0.455809590340011
"sim_continuum",0.5,0.6,40,13,"random",0.0813062124943328,0.328118856677052
"sim_continuum",0.5,0.6,40,13,"additive",0.270402234670661,0.501534063829613
"sim_continuum",0.5,0.6,40,13,"kernels",0.255217071431104,0.399902219539488
"sim_continuum",0.5,0.6,40,13,"kernels_breeding",0.409495925159956,0.494615550959206
"sim_continuum",0.5,0.6,40,14,"random",0.348476308727047,0.485970455667545
"sim_continuum",0.5,0.6,40,14,"additive",0.464979570603772,0.475608475639264
"sim_continuum",0.5,0.6,40,14,"kernels",0.40379838144876,0.258420324439937
"sim_continuum",0.5,0.6,40,14,"kernels_breeding",0.416430191911606,0.304161112670008
"sim_continuum",0.5,0.6,40,15,"random",0.584774651381618,0.557564464857307
"sim_continuum",0.5,0.6,40,15,"additive",0.480145297646237,0.325354430981754
"sim_continuum",0.5,0.6,40,15,"kernels",0.4244851608045,0.344277534448451
"sim_continuum",0.5,0.6,40,15,"kernels_breeding",0.42851987883806,0.376985978884507
"sim_continuum",0.5,0.6,40,16,"random",0.403034058479798,0.546043994728846
"sim_continuum",0.5,0.6,40,16,"additive",0.440933584960038,0.599928194335547
"sim_continuum",0.5,0.6,40,16,"kernels",0.496254169888664,0.574210987646794
"sim_continuum",0.5,0.6,40,16,"kernels_breeding",0.466130356981451,0.626928223133781
"sim_continuum",0.5,0.6,40,17,"random",0.422047638162191,0.19709444460336
"sim_continuum",0.5,0.6,40,17,"additive",0.558690750144737,0.455634488731311
"sim_continuum",0.5,0.6,40,17,"kernels",0.527037883033648,0.293475296209807
"sim_continuum",0.5,0.6,40,17,"kernels_breeding",0.571554993162509,0.408889351630049
"sim_continuum",0.5,0.6,40,18,"random",0.227858266863893,0.267508106954773
"sim_continuum",0.5,0.6,40,18,"additive",0.40445901570054,0.510681523099557
"sim_continuum",0.5,0.6,40,18,"kernels",0.452120701818553,0.504373086104377
"sim_continuum",0.5,0.6,40,18,"kernels_breeding",0.422577913997524,0.525285755246376
"sim_continuum",0.5,0.6,40,19,"random",0.346158315411345,0.427605888766597
"sim_continuum",0.5,0.6,40,19,"additive",0.341898560193715,0.527824848003294
"sim_continuum",0.5,0.6,40,19,"kernels",0.395588680713832,0.592511500374587
"sim_continuum",0.5,0.6,40,19,"kernels_breeding",0.439383761148842,0.683405296015182
"sim_continuum",0.5,0.6,40,20,"random",0.482324469297766,0.375083839998898
"sim_continuum",0.5,0.6,40,20,"additive",0.459771761986613,0.63995154717627
"sim_continuum",0.5,0.6,40,20,"kernels",0.591761129089741,0.567995806141359
"sim_continuum",0.5,0.6,40,20,"kernels_breeding",0.57736875070026,0.613874960289903
"sim_continuum",0.5,0.6,40,21,"random",0.4888942336593,0.612542182288946
"sim_continuum",0.5,0.6,40,21,"additive",0.350039220588847,0.567347298088575
"sim_continuum",0.5,0.6,40,21,"kernels",0.433887834274457,0.576749936434575
"sim_continuum",0.5,0.6,40,21,"kernels_breeding",0.422859310839529,0.595427895886302
"sim_continuum",0.5,0.6,40,22,"random",0.395945447966053,0.385716291597172
"sim_continuum",0.5,0.6,40,22,"additive",0.5251034606719,0.4986400632581
"sim_continuum",0.5,0.6,40,22,"kernels",0.509437990656234,0.52275807965656
"sim_continuum",0.5,0.6,40,22,"kernels_breeding",0.59317062173209,0.613108126200898
"sim_continuum",0.5,0.6,40,23,"random",0.327473901325429,0.485891223475439
"sim_continuum",0.5,0.6,40,23,"additive",0.554109683385532,0.533455136898898
"sim_continuum",0.5,0.6,40,23,"kernels",0.57517376838749,0.617157333707025
"sim_continuum",0.5,0.6,40,23,"kernels_breeding",0.554042227650441,0.564861350867274
"sim_continuum",0.5,0.6,40,24,"random",0.520981645967513,0.559398634539823
"sim_continuum",0.5,0.6,40,24,"additive",0.671153384836047,0.768420019279602
"sim_continuum",0.5,0.6,40,24,"kernels",0.642145831233607,0.689422188817753
"sim_continuum",0.5,0.6,40,24,"kernels_breeding",0.676438428229433,0.78360164851385
"sim_continuum",0.5,0.6,40,25,"random",0.598985401044021,0.643113146935069
"sim_continuum",0.5,0.6,40,25,"additive",0.74292635239207,0.802415257090439
"sim_continuum",0.5,0.6,40,25,"kernels",0.731908783710019,0.748552483920343
"sim_continuum",0.5,0.6,40,25,"kernels_breeding",0.715806862396362,0.714482899783377
"sim_continuum",0.5,0.6,40,26,"random",0.439966889422653,0.503849265442721
"sim_continuum",0.5,0.6,40,26,"additive",0.553202646632231,0.669916818403556
"sim_continuum",0.5,0.6,40,26,"kernels",0.486060333868997,0.596609298640059
"sim_continuum",0.5,0.6,40,26,"kernels_breeding",0.550582434711534,0.605815827711359
"sim_continuum",0.5,0.6,40,27,"random",0.594985473787879,0.661748279559064
"sim_continuum",0.5,0.6,40,27,"additive",0.725375760790816,0.693726612045811
"sim_continuum",0.5,0.6,40,27,"kernels",0.713548203475599,0.791661063112813
"sim_continuum",0.5,0.6,40,27,"kernels_breeding",0.73137224232925,0.664906631270964
"sim_continuum",0.5,0.6,40,28,"random",0.189310746340828,0.311901957046208
"sim_continuum",0.5,0.6,40,28,"additive",0.396775952834565,0.207965354889119
"sim_continuum",0.5,0.6,40,28,"kernels",0.488806634737637,0.323993347140164
"sim_continuum",0.5,0.6,40,28,"kernels_breeding",0.443977796209715,0.259542096947236
"sim_continuum",0.5,0.6,40,29,"random",0.468413538159495,0.599210397080637
"sim_continuum",0.5,0.6,40,29,"additive",0.416217137825294,0.661055430980591
"sim_continuum",0.5,0.6,40,29,"kernels",0.436791566682243,0.682959772278931
"sim_continuum",0.5,0.6,40,29,"kernels_breeding",0.470456480506964,0.728043257445283
"sim_continuum",0.5,0.6,40,30,"random",0.287381386495923,0.253021543472934
"sim_continuum",0.5,0.6,40,30,"additive",0.524851605763705,0.476813452303788
"sim_continuum",0.5,0.6,40,30,"kernels",0.524912944489027,0.46366507997682
"sim_continuum",0.5,0.6,40,30,"kernels_breeding",0.558864791046741,0.471037504574206
"example_panel",0.5,0.6,40,1,"random",0.228783761096048,0.273757144712266
"example_panel",0.5,0.6,40,1,"additive",0.229831145248043,0.255661064415382
"example_panel",0.5,0.6,40,1,"kernels",0.0986427263387532,0.0323247753824742
"example_panel",0.5,0.6,40,1,"kernels_breeding",0.134827664528233,0.110191674732607
"example_panel",0.5,0.6,40,2,"random",0.49687741363745,0.519352298595356
"example_panel",0.5,0.6,40,2,"additive",0.702993728605282,0.613466118054597
"example_panel",0.5,0.6,40,2,"kernels",0.721190948976062,0.651527180958687
"example_panel",0.5,0.6,40,2,"kernels_breeding",0.717434067240252,0.626627299504039
"example_panel",0.5,0.6,40,3,"random",0.158636002177605,0.170089575376244
"example_panel",0.5,0.6,40,3,"additive",-0.0283160574431503,-0.226799809286315
"example_panel",0.5,0.6,40,3,"kernels",0.15852964067688,0.00133550959539466
"example_panel",0.5,0.6,40,3,"kernels_breeding",0.145630867831786,0.015947785085899
"example_panel",0.5,0.6,40,4,"random",0.254160777915007,0.0966589456768238
"example_panel",0.5,0.6,40,4,"additive",0.477134096813765,0.42535291469979
"example_panel",0.5,0.6,40,4,"kernels",0.511648788828956,0.422397568663387
"example_panel",0.5,0.6,40,4,"kernels_breeding",0.485548788095593,0.431073062592359
"example_panel",0.5,0.6,40,5,"random",0.312684045201985,0.316119866135155
"example_panel",0.5,0.6,40,5,"additive",0.295211898301067,0.387762359707166
"example_panel",0.5,0.6,40,5,"kernels",0.293599400956179,0.390266447813461
"example_panel",0.5,0.6,40,5,"kernels_breeding",0.285499812857305,0.371936072735874
"example_panel",0.5,0.6,40,6,"random",0.452285956929989,0.474260325049032
"example_panel",0.5,0.6,40,6,"additive",0.545369432524315,0.515869511810144
"example_panel",0.5,0.6,40,6,"kernels",0.558177486128592,0.581898653444669
"example_panel",0.5,0.6,40,6,"kernels_breeding",0.544840049210091,0.506706688429168
"example_panel",0.5,0.6,40,7,"random",0.381099181363017,0.333614375182847
"example_panel",0.5,0.6,40,7,"additive",0.310590015985774,0.456927144925375
"example_panel",0.5,0.6,40,7,"kernels",0.302631531256888,0.414151252843934
"example_panel",0.5,0.6,40,7,"kernels_breeding",0.310590015985774,0.456927144925375
"example_panel",0.5,0.6,40,8,"random",0.139956489318406,0.0633049367186104
"example_panel",0.5,0.6,40,8,"additive",0.278199193052411,0.184519684582994
"example_panel",0.5,0.6,40,8,"kernels",0.272164756700473,0.291713834780165
"example_panel",0.5,0.6,40,8,"kernels_breeding",0.273631839755555,0.247117022035536
"example_panel",0.5,0.6,40,9,"random",0.398715081780111,0.452695475535586
"example_panel",0.5,0.6,40,9,"additive",0.359082584220538,0.438038132270053
"example_panel",0.5,0.6,40,9,"kernels",0.305164504725092,0.304064935665012
"example_panel",0.5,0.6,40,9,"kernels_breeding",0.334388292997404,0.360966972031224
"example_panel",0.5,0.6,40,10,"random",0.363645050974689,0.532037527811332
"example_panel",0.5,0.6,40,10,"additive",0.365296816451103,0.57506729445028
"example_panel",0.5,0.6,40,10,"kernels",0.387433473229068,0.613633508535965
"example_panel",0.5,0.6,40,10,"kernels_breeding",0.331178136805135,0.448740050163595
"example_panel",0.5,0.6,40,11,"random",0.246363493919176,0.422881625671454
"example_panel",0.5,0.6,40,11,"additive",0.142525926136163,0.453450857991927
"example_panel",0.5,0.6,40,11,"kernels",0.201886651889502,0.356792393810886
"example_panel",0.5,0.6,40,11,"kernels_breeding",0.188160380015488,0.397942820793205
"example_panel",0.5,0.6,40,12,"random",0.34871316689208,0.32894889959248
"example_panel",0.5,0.6,40,12,"additive",0.421250294474559,0.414108699640477
"example_panel",0.5,0.6,40,12,"kernels",0.427304577707288,0.439508579980192
"example_panel",0.5,0.6,40,12,"kernels_breeding",0.279346976830885,0.385149769004104
"example_panel",0.5,0.6,40,13,"random",0.104903580589588,0.107845770052838
"example_panel",0.5,0.6,40,13,"additive",0.28067149821243,0.359152613679672
"example_panel",0.5,0.6,40,13,"kernels",0.156872409583611,0.232578651875048
"example_panel",0.5,0.6,40,13,"kernels_breeding",0.255298762990516,0.401768317530555
"example_panel",0.5,0.6,40,14,"random",0.451820820946625,0.376502862189977
"example_panel",0.5,0.6,40,14,"additive",0.605302415160727,0.586103698211501
"example_panel",0.5,0.6,40,14,"kernels",0.598152473227546,0.586168076343248
"example_panel",0.5,0.6,40,14,"kernels_breeding",0.55972955037303,0.541924684223294
"example_panel",0.5,0.6,40,15,"random",0.229339331238051,0.227733429380911
"example_panel",0.5,0.6,40,15,"additive",0.150556741417427,0.01545330658442
"example_panel",0.5,0.6,40,15,"kernels",0.211893168701658,0.0469844360794267
"example_panel",0.5,0.6,40,15,"kernels_breeding",0.155806109434982,0.0432040155444549
"example_panel",0.5,0.6,40,16,"random",0.244747809875847,0.264993992167014
"example_panel",0.5,0.6,40,16,"additive",0.413086434068032,0.387352062044478
"example_panel",0.5,0.6,40,16,"kernels",0.195162945835029,0.225950758102092
"example_panel",0.5,0.6,40,16,"kernels_breeding",0.256817072615357,0.258377458554284
"example_panel",0.5,0.6,40,17,"random",0.403059666267354,0.443826061613762
"example_panel",0.5,0.6,40,17,"additive",0.40945924760664,0.340071229475434
"example_panel",0.5,0.6,40,17,"kernels",0.429954081180132,0.418620544994558
"example_panel",0.5,0.6,40,17,"kernels_breeding",0.50887632455705,0.381155375031311
"example_panel",0.5,0.6,40,18,"random",0.146699236042529,0.183412947831426
"example_panel",0.5,0.6,40,18,"additive",0.207098381218775,-0.0416616512311433
"example_panel",0.5,0.6,40,18,"kernels",0.131789578664552,-0.0201506672435635
"example_panel",0.5,0.6,40,18,"kernels_breeding",0.099738768318341,-0.133631456383306
"example_panel",0.5,0.6,40,19,"random",0.2413436813866,0.351202533391272
"example_panel",0.5,0.6,40,19,"additive",0.308780677029869,0.461915110464909
"example_panel",0.5,0.6,40,19,"kernels",0.379876787014202,0.507442344741987
"example_panel",0.5,0.6,40,19,"kernels_breeding",0.30883320679552,0.44376851490281
"example_panel",0.5,0.6,40,20,"random",0.23536535661352,0.124915996178779
"example_panel",0.5,0.6,40,20,"additive",0.130237097083519,0.0614052087136772
"example_panel",0.5,0.6,40,20,"kernels",0.170251557516584,0.0848864086589222
"example_panel",0.5,0.6,40,20,"kernels_breeding",0.248883051187354,0.07975225690286
"example_panel",0.5,0.6,40,21,"random",0.314608981721763,0.306293234622722
"example_panel",0.5,0.6,40,21,"additive",0.458900479011027,0.440356404550819
"example_panel",0.5,0.6,40,21,"kernels",0.43768264930143,0.382945462873129
"example_panel",0.5,0.6,40,21,"kernels_breeding",0.409419469497295,0.43441427432792
"example_panel",0.5,0.6,40,22,"random",0.284201425075598,0.368326146794936
"example_panel",0.5,0.6,40,22,"additive",0.234714896565958,0.419602375398566
"example_panel",0.5,0.6,40,22,"kernels",0.240488118121536,0.406804786070147
"example_panel",0.5,0.6,40,22,"kernels_breeding",0.236660306959901,0.421207702321555
"example_panel",0.5,0.6,40,23,"random",0.407856908399527,0.388935689243209
"example_panel",0.5,0.6,40,23,"additive",0.527110193235007,0.417895457726463
"example_panel",0.5,0.6,40,23,"kernels",0.565759699266505,0.415811095380674
"example_panel",0.5,0.6,40,23,"kernels_breeding",0.550041936645272,0.405829833897087
"example_panel",0.5,0.6,40,24,"random",0.301672173011261,0.458224112686512
"example_panel",0.5,0.6,40,24,"additive",0.313114763986192,0.500176651570234
"example_panel",0.5,0.6,40,24,"kernels",0.307783540166848,0.481132915126334
"example_panel",0.5,0.6,40,24,"kernels_breeding",0.329528840031292,0.511515930071069
"example_panel",0.5,0.6,40,25,"random",0.291016392911776,0.324427605122074
"example_panel",0.5,0.6,40,25,"additive",0.323204622257814,0.352363257922203
"example_panel",0.5,0.6,40,25,"kernels",0.346224112479609,0.312093538818921
"example_panel",0.5,0.6,40,25,"kernels_breeding",0.343859323181193,0.36451293362855
"example_panel",0.5,0.6,40,26,"random",0.268291801511914,0.258866079893749
"example_panel",0.5,0.6,40,26,"additive",0.494818877678365,0.515050673649868
"example_panel",0.5,0.6,40,26,"kernels",0.473358490882087,0.535916808107027
"example_panel",0.5,0.6,40,26,"kernels_breeding",0.380029264892089,0.439306859654173
"example_panel",0.5,0.6,40,27,"random",0.527042920543559,0.525085855486006
"example_panel",0.5,0.6,40,27,"additive",0.631899439353933,0.668266843186217
"example_panel",0.5,0.6,40,27,"kernels",0.6247516324228,0.589081835192495
"example_panel",0.5,0.6,40,27,"kernels_breeding",0.645384804580128,0.623246536456892
"example_panel",0.5,0.6,40,28,"random",0.252502417520087,0.3980642491125
"example_panel",0.5,0.6,40,28,"additive",0.191090936969111,0.390985769842559
"example_panel",0.5,0.6,40,28,"kernels",0.28327738458663,0.570241071954737
"example_panel",0.5,0.6,40,28,"kernels_breeding",0.219400843941386,0.376624798737018
"example_panel",0.5,0.6,40,29,"random",0.317147339975636,0.423674772548627
"example_panel",0.5,0.6,40,29,"additive",0.376655940755106,0.538730913297127
"example_panel",0.5,0.6,40,29,"kernels",0.401982352412534,0.560010306120252
"example_panel",0.5,0.6,40,29,"kernels_breeding",0.38250675990739,0.540135327390201
"example_panel",0.5,0.6,40,30,"random",0.156253750797553,0.290437840690832
"example_panel",0.5,0.6,40,30,"additive",0.194856672890867,0.266000258970655
"example_panel",0.5,0.6,40,30,"kernels",0.214213917508501,0.232282223890156
"example_panel",0.5,0.6,40,30,"kernels_breeding",0.20464777319813,0.272964307587839
"sim_structured",0.3,0.3,80,1,"random",0.286563625020822,0.381443198629278
"sim_structured",0.3,0.3,80,1,"additive",0.366556999557572,0.379452441873893
"sim_structured",0.3,0.3,80,1,"kernels",0.357707181376478,0.409706161680463
"sim_structured",0.3,0.3,80,1,"kernels_breeding",0.446648893082417,0.43545702410692
"sim_structured",0.3,0.3,80,2,"random",0.357380834138816,0.49359553208028
"sim_structured",0.3,0.3,80,2,"additive",0.34923821380116,0.573955011857478
"sim_structured",0.3,0.3,80,2,"kernels",0.360653686857872,0.588214013768027
"sim_structured",0.3,0.3,80,2,"kernels_breeding",0.370959021454532,0.594401003133424
"sim_structured",0.3,0.3,80,3,"random",0.41336540130339,0.52238643104626
"sim_structured",0.3,0.3,80,3,"additive",0.527399323025727,0.594671512768235
"sim_structured",0.3,0.3,80,3,"kernels",0.49707317804038,0.560657354598298
"sim_structured",0.3,0.3,80,3,"kernels_breeding",0.503225120242859,0.573541169489388
"sim_structured",0.3,0.3,80,4,"random",0.395798013176225,0.441645896483299
"sim_structured",0.3,0.3,80,4,"additive",0.258022944960936,0.365821507932652
"sim_structured",0.3,0.3,80,4,"kernels",0.196854359955797,0.296095821933254
"sim_structured",0.3,0.3,80,4,"kernels_breeding",0.231970877012,0.327765213153379
"sim_structured",0.3,0.3,80,5,"random",0.192868576971982,0.0682090157306064
"sim_structured",0.3,0.3,80,5,"additive",0.444362924370076,0.284988090281989
"sim_structured",0.3,0.3,80,5,"kernels",0.43446674840715,0.278543403014119
"sim_structured",0.3,0.3,80,5,"kernels_breeding",0.440558529856795,0.285137659429159
"sim_structured",0.3,0.3,80,6,"random",0.281542720478606,0.409443234147363
"sim_structured",0.3,0.3,80,6,"additive",0.22853046916289,0.339701589202039
"sim_structured",0.3,0.3,80,6,"kernels",0.350577968394087,0.468248984169098
"sim_structured",0.3,0.3,80,6,"kernels_breeding",0.269614762872173,0.435025479081977
"sim_structured",0.3,0.3,80,7,"random",0.0393844273442082,0.143938212138332
"sim_structured",0.3,0.3,80,7,"additive",0.0688442157898652,0.139622573453897
"sim_structured",0.3,0.3,80,7,"kernels",0.0793660257735338,0.142407215750796
"sim_structured",0.3,0.3,80,7,"kernels_breeding",0.0444136582616867,0.1192567198467
"sim_structured",0.3,0.3,80,8,"random",0.334690871167012,0.304054893787345
"sim_structured",0.3,0.3,80,8,"additive",0.36813447143929,0.381031317784263
"sim_structured",0.3,0.3,80,8,"kernels",0.417093874662891,0.451540027695955
"sim_structured",0.3,0.3,80,8,"kernels_breeding",0.362538441675592,0.383846169645181
"sim_structured",0.3,0.3,80,9,"random",0.220884824962606,0.237091755111126
"sim_structured",0.3,0.3,80,9,"additive",0.297620639063166,0.360512458053712
"sim_structured",0.3,0.3,80,9,"kernels",0.315609129909491,0.36078448767275
"sim_structured",0.3,0.3,80,9,"kernels_breeding",0.318769576408564,0.363905767052319
"sim_structured",0.3,0.3,80,10,"random",0.341349843549639,0.326259881862786
"sim_structured",0.3,0.3,80,10,"additive",0.235675243343103,0.264618920814754
"sim_structured",0.3,0.3,80,10,"kernels",0.275831766405266,0.320744706756709
"sim_structured",0.3,0.3,80,10,"kernels_breeding",0.128499952362898,0.215730456915225
"sim_structured",0.3,0.3,80,11,"random",0.476488363292738,0.400493181925339
"sim_structured",0.3,0.3,80,11,"additive",0.50100936440591,0.446365058604936
"sim_structured",0.3,0.3,80,11,"kernels",0.502796543256872,0.462586343355453
"sim_structured",0.3,0.3,80,11,"kernels_breeding",0.498142084879935,0.460731962740846
"sim_structured",0.3,0.3,80,12,"random",0.354463387390778,0.413422650176782
"sim_structured",0.3,0.3,80,12,"additive",0.39896869935384,0.488442198268363
"sim_structured",0.3,0.3,80,12,"kernels",0.426466035471334,0.514251296673944
"sim_structured",0.3,0.3,80,12,"kernels_breeding",0.404915059188636,0.492310186589793
"sim_structured",0.3,0.3,80,13,"random",0.686780392345468,0.663544530157152
"sim_structured",0.3,0.3,80,13,"additive",0.651856910868336,0.624412762062606
"sim_structured",0.3,0.3,80,13,"kernels",0.671020160551837,0.62274083372724
"sim_structured",0.3,0.3,80,13,"kernels_breeding",0.683280261297617,0.633365769398069
"sim_structured",0.3,0.3,80,14,"random",0.578066409042197,0.60072508744519
"sim_structured",0.3,0.3,80,14,"additive",0.637982541088226,0.657455748106402
"sim_structured",0.3,0.3,80,14,"kernels",0.619449905062668,0.655595579330698
"sim_structured",0.3,0.3,80,14,"kernels_breeding",0.624765548460519,0.654536420918715
"sim_structured",0.3,0.3,80,15,"random",0.407793777343216,0.45979892164438
"sim_structured",0.3,0.3,80,15,"additive",0.404393397324593,0.393655101509458
"sim_structured",0.3,0.3,80,15,"kernels",0.409442624896709,0.386432240102371
"sim_structured",0.3,0.3,80,15,"kernels_breeding",0.401205095794294,0.398812802807534
"sim_structured",0.3,0.3,80,16,"random",0.396833005317006,0.326793071107457
"sim_structured",0.3,0.3,80,16,"additive",0.270356999466494,0.162366347449385
"sim_structured",0.3,0.3,80,16,"kernels",0.323768971545036,0.166728406516665
"sim_structured",0.3,0.3,80,16,"kernels_breeding",0.34364221546849,0.163419729333479
"sim_structured",0.3,0.3,80,17,"random",0.470396561473734,0.5140021935611
"sim_structured",0.3,0.3,80,17,"additive",0.521753381667781,0.54178087220225
"sim_structured",0.3,0.3,80,17,"kernels",0.563702074497986,0.590847003348864
"sim_structured",0.3,0.3,80,17,"kernels_breeding",0.54842715765128,0.564701417581434
"sim_structured",0.3,0.3,80,18,"random",0.3433089373263,0.34465193221525
"sim_structured",0.3,0.3,80,18,"additive",0.393357710391892,0.453453673398678
"sim_structured",0.3,0.3,80,18,"kernels",0.404306629602949,0.45872895181102
"sim_structured",0.3,0.3,80,18,"kernels_breeding",0.259021055806846,0.342556469142191
"sim_structured",0.3,0.3,80,19,"random",0.412494447785338,0.454932836064197
"sim_structured",0.3,0.3,80,19,"additive",0.518335293447328,0.534691529411773
"sim_structured",0.3,0.3,80,19,"kernels",0.560391466292015,0.534027141831602
"sim_structured",0.3,0.3,80,19,"kernels_breeding",0.529099643030814,0.554605025225421
"sim_structured",0.3,0.3,80,20,"random",0.312446534964057,0.329633224527338
"sim_structured",0.3,0.3,80,20,"additive",0.482074262021493,0.45594137534256
"sim_structured",0.3,0.3,80,20,"kernels",0.515724454403511,0.463286385612243
"sim_structured",0.3,0.3,80,20,"kernels_breeding",0.469005410376407,0.468786045800742
"sim_structured",0.3,0.3,80,21,"random",0.38520729511249,0.365364210806378
"sim_structured",0.3,0.3,80,21,"additive",0.483325336861961,0.427563934815006
"sim_structured",0.3,0.3,80,21,"kernels",0.431260967501094,0.404764291850871
"sim_structured",0.3,0.3,80,21,"kernels_breeding",0.410952278968937,0.362439307549222
"sim_structured",0.3,0.3,80,22,"random",0.328309439764642,0.354220154566148
"sim_structured",0.3,0.3,80,22,"additive",0.0652634400762149,0.11524445086742
"sim_structured",0.3,0.3,80,22,"kernels",0.120503323207473,0.162173211136016
"sim_structured",0.3,0.3,80,22,"kernels_breeding",0.061889330836293,0.105465617263243
"sim_structured",0.3,0.3,80,23,"random",0.314820572501553,0.413373608551084
"sim_structured",0.3,0.3,80,23,"additive",0.301052827488062,0.304032893185077
"sim_structured",0.3,0.3,80,23,"kernels",0.325547162736959,0.331088037709725
"sim_structured",0.3,0.3,80,23,"kernels_breeding",0.281989997038111,0.271438456458441
"sim_structured",0.3,0.3,80,24,"random",0.472001623845904,0.492792237349326
"sim_structured",0.3,0.3,80,24,"additive",0.590308044910342,0.510333227722996
"sim_structured",0.3,0.3,80,24,"kernels",0.589610661847738,0.519109244383186
"sim_structured",0.3,0.3,80,24,"kernels_breeding",0.583767572573315,0.507602751581915
"sim_structured",0.3,0.3,80,25,"random",0.439624090729545,0.467770200981542
"sim_structured",0.3,0.3,80,25,"additive",0.534170899556247,0.486929344590003
"sim_structured",0.3,0.3,80,25,"kernels",0.603311799501097,0.587353830215147
"sim_structured",0.3,0.3,80,25,"kernels_breeding",0.635256241552189,0.604645099131712
"sim_structured",0.3,0.3,80,26,"random",0.427382280538207,0.392542065656895
"sim_structured",0.3,0.3,80,26,"additive",0.483119832363592,0.41646661142197
"sim_structured",0.3,0.3,80,26,"kernels",0.528177833817771,0.497328029149217
"sim_structured",0.3,0.3,80,26,"kernels_breeding",0.487055779353249,0.423535441105366
"sim_structured",0.3,0.3,80,27,"random",0.301040955657485,0.313632890684141
"sim_structured",0.3,0.3,80,27,"additive",0.315133927087714,0.366767257798539
"sim_structured",0.3,0.3,80,27,"kernels",0.33062832435582,0.388182052464502
"sim_structured",0.3,0.3,80,27,"kernels_breeding",0.344528754549008,0.41561938339874
"sim_structured",0.3,0.3,80,28,"random",0.329187537532103,0.275980735706703
"sim_structured",0.3,0.3,80,28,"additive",0.433108853052076,0.486430103092258
"sim_structured",0.3,0.3,80,28,"kernels",0.468742766603123,0.522306888115871
"sim_structured",0.3,0.3,80,28,"kernels_breeding",0.45583632162507,0.467479462679881
"sim_structured",0.3,0.3,80,29,"random",0.51496998515826,0.344322899086567
"sim_structured",0.3,0.3,80,29,"additive",0.451244461160606,0.273872025302663
"sim_structured",0.3,0.3,80,29,"kernels",0.470953563231634,0.270795452962166
"sim_structured",0.3,0.3,80,29,"kernels_breeding",0.443543870089599,0.267687176741595
"sim_structured",0.3,0.3,80,30,"random",0.43708822726887,0.329461306428783
"sim_structured",0.3,0.3,80,30,"additive",0.44653194118005,0.432184846807048
"sim_structured",0.3,0.3,80,30,"kernels",0.448180313003516,0.421566519195372
"sim_structured",0.3,0.3,80,30,"kernels_breeding",0.392178976780056,0.324468290817685
"sim_continuum",0.3,0.3,80,1,"random",0.553358901545479,0.621732690622883
"sim_continuum",0.3,0.3,80,1,"additive",0.648922775562255,0.696291894790639
"sim_continuum",0.3,0.3,80,1,"kernels",0.589683849866673,0.654321002802266
"sim_continuum",0.3,0.3,80,1,"kernels_breeding",0.55215220262715,0.610569426582048
"sim_continuum",0.3,0.3,80,2,"random",0.448288532659567,0.467450821472789
"sim_continuum",0.3,0.3,80,2,"additive",0.322854171255722,0.293146413916689
"sim_continuum",0.3,0.3,80,2,"kernels",0.242553015758127,0.161016748032857
"sim_continuum",0.3,0.3,80,2,"kernels_breeding",0.276711612030599,0.197755297619947
"sim_continuum",0.3,0.3,80,3,"random",0.273115893420012,0.305947233250901
"sim_continuum",0.3,0.3,80,3,"additive",0.410723884174245,0.376479489738887
"sim_continuum",0.3,0.3,80,3,"kernels",0.367197712936138,0.348576650932302
"sim_continuum",0.3,0.3,80,3,"kernels_breeding",0.448986804328084,0.494748229049011
"sim_continuum",0.3,0.3,80,4,"random",0.5575361790583,0.611679976235738
"sim_continuum",0.3,0.3,80,4,"additive",0.604053741090187,0.5345387407581
"sim_continuum",0.3,0.3,80,4,"kernels",0.59653148223255,0.578060390888201
"sim_continuum",0.3,0.3,80,4,"kernels_breeding",0.62353771448357,0.585212208442098
"sim_continuum",0.3,0.3,80,5,"random",0.317247236048922,0.131225055986769
"sim_continuum",0.3,0.3,80,5,"additive",0.361226033879189,0.0948982420636443
"sim_continuum",0.3,0.3,80,5,"kernels",0.406349531707356,0.201559066622642
"sim_continuum",0.3,0.3,80,5,"kernels_breeding",0.409520935986748,0.257429448146864
"sim_continuum",0.3,0.3,80,6,"random",0.435155871119895,0.605740122766062
"sim_continuum",0.3,0.3,80,6,"additive",0.439598065381993,0.619418587669613
"sim_continuum",0.3,0.3,80,6,"kernels",0.539583949241333,0.714537284933632
"sim_continuum",0.3,0.3,80,6,"kernels_breeding",0.51901706242701,0.668175946964523
"sim_continuum",0.3,0.3,80,7,"random",0.561258308155495,0.61545418127396
"sim_continuum",0.3,0.3,80,7,"additive",0.658503773488364,0.726238144968276
"sim_continuum",0.3,0.3,80,7,"kernels",0.675664146345287,0.746768629686728
"sim_continuum",0.3,0.3,80,7,"kernels_breeding",0.644725176537962,0.729081412555105
"sim_continuum",0.3,0.3,80,8,"random",0.492066825009284,0.536450916920014
"sim_continuum",0.3,0.3,80,8,"additive",0.452087894362459,0.447994444022655
"sim_continuum",0.3,0.3,80,8,"kernels",0.433827203716466,0.480708770658668
"sim_continuum",0.3,0.3,80,8,"kernels_breeding",0.369583097735611,0.364363569224077
"sim_continuum",0.3,0.3,80,9,"random",0.587940396738793,0.523850523032063
"sim_continuum",0.3,0.3,80,9,"additive",0.677799885515364,0.745053190482734
"sim_continuum",0.3,0.3,80,9,"kernels",0.676318522222502,0.730134794658521
"sim_continuum",0.3,0.3,80,9,"kernels_breeding",0.661494654884896,0.692489711498957
"sim_continuum",0.3,0.3,80,10,"random",0.344012299152469,0.318713009344709
"sim_continuum",0.3,0.3,80,10,"additive",0.381355246369529,0.396193078228079
"sim_continuum",0.3,0.3,80,10,"kernels",0.352968333020643,0.36713703446161
"sim_continuum",0.3,0.3,80,10,"kernels_breeding",0.358215527348569,0.34055872852562
"sim_continuum",0.3,0.3,80,11,"random",0.5195288746901,0.585438275646172
"sim_continuum",0.3,0.3,80,11,"additive",0.536712303105033,0.644288223479938
"sim_continuum",0.3,0.3,80,11,"kernels",0.554298073018585,0.663506691016662
"sim_continuum",0.3,0.3,80,11,"kernels_breeding",0.527966457646897,0.676349438461671
"sim_continuum",0.3,0.3,80,12,"random",0.30103352050683,0.314898938861437
"sim_continuum",0.3,0.3,80,12,"additive",0.375334299057882,0.377989452006183
"sim_continuum",0.3,0.3,80,12,"kernels",0.433146898802528,0.439337097660778
"sim_continuum",0.3,0.3,80,12,"kernels_breeding",0.215843166949605,0.251831616710076
"sim_continuum",0.3,0.3,80,13,"random",0.260366294311949,0.370812793749167
"sim_continuum",0.3,0.3,80,13,"additive",0.364655155708203,0.551657092324169
"sim_continuum",0.3,0.3,80,13,"kernels",0.283508914466506,0.453560669999644
"sim_continuum",0.3,0.3,80,13,"kernels_breeding",0.363885698867602,0.522462661041033
"sim_continuum",0.3,0.3,80,14,"random",0.450194434510813,0.513017202207508
"sim_continuum",0.3,0.3,80,14,"additive",0.410455727637051,0.345498857019288
"sim_continuum",0.3,0.3,80,14,"kernels",0.41589790023147,0.343232261007117
"sim_continuum",0.3,0.3,80,14,"kernels_breeding",0.363592944280324,0.238118814959829
"sim_continuum",0.3,0.3,80,15,"random",0.455609989573587,0.390576416779216
"sim_continuum",0.3,0.3,80,15,"additive",0.262290699428395,0.39653446103814
"sim_continuum",0.3,0.3,80,15,"kernels",0.0940630516821387,0.28363820882645
"sim_continuum",0.3,0.3,80,15,"kernels_breeding",0.181186034744416,0.304491794153107
"sim_continuum",0.3,0.3,80,16,"random",0.581097837178072,0.649558034120647
"sim_continuum",0.3,0.3,80,16,"additive",0.485726469431875,0.595068639719236
"sim_continuum",0.3,0.3,80,16,"kernels",0.517326012706048,0.606446311241385
"sim_continuum",0.3,0.3,80,16,"kernels_breeding",0.519487796172411,0.619090868692915
"sim_continuum",0.3,0.3,80,17,"random",0.535276276708624,0.424094758713584
"sim_continuum",0.3,0.3,80,17,"additive",0.59574232405176,0.49703023429619
"sim_continuum",0.3,0.3,80,17,"kernels",0.617424667482217,0.516168638988567
"sim_continuum",0.3,0.3,80,17,"kernels_breeding",0.600904715080807,0.544013728552438
"sim_continuum",0.3,0.3,80,18,"random",0.481423569140634,0.550704239257078
"sim_continuum",0.3,0.3,80,18,"additive",0.550941879984442,0.71587254468138
"sim_continuum",0.3,0.3,80,18,"kernels",0.562339749028567,0.706505773459806
"sim_continuum",0.3,0.3,80,18,"kernels_breeding",0.585634213017183,0.699281271598665
"sim_continuum",0.3,0.3,80,19,"random",0.464820987566472,0.554440182582254
"sim_continuum",0.3,0.3,80,19,"additive",0.44650503485711,0.506729806373648
"sim_continuum",0.3,0.3,80,19,"kernels",0.526519580092855,0.576118283147875
"sim_continuum",0.3,0.3,80,19,"kernels_breeding",0.465041703955619,0.589018846590249
"sim_continuum",0.3,0.3,80,20,"random",0.467653039975215,0.32169674449691
"sim_continuum",0.3,0.3,80,20,"additive",0.485110726819526,0.451351235011266
"sim_continuum",0.3,0.3,80,20,"kernels",0.359243671840609,0.324535301744545
"sim_continuum",0.3,0.3,80,20,"kernels_breeding",0.552413611485003,0.604833751405542
"sim_continuum",0.3,0.3,80,21,"random",0.481235388275541,0.590301681155909
"sim_continuum",0.3,0.3,80,21,"additive",0.28040393716886,0.443018716189472
"sim_continuum",0.3,0.3,80,21,"kernels",0.354789382280825,0.504390317456727
"sim_continuum",0.3,0.3,80,21,"kernels_breeding",0.219799041982737,0.402109309515928
"sim_continuum",0.3,0.3,80,22,"random",0.450457384620007,0.415253097292516
"sim_continuum",0.3,0.3,80,22,"additive",0.447164030019019,0.53906338126362
"sim_continuum",0.3,0.3,80,22,"kernels",0.563226636659304,0.57932430297041
"sim_continuum",0.3,0.3,80,22,"kernels_breeding",0.591370550397257,0.607251186836487
"sim_continuum",0.3,0.3,80,23,"random",0.441880598499706,0.580464713977633
"sim_continuum",0.3,0.3,80,23,"additive",0.549026049549366,0.694123102413556
"sim_continuum",0.3,0.3,80,23,"kernels",0.465561210886983,0.658070001469612
"sim_continuum",0.3,0.3,80,23,"kernels_breeding",0.566519497506978,0.720658313157787
"sim_continuum",0.3,0.3,80,24,"random",0.62507875625773,0.626131144122114
"sim_continuum",0.3,0.3,80,24,"additive",0.677815858612191,0.711199131756555
"sim_continuum",0.3,0.3,80,24,"kernels",0.650839957678798,0.697339111093301
"sim_continuum",0.3,0.3,80,24,"kernels_breeding",0.667927869065272,0.715301139500208
"sim_continuum",0.3,0.3,80,25,"random",0.639359751241729,0.659773348298855
"sim_continuum",0.3,0.3,80,25,"additive",0.761217322311013,0.771860914473425
"sim_continuum",0.3,0.3,80,25,"kernels",0.73471104794087,0.709765307065399
"sim_continuum",0.3,0.3,80,25,"kernels_breeding",0.731013413404932,0.732434323505352
"sim_continuum",0.3,0.3,80,26,"random",0.364227440368265,0.432558420295539
"sim_continuum",0.3,0.3,80,26,"additive",0.606918298988651,0.633749501974741
"sim_continuum",0.3,0.3,80,26,"kernels",0.699571955311038,0.703513147150722
"sim_continuum",0.3,0.3,80,26,"kernels_breeding",0.541183883604526,0.560666456694893
"sim_continuum",0.3,0.3,80,27,"random",0.693208401309421,0.68044542337015
"sim_continuum",0.3,0.3,80,27,"additive",0.717979883051887,0.674658308245624
"sim_continuum",0.3,0.3,80,27,"kernels",0.725053845649891,0.714283181054019
"sim_continuum",0.3,0.3,80,27,"kernels_breeding",0.727580569842608,0.629726088410837
"sim_continuum",0.3,0.3,80,28,"random",0.312815739558115,0.37837395664404
"sim_continuum",0.3,0.3,80,28,"additive",0.434704271259474,0.320227936516373
"sim_continuum",0.3,0.3,80,28,"kernels",0.403450686190062,0.288982866512208
"sim_continuum",0.3,0.3,80,28,"kernels_breeding",0.428041229038897,0.310700722879107
"sim_continuum",0.3,0.3,80,29,"random",0.544084250809445,0.62411840160002
"sim_continuum",0.3,0.3,80,29,"additive",0.568859201695036,0.687637787720498
"sim_continuum",0.3,0.3,80,29,"kernels",0.602313726939826,0.750226809741997
"sim_continuum",0.3,0.3,80,29,"kernels_breeding",0.577752346689035,0.714686576148632
"sim_continuum",0.3,0.3,80,30,"random",0.39041142191647,0.381635842543566
"sim_continuum",0.3,0.3,80,30,"additive",0.395799061814052,0.404644746168212
"sim_continuum",0.3,0.3,80,30,"kernels",0.365250774308129,0.285890950100588
"sim_continuum",0.3,0.3,80,30,"kernels_breeding",0.359364463123041,0.354409741984046
"example_panel",0.3,0.3,80,1,"random",0.610037537240614,0.575405940915326
"example_panel",0.3,0.3,80,1,"additive",0.569063510916059,0.631284174900548
"example_panel",0.3,0.3,80,1,"kernels",0.594098886359984,0.635605274725938
"example_panel",0.3,0.3,80,1,"kernels_breeding",0.548108338573449,0.605178180853415
"example_panel",0.3,0.3,80,2,"random",0.315591765027629,0.498475867471462
"example_panel",0.3,0.3,80,2,"additive",0.28097695241037,0.492779356590418
"example_panel",0.3,0.3,80,2,"kernels",0.306341209278882,0.533474002638022
"example_panel",0.3,0.3,80,2,"kernels_breeding",0.327079772582948,0.567466598266144
"example_panel",0.3,0.3,80,3,"random",0.33243519979041,0.401808678081442
"example_panel",0.3,0.3,80,3,"additive",0.432333634051956,0.497903361233557
"example_panel",0.3,0.3,80,3,"kernels",0.44225470582106,0.546184420455268
"example_panel",0.3,0.3,80,3,"kernels_breeding",0.477639908760721,0.546538372861085
"example_panel",0.3,0.3,80,4,"random",0.432258916376847,0.480696211277249
"example_panel",0.3,0.3,80,4,"additive",0.456137501183525,0.483890457103361
"example_panel",0.3,0.3,80,4,"kernels",0.472991531319321,0.513287023816378
"example_panel",0.3,0.3,80,4,"kernels_breeding",0.462219611484164,0.487698562790332
"example_panel",0.3,0.3,80,5,"random",0.27315840101377,0.231381277824568
"example_panel",0.3,0.3,80,5,"additive",0.453754642171811,0.450990680608999
"example_panel",0.3,0.3,80,5,"kernels",0.541090333581503,0.526374428763605
"example_panel",0.3,0.3,80,5,"kernels_breeding",0.531535307111016,0.520794046861624
"example_panel",0.3,0.3,80,6,"random",0.197776429052732,0.182227610551118
"example_panel",0.3,0.3,80,6,"additive",0.327048867026844,0.297422755234552
"example_panel",0.3,0.3,80,6,"kernels",0.353485186463717,0.300458508542669
"example_panel",0.3,0.3,80,6,"kernels_breeding",0.337033090160887,0.30079133261724
"example_panel",0.3,0.3,80,7,"random",0.51196468848226,0.46658443733878
"example_panel",0.3,0.3,80,7,"additive",0.549248181803406,0.474641056609522
"example_panel",0.3,0.3,80,7,"kernels",0.61388267811616,0.531732033640419
"example_panel",0.3,0.3,80,7,"kernels_breeding",0.592530773099795,0.489283635554403
"example_panel",0.3,0.3,80,8,"random",0.296285059824938,0.227705020906273
"example_panel",0.3,0.3,80,8,"additive",0.370548435205366,0.353770787376162
"example_panel",0.3,0.3,80,8,"kernels",0.390335775092856,0.360004906125681
"example_panel",0.3,0.3,80,8,"kernels_breeding",0.360176112416814,0.355517364138135
"example_panel",0.3,0.3,80,9,"random",0.459439433892802,0.537378437180729
"example_panel",0.3,0.3,80,9,"additive",0.439575170246252,0.541305092238232
"example_panel",0.3,0.3,80,9,"kernels",0.458839546026138,0.555042043385083
"example_panel",0.3,0.3,80,9,"kernels_breeding",0.440539100681573,0.50619246335267
"example_panel",0.3,0.3,80,10,"random",0.241701153690689,0.296231327444376
"example_panel",0.3,0.3,80,10,"additive",0.259339551848341,0.24127368133073
"example_panel",0.3,0.3,80,10,"kernels",0.40524738311815,0.410416513580087
"example_panel",0.3,0.3,80,10,"kernels_breeding",0.287229348765992,0.25867192451736
"example_panel",0.3,0.3,80,11,"random",0.654548196441224,0.598569681069831
"example_panel",0.3,0.3,80,11,"additive",0.721729246398974,0.681611842411004
"example_panel",0.3,0.3,80,11,"kernels",0.681958028258407,0.635837619125027
"example_panel",0.3,0.3,80,11,"kernels_breeding",0.709220341087277,0.65788775969206
"example_panel",0.3,0.3,80,12,"random",0.245727567990536,0.268209979423324
"example_panel",0.3,0.3,80,12,"additive",0.325513703214507,0.208990912913981
"example_panel",0.3,0.3,80,12,"kernels",0.373939009077589,0.237898636699714
"example_panel",0.3,0.3,80,12,"kernels_breeding",0.321251502342452,0.219544877063826
"example_panel",0.3,0.3,80,13,"random",0.456577674317289,0.533476118657183
"example_panel",0.3,0.3,80,13,"additive",0.575925792805678,0.59482329090418
"example_panel",0.3,0.3,80,13,"kernels",0.60032830246852,0.617828349643976
"example_panel",0.3,0.3,80,13,"kernels_breeding",0.590007289535227,0.601293371394178
"example_panel",0.3,0.3,80,14,"random",0.454784068016216,0.481340683395612
"example_panel",0.3,0.3,80,14,"additive",0.476080781241421,0.411152338337624
"example_panel",0.3,0.3,80,14,"kernels",0.481446419317906,0.418350419596692
"example_panel",0.3,0.3,80,14,"kernels_breeding",0.473503933627713,0.404332822181455
"example_panel",0.3,0.3,80,15,"random",0.552144637154218,0.613671053577529
"example_panel",0.3,0.3,80,15,"additive",0.60111786719289,0.671819976285475
"example_panel",0.3,0.3,80,15,"kernels",0.636147785295168,0.708964219667098
"example_panel",0.3,0.3,80,15,"kernels_breeding",0.594532603229705,0.664853762431588
"example_panel",0.3,0.3,80,16,"random",0.0264264052551545,0.162326647016955
"example_panel",0.3,0.3,80,16,"additive",0.023309989443292,-0.0501273671855842
"example_panel",0.3,0.3,80,16,"kernels",0.0121754132126511,-0.0668554307952791
"example_panel",0.3,0.3,80,16,"kernels_breeding",0.0991408220247669,0.0550111940749112
"example_panel",0.3,0.3,80,17,"random",0.475185575121697,0.405342727711406
"example_panel",0.3,0.3,80,17,"additive",0.444273184665291,0.380827738576874
"example_panel",0.3,0.3,80,17,"kernels",0.441163342835385,0.401234431821134
"example_panel",0.3,0.3,80,17,"kernels_breeding",0.466477424722523,0.405603691537097
"example_panel",0.3,0.3,80,18,"random",0.0589860601085524,-0.0231123196334807
"example_panel",0.3,0.3,80,18,"additive",0.0858852058792903,0.0239090744410265
"example_panel",0.3,0.3,80,18,"kernels",0.116712690209331,0.0396101990648321
"example_panel",0.3,0.3,80,18,"kernels_breeding",0.0827923189650926,0.0238388149102599
"example_panel",0.3,0.3,80,19,"random",0.164725981678364,0.103972217035585
"example_panel",0.3,0.3,80,19,"additive",0.186951177133335,0.13441692916051
"example_panel",0.3,0.3,80,19,"kernels",0.227634652516206,0.113549624176228
"example_panel",0.3,0.3,80,19,"kernels_breeding",0.20180068625045,0.109972044618381
"example_panel",0.3,0.3,80,20,"random",0.316842802981996,0.289100492511494
"example_panel",0.3,0.3,80,20,"additive",0.51594836382975,0.460796192115034
"example_panel",0.3,0.3,80,20,"kernels",0.458481865472424,0.356829196287222
"example_panel",0.3,0.3,80,20,"kernels_breeding",0.485229914716019,0.447943946889847
"example_panel",0.3,0.3,80,21,"random",0.421550335468921,0.538995864192536
"example_panel",0.3,0.3,80,21,"additive",0.486048665197806,0.613815452106424
"example_panel",0.3,0.3,80,21,"kernels",0.475494640107089,0.599310732244095
"example_panel",0.3,0.3,80,21,"kernels_breeding",0.472230253943821,0.606002775532199
"example_panel",0.3,0.3,80,22,"random",0.451261519999192,0.578064266132934
"example_panel",0.3,0.3,80,22,"additive",0.373224826615885,0.524812203800722
"example_panel",0.3,0.3,80,22,"kernels",0.415218558140945,0.574865781317402
"example_panel",0.3,0.3,80,22,"kernels_breeding",0.381588273699572,0.528147114765483
"example_panel",0.3,0.3,80,23,"random",0.528841240943762,0.549570223722681
"example_panel",0.3,0.3,80,23,"additive",0.5966134703949,0.572829795533522
"example_panel",0.3,0.3,80,23,"kernels",0.610631367427174,0.574004017707433
"example_panel",0.3,0.3,80,23,"kernels_breeding",0.604400812238117,0.579731108568004
"example_panel",0.3,0.3,80,24,"random",0.256894348682274,0.160429687493469
"example_panel",0.3,0.3,80,24,"additive",0.380223657406045,0.229209777564693
"example_panel",0.3,0.3,80,24,"kernels",0.364272057354331,0.218641416359328
"example_panel",0.3,0.3,80,24,"kernels_breeding",0.392655080286142,0.223731185435568
"example_panel",0.3,0.3,80,25,"random",0.275569831714928,0.281839325235611
"example_panel",0.3,0.3,80,25,"additive",0.387113062571487,0.390169188919341
"example_panel",0.3,0.3,80,25,"kernels",0.405787218351195,0.432708974080491
"example_panel",0.3,0.3,80,25,"kernels_breeding",0.391161842734061,0.405996521626375
"example_panel",0.3,0.3,80,26,"random",0.276606076224597,0.358275688858246
"example_panel",0.3,0.3,80,26,"additive",0.472327036420073,0.579344253157392
"example_panel",0.3,0.3,80,26,"kernels",0.46055851484268,0.572627061479975
"example_panel",0.3,0.3,80,26,"kernels_breeding",0.502811071376558,0.62332666527705
"example_panel",0.3,0.3,80,27,"random",0.299135725613898,0.299729780336183
"example_panel",0.3,0.3,80,27,"additive",0.574396189133538,0.50248860343458
"example_panel",0.3,0.3,80,27,"kernels",0.567881292904532,0.534295703229691
"example_panel",0.3,0.3,80,27,"kernels_breeding",0.577923362910014,0.554379907995355
"example_panel",0.3,0.3,80,28,"random",0.348472521484341,0.267978862885544
"example_panel",0.3,0.3,80,28,"additive",0.46607288499123,0.358270202597302
"example_panel",0.3,0.3,80,28,"kernels",0.463479406039901,0.391447807378916
"example_panel",0.3,0.3,80,28,"kernels_breeding",0.46980089665649,0.357246797336642
"example_panel",0.3,0.3,80,29,"random",0.392248087415995,0.456910063204955
"example_panel",0.3,0.3,80,29,"additive",0.664845469304302,0.755712219857623
"example_panel",0.3,0.3,80,29,"kernels",0.653752360521797,0.736182822531605
"example_panel",0.3,0.3,80,29,"kernels_breeding",0.670809444334642,0.75025973242381
"example_panel",0.3,0.3,80,30,"random",0.425313261773908,0.503589203348468
"example_panel",0.3,0.3,80,30,"additive",0.392493471553006,0.506640484534296
"example_panel",0.3,0.3,80,30,"kernels",0.374243523785253,0.486731828195209
"example_panel",0.3,0.3,80,30,"kernels_breeding",0.430186088290503,0.514369543369582
"sim_structured",0.5,0.3,80,1,"random",0.215208346128278,0.349202492981014
"sim_structured",0.5,0.3,80,1,"additive",0.338403451090209,0.341826805748955
"sim_structured",0.5,0.3,80,1,"kernels",0.308759345505029,0.368544784571318
"sim_structured",0.5,0.3,80,1,"kernels_breeding",0.417504873987868,0.379370017891718
"sim_structured",0.5,0.3,80,2,"random",0.267725328894801,0.448834507669439
"sim_structured",0.5,0.3,80,2,"additive",0.236898027228106,0.521429074612031
"sim_structured",0.5,0.3,80,2,"kernels",0.243786067355028,0.529584934563056
"sim_structured",0.5,0.3,80,2,"kernels_breeding",0.253076838073357,0.534101614865467
"sim_structured",0.5,0.3,80,3,"random",0.31676490117339,0.47815721741881
"sim_structured",0.5,0.3,80,3,"additive",0.428700640604297,0.541616416834667
"sim_structured",0.5,0.3,80,3,"kernels",0.403387316650303,0.505797556795248
"sim_structured",0.5,0.3,80,3,"kernels_breeding",0.402690394781231,0.517777577523119
"sim_structured",0.5,0.3,80,4,"random",0.351153588567868,0.430038691051714
"sim_structured",0.5,0.3,80,4,"additive",0.198016234094992,0.349856054149233
"sim_structured",0.5,0.3,80,4,"kernels",0.137036283496248,0.278005642661159
"sim_structured",0.5,0.3,80,4,"kernels_breeding",0.179386127663429,0.31642358939199
"sim_structured",0.5,0.3,80,5,"random",0.206904390580569,0.023103898637928
"sim_structured",0.5,0.3,80,5,"additive",0.437085767670921,0.218566670617752
"sim_structured",0.5,0.3,80,5,"kernels",0.425616968253308,0.213523686001157
"sim_structured",0.5,0.3,80,5,"kernels_breeding",0.433211215133408,0.220986138918898
"sim_structured",0.5,0.3,80,6,"random",0.205802661080888,0.374671167913258
"sim_structured",0.5,0.3,80,6,"additive",0.150228205356713,0.268842168717587
"sim_structured",0.5,0.3,80,6,"kernels",0.263377771726843,0.405662563856137
"sim_structured",0.5,0.3,80,6,"kernels_breeding",0.172680726968044,0.388008777663866
"sim_structured",0.5,0.3,80,7,"random",-0.0137715620549528,0.101876690131255
"sim_structured",0.5,0.3,80,7,"additive",0.0195433734868573,0.0880018864199027
"sim_structured",0.5,0.3,80,7,"kernels",0.0343420003784055,0.091372911420453
"sim_structured",0.5,0.3,80,7,"kernels_breeding",-0.00740274683776412,0.0662556398391111
"sim_structured",0.5,0.3,80,8,"random",0.274261115533385,0.199309346479227
"sim_structured",0.5,0.3,80,8,"additive",0.307934661340825,0.283408002524435
"sim_structured",0.5,0.3,80,8,"kernels",0.355984593793424,0.372851926579483
"sim_structured",0.5,0.3,80,8,"kernels_breeding",0.303043145906246,0.289109619062114
"sim_structured",0.5,0.3,80,9,"random",0.187508580909774,0.205871197342065
"sim_structured",0.5,0.3,80,9,"additive",0.268786125916406,0.338601311102767
"sim_structured",0.5,0.3,80,9,"kernels",0.27900861399563,0.335339257446566
"sim_structured",0.5,0.3,80,9,"kernels_breeding",0.282873004308952,0.3400119995353
"sim_structured",0.5,0.3,80,10,"random",0.28808100864497,0.276273941396196
"sim_structured",0.5,0.3,80,10,"additive",0.191724802184414,0.180568969824643
"sim_structured",0.5,0.3,80,10,"kernels",0.225378508258824,0.236322583344085
"sim_structured",0.5,0.3,80,10,"kernels_breeding",0.0642888683554541,0.114206280327069
"sim_structured",0.5,0.3,80,11,"random",0.462538296572207,0.365702110221338
"sim_structured",0.5,0.3,80,11,"additive",0.500166143337062,0.420233159039716
"sim_structured",0.5,0.3,80,11,"kernels",0.499336836756867,0.443912388059348
"sim_structured",0.5,0.3,80,11,"kernels_breeding",0.496358304543165,0.444862001080193
"sim_structured",0.5,0.3,80,12,"random",0.300889893271568,0.378490283366679
"sim_structured",0.5,0.3,80,12,"additive",0.337343226363763,0.444695007816952
"sim_structured",0.5,0.3,80,12,"kernels",0.364950720326302,0.472213049372926
"sim_structured",0.5,0.3,80,12,"kernels_breeding",0.339138539534701,0.441353076750791
"sim_structured",0.5,0.3,80,13,"random",0.639354880095038,0.63475901366775
"sim_structured",0.5,0.3,80,13,"additive",0.606301537261012,0.591490698334109
"sim_structured",0.5,0.3,80,13,"kernels",0.628965204682893,0.585430170481942
"sim_structured",0.5,0.3,80,13,"kernels_breeding",0.644657119815982,0.601515254704473
"sim_structured",0.5,0.3,80,14,"random",0.515514708505642,0.578591834989584
"sim_structured",0.5,0.3,80,14,"additive",0.571843567882068,0.635131804297092
"sim_structured",0.5,0.3,80,14,"kernels",0.541238155996574,0.630138042231527
"sim_structured",0.5,0.3,80,14,"kernels_breeding",0.555208672446658,0.63291733574425
"sim_structured",0.5,0.3,80,15,"random",0.31944703288746,0.410823958467161
"sim_structured",0.5,0.3,80,15,"additive",0.342424398445599,0.322728884574199
"sim_structured",0.5,0.3,80,15,"kernels",0.349842594221629,0.31417113503387
"sim_structured",0.5,0.3,80,15,"kernels_breeding",0.332885544127442,0.335181862564158
"sim_structured",0.5,0.3,80,16,"random",0.373848444906333,0.304893581041445
"sim_structured",0.5,0.3,80,16,"additive",0.255623614438574,0.114663884857935
"sim_structured",0.5,0.3,80,16,"kernels",0.329924217362432,0.121458064289643
"sim_structured",0.5,0.3,80,16,"kernels_breeding",0.366065193329,0.123928420423245
"sim_structured",0.5,0.3,80,17,"random",0.417673382796846,0.497348027760204
"sim_structured",0.5,0.3,80,17,"additive",0.462930175827128,0.503518669872302
"sim_structured",0.5,0.3,80,17,"kernels",0.507756655644422,0.565208825715798
"sim_structured",0.5,0.3,80,17,"kernels_breeding",0.493493115204595,0.531990036979072
"sim_structured",0.5,0.3,80,18,"random",0.305792853187111,0.309170067698098
"sim_structured",0.5,0.3,80,18,"additive",0.319321335007945,0.403230992005686
"sim_structured",0.5,0.3,80,18,"kernels",0.340232474078828,0.420406610396599
"sim_structured",0.5,0.3,80,18,"kernels_breeding",0.168350850568737,0.265888243752476
"sim_structured",0.5,0.3,80,19,"random",0.335708727514962,0.372167898773983
"sim_structured",0.5,0.3,80,19,"additive",0.47641810920178,0.498668387830809
"sim_structured",0.5,0.3,80,19,"kernels",0.529754082294878,0.497987838578799
"sim_structured",0.5,0.3,80,19,"kernels_breeding",0.487458880543115,0.51818048546147
"sim_structured",0.5,0.3,80,20,"random",0.312285177404867,0.294808203371411
"sim_structured",0.5,0.3,80,20,"additive",0.477639178245801,0.388294535354355
"sim_structured",0.5,0.3,80,20,"kernels",0.513225736496408,0.396186879885732
"sim_structured",0.5,0.3,80,20,"kernels_breeding",0.467782001523307,0.420532985470313
"sim_structured",0.5,0.3,80,21,"random",0.364762809486979,0.342512626199216
"sim_structured",0.5,0.3,80,21,"additive",0.46099479280211,0.385422050411994
"sim_structured",0.5,0.3,80,21,"kernels",0.402489624192752,0.371256347820443
"sim_structured",0.5,0.3,80,21,"kernels_breeding",0.388375057659122,0.31737353850854
"sim_structured",0.5,0.3,80,22,"random",0.279477819072555,0.312244201656635
"sim_structured",0.5,0.3,80,22,"additive",0.0259205981413364,0.0660723186007125
"sim_structured",0.5,0.3,80,22,"kernels",0.0716635476140151,0.10078840486878
"sim_structured",0.5,0.3,80,22,"kernels_breeding",0.0215066458633738,0.0528449325737646
"sim_structured",0.5,0.3,80,23,"random",0.246058722586867,0.35859250089982
"sim_structured",0.5,0.3,80,23,"additive",0.261133008349478,0.194553078513579
"sim_structured",0.5,0.3,80,23,"kernels",0.280948292376159,0.240675268997904
"sim_structured",0.5,0.3,80,23,"kernels_breeding",0.235702915947421,0.148354208596435
"sim_structured",0.5,0.3,80,24,"random",0.416105929095533,0.454973625812563
"sim_structured",0.5,0.3,80,24,"additive",0.569770926126466,0.46023540008665
"sim_structured",0.5,0.3,80,24,"kernels",0.56730261733552,0.474916047582901
"sim_structured",0.5,0.3,80,24,"kernels_breeding",0.565957688064465,0.461022298606063
"sim_structured",0.5,0.3,80,25,"random",0.354812306655098,0.373294314010112
"sim_structured",0.5,0.3,80,25,"additive",0.46320020121962,0.38504063713586
"sim_structured",0.5,0.3,80,25,"kernels",0.544411875058748,0.536507568743824
"sim_structured",0.5,0.3,80,25,"kernels_breeding",0.574542081238736,0.541768698488589
"sim_structured",0.5,0.3,80,26,"random",0.397074317513055,0.331587092663593
"sim_structured",0.5,0.3,80,26,"additive",0.458476395531276,0.330983824177506
"sim_structured",0.5,0.3,80,26,"kernels",0.49507476877948,0.443440015339852
"sim_structured",0.5,0.3,80,26,"kernels_breeding",0.4674658913329,0.338743741798115
"sim_structured",0.5,0.3,80,27,"random",0.247388987883818,0.264517757366308
"sim_structured",0.5,0.3,80,27,"additive",0.211613828531807,0.234087404103586
"sim_structured",0.5,0.3,80,27,"kernels",0.225703030768961,0.244941700309099
"sim_structured",0.5,0.3,80,27,"kernels_breeding",0.23335851897546,0.269329095344897
"sim_structured",0.5,0.3,80,28,"random",0.303875476545866,0.227219978625503
"sim_structured",0.5,0.3,80,28,"additive",0.360458623781009,0.459143253978681
"sim_structured",0.5,0.3,80,28,"kernels",0.406941822318313,0.493107421863204
"sim_structured",0.5,0.3,80,28,"kernels_breeding",0.399474862757996,0.439382351926862
"sim_structured",0.5,0.3,80,29,"random",0.526134942655747,0.295030594885447
"sim_structured",0.5,0.3,80,29,"additive",0.463108705110191,0.203036005161427
"sim_structured",0.5,0.3,80,29,"kernels",0.491785773970639,0.207845574151491
"sim_structured",0.5,0.3,80,29,"kernels_breeding",0.451862107489503,0.191673326054972
"sim_structured",0.5,0.3,80,30,"random",0.416014388397558,0.260912862798465
"sim_structured",0.5,0.3,80,30,"additive",0.39602225513974,0.369631456036508
"sim_structured",0.5,0.3,80,30,"kernels",0.396150867232922,0.343442854739759
"sim_structured",0.5,0.3,80,30,"kernels_breeding",0.361158643044243,0.252392159624783
"sim_continuum",0.5,0.3,80,1,"random",0.456731459051481,0.557520349452773
"sim_continuum",0.5,0.3,80,1,"additive",0.561728175251203,0.65022217748825
"sim_continuum",0.5,0.3,80,1,"kernels",0.495704583799669,0.609062225309829
"sim_continuum",0.5,0.3,80,1,"kernels_breeding",0.456393728660488,0.550492742560153
"sim_continuum",0.5,0.3,80,2,"random",0.361164357465577,0.395881941179633
"sim_continuum",0.5,0.3,80,2,"additive",0.268626148116223,0.205027601100734
"sim_continuum",0.5,0.3,80,2,"kernels",0.219101756237525,0.0844002601630711
"sim_continuum",0.5,0.3,80,2,"kernels_breeding",0.243753498818435,0.111024521597833
"sim_continuum",0.5,0.3,80,3,"random",0.213025179852363,0.265679036591369
"sim_continuum",0.5,0.3,80,3,"additive",0.351759603900818,0.319620708267437
"sim_continuum",0.5,0.3,80,3,"kernels",0.304125842400739,0.288719785575307
"sim_continuum",0.5,0.3,80,3,"kernels_breeding",0.359197198736906,0.456484641533772
"sim_continuum",0.5,0.3,80,4,"random",0.481762182299396,0.576491644058996
"sim_continuum",0.5,0.3,80,4,"additive",0.537340957357117,0.474874474772735
"sim_continuum",0.5,0.3,80,4,"kernels",0.506416254601209,0.502498156943146
"sim_continuum",0.5,0.3,80,4,"kernels_breeding",0.5471526842319,0.525924153961679
"sim_continuum",0.5,0.3,80,5,"random",0.324188178552154,0.0463747760061589
"sim_continuum",0.5,0.3,80,5,"additive",0.394677680703728,-0.00423696692880295
"sim_continuum",0.5,0.3,80,5,"kernels",0.426635038312983,0.124562971729924
"sim_continuum",0.5,0.3,80,5,"kernels_breeding",0.409978040729848,0.191874672406087
"sim_continuum",0.5,0.3,80,6,"random",0.320437700122277,0.565319928088547
"sim_continuum",0.5,0.3,80,6,"additive",0.314822148559084,0.560535909483514
"sim_continuum",0.5,0.3,80,6,"kernels",0.425977531989343,0.679685538654214
"sim_continuum",0.5,0.3,80,6,"kernels_breeding",0.409426803834724,0.62711132640836
"sim_continuum",0.5,0.3,80,7,"random",0.462967137839366,0.552883312675526
"sim_continuum",0.5,0.3,80,7,"additive",0.552003196204419,0.671368140536049
"sim_continuum",0.5,0.3,80,7,"kernels",0.566457991302283,0.698813173714535
"sim_continuum",0.5,0.3,80,7,"kernels_breeding",0.528358733081383,0.673992224681236
"sim_continuum",0.5,0.3,80,8,"random",0.453558222939169,0.505189378521019
"sim_continuum",0.5,0.3,80,8,"additive",0.434414164172209,0.415113795140452
"sim_continuum",0.5,0.3,80,8,"kernels",0.392291267097473,0.44860833961325
"sim_continuum",0.5,0.3,80,8,"kernels_breeding",0.36211173332202,0.321142891207115
"sim_continuum",0.5,0.3,80,9,"random",0.544566513776187,0.462822827307585
"sim_continuum",0.5,0.3,80,9,"additive",0.62991434878237,0.732766047328152
"sim_continuum",0.5,0.3,80,9,"kernels",0.629997889791928,0.696839961310715
"sim_continuum",0.5,0.3,80,9,"kernels_breeding",0.61875920971907,0.657283690228298
"sim_continuum",0.5,0.3,80,10,"random",0.297934475293194,0.274646906671082
"sim_continuum",0.5,0.3,80,10,"additive",0.327570986107601,0.386185192959217
"sim_continuum",0.5,0.3,80,10,"kernels",0.300047240195484,0.350655310200441
"sim_continuum",0.5,0.3,80,10,"kernels_breeding",0.305757950605215,0.310413747989753
"sim_continuum",0.5,0.3,80,11,"random",0.444569122258375,0.541273019980929
"sim_continuum",0.5,0.3,80,11,"additive",0.441290867918196,0.608166868609164
"sim_continuum",0.5,0.3,80,11,"kernels",0.45337127324198,0.624240430000125
"sim_continuum",0.5,0.3,80,11,"kernels_breeding",0.417938514448847,0.639150357769071
"sim_continuum",0.5,0.3,80,12,"random",0.245419643498727,0.270747377309196
"sim_continuum",0.5,0.3,80,12,"additive",0.304609389447173,0.282011650694581
"sim_continuum",0.5,0.3,80,12,"kernels",0.378996192914862,0.381961522573923
"sim_continuum",0.5,0.3,80,12,"kernels_breeding",0.144967414763937,0.159078745958455
"sim_continuum",0.5,0.3,80,13,"random",0.168345013836519,0.289973542777113
"sim_continuum",0.5,0.3,80,13,"additive",0.274251594644893,0.517844370034489
"sim_continuum",0.5,0.3,80,13,"kernels",0.193941820165707,0.38470588939912
"sim_continuum",0.5,0.3,80,13,"kernels_breeding",0.271602765014764,0.473952657733986
"sim_continuum",0.5,0.3,80,14,"random",0.352878013533368,0.448001563088897
"sim_continuum",0.5,0.3,80,14,"additive",0.351550871417927,0.228920402577656
"sim_continuum",0.5,0.3,80,14,"kernels",0.357967593263387,0.225074491455158
"sim_continuum",0.5,0.3,80,14,"kernels_breeding",0.324629505968904,0.110127494149423
"sim_continuum",0.5,0.3,80,15,"random",0.432721170411132,0.339868983904372
"sim_continuum",0.5,0.3,80,15,"additive",0.197064844795678,0.349849875377099
"sim_continuum",0.5,0.3,80,15,"kernels",0.0346624356604069,0.246331203103118
"sim_continuum",0.5,0.3,80,15,"kernels_breeding",0.125511758737175,0.241203976544929
"sim_continuum",0.5,0.3,80,16,"random",0.50460160601632,0.636991135149877
"sim_continuum",0.5,0.3,80,16,"additive",0.376330099939893,0.564739086295543
"sim_continuum",0.5,0.3,80,16,"kernels",0.41591295075993,0.579278160915377
"sim_continuum",0.5,0.3,80,16,"kernels_breeding",0.417642164210836,0.597043459482554
"sim_continuum",0.5,0.3,80,17,"random",0.501825423966854,0.35894578475082
"sim_continuum",0.5,0.3,80,17,"additive",0.565283240468432,0.439239503206404
"sim_continuum",0.5,0.3,80,17,"kernels",0.591523357050609,0.458648108509364
"sim_continuum",0.5,0.3,80,17,"kernels_breeding",0.56542018812041,0.499914137951966
"sim_continuum",0.5,0.3,80,18,"random",0.339055076910096,0.461905811728183
"sim_continuum",0.5,0.3,80,18,"additive",0.353577989568022,0.645158423001329
"sim_continuum",0.5,0.3,80,18,"kernels",0.367105992195792,0.62783108661481
"sim_continuum",0.5,0.3,80,18,"kernels_breeding",0.409422528430942,0.618689463184596
"sim_continuum",0.5,0.3,80,19,"random",0.362058389873647,0.531752097066738
"sim_continuum",0.5,0.3,80,19,"additive",0.353226481805748,0.473115025273759
"sim_continuum",0.5,0.3,80,19,"kernels",0.439240827069939,0.554214974364224
"sim_continuum",0.5,0.3,80,19,"kernels_breeding",0.339094310368688,0.565263675118819
"sim_continuum",0.5,0.3,80,20,"random",0.436318708273966,0.161426645717447
"sim_continuum",0.5,0.3,80,20,"additive",0.458263119572906,0.284754694991004
"sim_continuum",0.5,0.3,80,20,"kernels",0.326453645177924,0.0985214337399054
"sim_continuum",0.5,0.3,80,20,"kernels_breeding",0.47659703019747,0.421643847372861
"sim_continuum",0.5,0.3,80,21,"random",0.387330311416495,0.539681225246151
"sim_continuum",0.5,0.3,80,21,"additive",0.168656515966618,0.389456578176018
"sim_continuum",0.5,0.3,80,21,"kernels",0.246402326200853,0.463630044473239
"sim_continuum",0.5,0.3,80,21,"kernels_breeding",0.109323251025617,0.349801157827536
"sim_continuum",0.5,0.3,80,22,"random",0.413041396341008,0.349437515252866
"sim_continuum",0.5,0.3,80,22,"additive",0.373126937270307,0.480891915397682
"sim_continuum",0.5,0.3,80,22,"kernels",0.518077088019084,0.529548272916079
"sim_continuum",0.5,0.3,80,22,"kernels_breeding",0.543748636384816,0.551183776599684
"sim_continuum",0.5,0.3,80,23,"random",0.347979915162247,0.531143548222362
"sim_continuum",0.5,0.3,80,23,"additive",0.469835476405296,0.653409793523143
"sim_continuum",0.5,0.3,80,23,"kernels",0.385168255631767,0.623444702790542
"sim_continuum",0.5,0.3,80,23,"kernels_breeding",0.483900836518743,0.688167924172487
"sim_continuum",0.5,0.3,80,24,"random",0.560944512112167,0.572689079005884
"sim_continuum",0.5,0.3,80,24,"additive",0.609119649771024,0.684216784255626
"sim_continuum",0.5,0.3,80,24,"kernels",0.574676167484922,0.66867429056006
"sim_continuum",0.5,0.3,80,24,"kernels_breeding",0.611746399792584,0.703948504967692
"sim_continuum",0.5,0.3,80,25,"random",0.588606789642036,0.627832855261646
"sim_continuum",0.5,0.3,80,25,"additive",0.703911767850443,0.732251710171537
"sim_continuum",0.5,0.3,80,25,"kernels",0.681179192026133,0.658971980483804
"sim_continuum",0.5,0.3,80,25,"kernels_breeding",0.674479359541143,0.692444286208883
"sim_continuum",0.5,0.3,80,26,"random",0.293674024273723,0.392801274327463
"sim_continuum",0.5,0.3,80,26,"additive",0.554485561576859,0.614587574810453
"sim_continuum",0.5,0.3,80,26,"kernels",0.656915999746035,0.687257186106842
"sim_continuum",0.5,0.3,80,26,"kernels_breeding",0.493816486669118,0.541562194056723
"sim_continuum",0.5,0.3,80,27,"random",0.649923054468288,0.64994406440843
"sim_continuum",0.5,0.3,80,27,"additive",0.671276557855621,0.602348274119589
"sim_continuum",0.5,0.3,80,27,"kernels",0.670477533302796,0.637720214408539
"sim_continuum",0.5,0.3,80,27,"kernels_breeding",0.687821871209756,0.543130412117971
"sim_continuum",0.5,0.3,80,28,"random",0.258823587232958,0.32096565770205
"sim_continuum",0.5,0.3,80,28,"additive",0.419930466142129,0.249394710865283
"sim_continuum",0.5,0.3,80,28,"kernels",0.384287427071168,0.210919940674157
"sim_continuum",0.5,0.3,80,28,"kernels_breeding",0.406702291801823,0.226811624715243
"sim_continuum",0.5,0.3,80,29,"random",0.449183768353778,0.576713331619188
"sim_continuum",0.5,0.3,80,29,"additive",0.455502911892625,0.643680211341278
"sim_continuum",0.5,0.3,80,29,"kernels",0.485123238617972,0.724585612221941
"sim_continuum",0.5,0.3,80,29,"kernels_breeding",0.456828594950232,0.673719523043426
"sim_continuum",0.5,0.3,80,30,"random",0.339471970070218,0.321988074052372
"sim_continuum",0.5,0.3,80,30,"additive",0.343208429231753,0.350618103284505
"sim_continuum",0.5,0.3,80,30,"kernels",0.333775334003005,0.225236876643962
"sim_continuum",0.5,0.3,80,30,"kernels_breeding",0.299317918506003,0.295812303836998
"example_panel",0.5,0.3,80,1,"random",0.405155429870666,0.501127916379057
"example_panel",0.5,0.3,80,1,"additive",0.396142566927063,0.478982217355823
"example_panel",0.5,0.3,80,1,"kernels",0.344447332556862,0.457139740618769
"example_panel",0.5,0.3,80,1,"kernels_breeding",0.371719094845184,0.466899697443413
"example_panel",0.5,0.3,80,2,"random",0.297648465665597,0.496979465320434
"example_panel",0.5,0.3,80,2,"additive",0.31561786761187,0.486980258881612
"example_panel",0.5,0.3,80,2,"kernels",0.337402823127343,0.51413187388009
"example_panel",0.5,0.3,80,2,"kernels_breeding",0.318229322589618,0.523092661846299
"example_panel",0.5,0.3,80,3,"random",0.125329843285734,0.103482184577903
"example_panel",0.5,0.3,80,3,"additive",0.148757101703679,0.0796838311100374
"example_panel",0.5,0.3,80,3,"kernels",0.109902314880737,0.0946962268382182
"example_panel",0.5,0.3,80,3,"kernels_breeding",0.141440173907982,0.117727302630239
"example_panel",0.5,0.3,80,4,"random",0.318498914925063,0.349861095957951
"example_panel",0.5,0.3,80,4,"additive",0.465791973387818,0.507972520412097
"example_panel",0.5,0.3,80,4,"kernels",0.438267646702922,0.48613892843148
"example_panel",0.5,0.3,80,4,"kernels_breeding",0.519508580460987,0.50957519177166
"example_panel",0.5,0.3,80,5,"random",0.333992347577053,0.191718644863972
"example_panel",0.5,0.3,80,5,"additive",0.413341151556583,0.342896244193405
"example_panel",0.5,0.3,80,5,"kernels",0.379996077293652,0.291409366350001
"example_panel",0.5,0.3,80,5,"kernels_breeding",0.400800674748311,0.331072433477861
"example_panel",0.5,0.3,80,6,"random",0.222034220295051,0.206067602913407
"example_panel",0.5,0.3,80,6,"additive",0.319152515208583,0.394875767915043
"example_panel",0.5,0.3,80,6,"kernels",0.329257117269014,0.415949792877837
"example_panel",0.5,0.3,80,6,"kernels_breeding",0.302295380457187,0.408701735606338
"example_panel",0.5,0.3,80,7,"random",0.487380613554956,0.58171303980344
"example_panel",0.5,0.3,80,7,"additive",0.378218539848559,0.331485184642604
"example_panel",0.5,0.3,80,7,"kernels",0.40786625353918,0.328569726351446
"example_panel",0.5,0.3,80,7,"kernels_breeding",0.420919246437052,0.384845403074777
"example_panel",0.5,0.3,80,8,"random",0.248497639770028,0.279482831712184
"example_panel",0.5,0.3,80,8,"additive",0.418985938092013,0.402067740463217
"example_panel",0.5,0.3,80,8,"kernels",0.427487844191278,0.40519283131261
"example_panel",0.5,0.3,80,8,"kernels_breeding",0.415402947534079,0.473844739243638
"example_panel",0.5,0.3,80,9,"random",0.349417899092982,0.294055310149953
"example_panel",0.5,0.3,80,9,"additive",0.377548240677516,0.356267458786929
"example_panel",0.5,0.3,80,9,"kernels",0.381622428517704,0.375944275817245
"example_panel",0.5,0.3,80,9,"kernels_breeding",0.369652592563832,0.36787323110998
"example_panel",0.5,0.3,80,10,"random",0.502859606914858,0.635903365123273
"example_panel",0.5,0.3,80,10,"additive",0.481824612888769,0.574108860165452
"example_panel",0.5,0.3,80,10,"kernels",0.45921903563556,0.528710394989487
"example_panel",0.5,0.3,80,10,"kernels_breeding",0.508356159188507,0.620506272312078
"example_panel",0.5,0.3,80,11,"random",0.464941159145761,0.46238760225601
"example_panel",0.5,0.3,80,11,"additive",0.438218302158301,0.451129139837841
"example_panel",0.5,0.3,80,11,"kernels",0.525659813569412,0.51850740643682
"example_panel",0.5,0.3,80,11,"kernels_breeding",0.443796276070599,0.455112775660146
"example_panel",0.5,0.3,80,12,"random",0.30045042500237,0.321787699960932
"example_panel",0.5,0.3,80,12,"additive",0.265034377855091,0.0576465825040518
"example_panel",0.5,0.3,80,12,"kernels",0.301566737763644,0.0880107561802217
"example_panel",0.5,0.3,80,12,"kernels_breeding",0.35486070566089,0.104064656049117
"example_panel",0.5,0.3,80,13,"random",0.133053512024135,0.169409900571463
"example_panel",0.5,0.3,80,13,"additive",0.305021558793234,0.409678807395813
"example_panel",0.5,0.3,80,13,"kernels",0.364629293147585,0.459767251318512
"example_panel",0.5,0.3,80,13,"kernels_breeding",0.32122918034011,0.41586995345899
"example_panel",0.5,0.3,80,14,"random",0.475788728686099,0.438080607189243
"example_panel",0.5,0.3,80,14,"additive",0.468808324364665,0.520216106069116
"example_panel",0.5,0.3,80,14,"kernels",0.587503263497462,0.603504398278398
"example_panel",0.5,0.3,80,14,"kernels_breeding",0.542395816863479,0.568899444432027
"example_panel",0.5,0.3,80,15,"random",0.12975317354042,0.367145342634274
"example_panel",0.5,0.3,80,15,"additive",-0.000235397863441535,0.247884230562554
"example_panel",0.5,0.3,80,15,"kernels",0.0391631019678614,0.257916034844385
"example_panel",0.5,0.3,80,15,"kernels_breeding",0.0118852286563809,0.263770407014739
"example_panel",0.5,0.3,80,16,"random",0.295879375960047,0.305726160104542
"example_panel",0.5,0.3,80,16,"additive",0.356393531836994,0.377356622764206
"example_panel",0.5,0.3,80,16,"kernels",0.393731111614793,0.375842827413149
"example_panel",0.5,0.3,80,16,"kernels_breeding",0.383430495664289,0.398649438316638
"example_panel",0.5,0.3,80,17,"random",0.129542848576196,0.207499419197516
"example_panel",0.5,0.3,80,17,"additive",-0.069876827271203,-0.0594071571259785
"example_panel",0.5,0.3,80,17,"kernels",-0.0389685387435283,-0.06285165130462
"example_panel",0.5,0.3,80,17,"kernels_breeding",-0.0645391576897016,-0.0398829353633277
"example_panel",0.5,0.3,80,18,"random",0.548754516137876,0.603179445991299
"example_panel",0.5,0.3,80,18,"additive",0.645650008600047,0.6613600220311
"example_panel",0.5,0.3,80,18,"kernels",0.634186685246234,0.661150245367391
"example_panel",0.5,0.3,80,18,"kernels_breeding",0.640052504591755,0.670688870091148
"example_panel",0.5,0.3,80,19,"random",0.391922904371183,0.395854766704165
"example_panel",0.5,0.3,80,19,"additive",0.439114051164402,0.478259610102837
"example_panel",0.5,0.3,80,19,"kernels",0.431589247156591,0.411797056688069
"example_panel",0.5,0.3,80,19,"kernels_breeding",0.328768907550778,0.342906013480526
"example_panel",0.5,0.3,80,20,"random",0.469854205108927,0.527217408004888
"example_panel",0.5,0.3,80,20,"additive",0.383278596651155,0.426231093439039
"example_panel",0.5,0.3,80,20,"kernels",0.437256331377557,0.473709024670543
"example_panel",0.5,0.3,80,20,"kernels_breeding",0.470858057517832,0.483260791955529
"example_panel",0.5,0.3,80,21,"random",0.30823333557921,0.36651907383785
"example_panel",0.5,0.3,80,21,"additive",0.569831553053446,0.359069435474258
"example_panel",0.5,0.3,80,21,"kernels",0.567822831699868,0.361998175528686
"example_panel",0.5,0.3,80,21,"kernels_breeding",0.527835816010866,0.304844212784597
"example_panel",0.5,0.3,80,22,"random",0.29829127947061,0.0989766672493182
"example_panel",0.5,0.3,80,22,"additive",0.31151484790509,0.240884109416972
"example_panel",0.5,0.3,80,22,"kernels",0.293464218413106,0.136835831060161
"example_panel",0.5,0.3,80,22,"kernels_breeding",0.308395270033368,0.241191978094022
"example_panel",0.5,0.3,80,23,"random",0.426245809212888,0.296470314466238
"example_panel",0.5,0.3,80,23,"additive",0.339247583495038,0.447280385610387
"example_panel",0.5,0.3,80,23,"kernels",0.364312744254065,0.390565275076079
"example_panel",0.5,0.3,80,23,"kernels_breeding",0.290368984763613,0.41708319043987
"example_panel",0.5,0.3,80,24,"random",0.393498158066219,0.434119437818031
"example_panel",0.5,0.3,80,24,"additive",0.527351546369064,0.592514944134306
"example_panel",0.5,0.3,80,24,"kernels",0.538758708192463,0.594178731565969
"example_panel",0.5,0.3,80,24,"kernels_breeding",0.488086189125335,0.535759767440388
"example_panel",0.5,0.3,80,25,"random",0.32006514657612,0.316243628866507
"example_panel",0.5,0.3,80,25,"additive",0.415072967770848,0.466381716880446
"example_panel",0.5,0.3,80,25,"kernels",0.444010190987647,0.428047576388059
"example_panel",0.5,0.3,80,25,"kernels_breeding",0.403919515212856,0.468233375556772
"example_panel",0.5,0.3,80,26,"random",0.224026719198703,0.360161653063611
"example_panel",0.5,0.3,80,26,"additive",0.412552043965494,0.644460085336828
"example_panel",0.5,0.3,80,26,"kernels",0.396229809406106,0.648905409315631
"example_panel",0.5,0.3,80,26,"kernels_breeding",0.410538931684075,0.671598937168352
"example_panel",0.5,0.3,80,27,"random",0.355321079587402,0.320987008739958
"example_panel",0.5,0.3,80,27,"additive",0.355102498194057,0.468869641472225
"example_panel",0.5,0.3,80,27,"kernels",0.356114932381595,0.464963735390903
"example_panel",0.5,0.3,80,27,"kernels_breeding",0.3484912839048,0.445648193507482
"example_panel",0.5,0.3,80,28,"random",0.216010113020484,0.135885667250996
"example_panel",0.5,0.3,80,28,"additive",0.206044065513658,0.195214454558731
"example_panel",0.5,0.3,80,28,"kernels",0.184004394327248,0.138932918608771
"example_panel",0.5,0.3,80,28,"kernels_breeding",0.206044065513658,0.195214454558731
"example_panel",0.5,0.3,80,29,"random",0.235372658291107,0.256359922192419
"example_panel",0.5,0.3,80,29,"additive",0.0639330620698885,0.0610914601852809
"example_panel",0.5,0.3,80,29,"kernels",0.0911258172585664,0.0216070985806586
"example_panel",0.5,0.3,80,29,"kernels_breeding",0.0868563961046832,0.0968139478739872
"example_panel",0.5,0.3,80,30,"random",0.39891317021972,0.478629610656424
"example_panel",0.5,0.3,80,30,"additive",0.551001272536835,0.652606352320515
"example_panel",0.5,0.3,80,30,"kernels",0.484021341115561,0.623624081641143
"example_panel",0.5,0.3,80,30,"kernels_breeding",0.550733699602613,0.677574909664639
"sim_structured",0.3,0.6,80,1,"random",0.431655326686208,0.539727218906542
"sim_structured",0.3,0.6,80,1,"additive",0.551758719851278,0.561400358680761
"sim_structured",0.3,0.6,80,1,"kernels",0.538536762461412,0.568706052239154
"sim_structured",0.3,0.6,80,1,"kernels_breeding",0.589323545185374,0.598772531478971
"sim_structured",0.3,0.6,80,2,"random",0.466454447409594,0.603727913845747
"sim_structured",0.3,0.6,80,2,"additive",0.535772075950887,0.715599352568937
"sim_structured",0.3,0.6,80,2,"kernels",0.541191841485774,0.722002384607332
"sim_structured",0.3,0.6,80,2,"kernels_breeding",0.547290649413268,0.722626316741985
"sim_structured",0.3,0.6,80,3,"random",0.465351359163507,0.571196786151559
"sim_structured",0.3,0.6,80,3,"additive",0.567027498663552,0.630156276814567
"sim_structured",0.3,0.6,80,3,"kernels",0.548805439190746,0.610828806647191
"sim_structured",0.3,0.6,80,3,"kernels_breeding",0.545294291017047,0.614369073601069
"sim_structured",0.3,0.6,80,4,"random",0.42818854415191,0.467390057551308
"sim_structured",0.3,0.6,80,4,"additive",0.427861047177206,0.501117456102818
"sim_structured",0.3,0.6,80,4,"kernels",0.404415735988621,0.459947223454405
"sim_structured",0.3,0.6,80,4,"kernels_breeding",0.406713643596475,0.464180621477002
"sim_structured",0.3,0.6,80,5,"random",0.286489960546032,0.137053778640842
"sim_structured",0.3,0.6,80,5,"additive",0.500979866574249,0.352294753138056
"sim_structured",0.3,0.6,80,5,"kernels",0.476609514471227,0.334530151363624
"sim_structured",0.3,0.6,80,5,"kernels_breeding",0.492924786050933,0.351685954675741
"sim_structured",0.3,0.6,80,6,"random",0.428688380889217,0.531581198926942
"sim_structured",0.3,0.6,80,6,"additive",0.446640165302504,0.562822900974404
"sim_structured",0.3,0.6,80,6,"kernels",0.532270571534817,0.634558677003279
"sim_structured",0.3,0.6,80,6,"kernels_breeding",0.466424299858465,0.610011278793245
"sim_structured",0.3,0.6,80,7,"random",0.133368971264282,0.256392295416477
"sim_structured",0.3,0.6,80,7,"additive",0.248049275185571,0.340856030296496
"sim_structured",0.3,0.6,80,7,"kernels",0.252965044774856,0.333551751249936
"sim_structured",0.3,0.6,80,7,"kernels_breeding",0.218067619671848,0.319011486032306
"sim_structured",0.3,0.6,80,8,"random",0.506717072948797,0.489742670514055
"sim_structured",0.3,0.6,80,8,"additive",0.60859820490341,0.605562699874099
"sim_structured",0.3,0.6,80,8,"kernels",0.640621111019266,0.649294114679725
"sim_structured",0.3,0.6,80,8,"kernels_breeding",0.602856216211212,0.602493507288085
"sim_structured",0.3,0.6,80,9,"random",0.383396624284327,0.415053819153963
"sim_structured",0.3,0.6,80,9,"additive",0.539059645338648,0.551961274389611
"sim_structured",0.3,0.6,80,9,"kernels",0.538171276719923,0.545197504395976
"sim_structured",0.3,0.6,80,9,"kernels_breeding",0.528183868756131,0.535780598819194
"sim_structured",0.3,0.6,80,10,"random",0.467393767042838,0.42206810837595
"sim_structured",0.3,0.6,80,10,"additive",0.435652028550586,0.468150198340897
"sim_structured",0.3,0.6,80,10,"kernels",0.449570724286826,0.49254729034615
"sim_structured",0.3,0.6,80,10,"kernels_breeding",0.353723700775633,0.432340332649366
"sim_structured",0.3,0.6,80,11,"random",0.564817928113225,0.49967185654431
"sim_structured",0.3,0.6,80,11,"additive",0.567877226255284,0.513012570350723
"sim_structured",0.3,0.6,80,11,"kernels",0.56365082948842,0.524967929803628
"sim_structured",0.3,0.6,80,11,"kernels_breeding",0.572604112811693,0.525966043584994
"sim_structured",0.3,0.6,80,12,"random",0.470365590136995,0.505032202391588
"sim_structured",0.3,0.6,80,12,"additive",0.544559563961794,0.595065894312124
"sim_structured",0.3,0.6,80,12,"kernels",0.561475339822969,0.612718927202775
"sim_structured",0.3,0.6,80,12,"kernels_breeding",0.543272872088862,0.594351099946951
"sim_structured",0.3,0.6,80,13,"random",0.722852536847859,0.706361121942446
"sim_structured",0.3,0.6,80,13,"additive",0.707038998444672,0.676598681012968
"sim_structured",0.3,0.6,80,13,"kernels",0.714983512544818,0.667833747045997
"sim_structured",0.3,0.6,80,13,"kernels_breeding",0.724418758419695,0.676809854183294
"sim_structured",0.3,0.6,80,14,"random",0.628681140222558,0.653033622097893
"sim_structured",0.3,0.6,80,14,"additive",0.686277990668171,0.708054542387
"sim_structured",0.3,0.6,80,14,"kernels",0.674001913826173,0.715618108196949
"sim_structured",0.3,0.6,80,14,"kernels_breeding",0.667766989555602,0.700518858431185
"sim_structured",0.3,0.6,80,15,"random",0.460068425165636,0.53371642940706
"sim_structured",0.3,0.6,80,15,"additive",0.499978437434607,0.529061349226968
"sim_structured",0.3,0.6,80,15,"kernels",0.508826864442721,0.519372313878724
"sim_structured",0.3,0.6,80,15,"kernels_breeding",0.493934085928362,0.521510545713318
"sim_structured",0.3,0.6,80,16,"random",0.42393426460798,0.340919270298976
"sim_structured",0.3,0.6,80,16,"additive",0.332329418162388,0.223792900084279
"sim_structured",0.3,0.6,80,16,"kernels",0.391849661046867,0.245325846467343
"sim_structured",0.3,0.6,80,16,"kernels_breeding",0.406578441758611,0.249564766299927
"sim_structured",0.3,0.6,80,17,"random",0.576255426463336,0.608799168821785
"sim_structured",0.3,0.6,80,17,"additive",0.61773286499703,0.645473324663172
"sim_structured",0.3,0.6,80,17,"kernels",0.635082782120754,0.661047881242639
"sim_structured",0.3,0.6,80,17,"kernels_breeding",0.6329376418636,0.653789047658565
"sim_structured",0.3,0.6,80,18,"random",0.451343202406716,0.433616973230349
"sim_structured",0.3,0.6,80,18,"additive",0.528453197293143,0.563040276044189
"sim_structured",0.3,0.6,80,18,"kernels",0.539524102765362,0.570508778191973
"sim_structured",0.3,0.6,80,18,"kernels_breeding",0.464757730535279,0.506543924007036
"sim_structured",0.3,0.6,80,19,"random",0.482045668275051,0.521008739177228
"sim_structured",0.3,0.6,80,19,"additive",0.578106789697734,0.577931355768551
"sim_structured",0.3,0.6,80,19,"kernels",0.608518029321741,0.570790287910394
"sim_structured",0.3,0.6,80,19,"kernels_breeding",0.596109415149179,0.605802955254156
"sim_structured",0.3,0.6,80,20,"random",0.477741612678056,0.458031822389439
"sim_structured",0.3,0.6,80,20,"additive",0.60911354756044,0.584521181691316
"sim_structured",0.3,0.6,80,20,"kernels",0.606492757976564,0.569544815966597
"sim_structured",0.3,0.6,80,20,"kernels_breeding",0.598685778561832,0.592399534972685
"sim_structured",0.3,0.6,80,21,"random",0.431455321572056,0.426742138059808
"sim_structured",0.3,0.6,80,21,"additive",0.550541961519672,0.516897270466798
"sim_structured",0.3,0.6,80,21,"kernels",0.481455667001511,0.470200011915532
"sim_structured",0.3,0.6,80,21,"kernels_breeding",0.4825236771604,0.454097242672689
"sim_structured",0.3,0.6,80,22,"random",0.449132197283335,0.472594310916075
"sim_structured",0.3,0.6,80,22,"additive",0.350137175924071,0.372529682080026
"sim_structured",0.3,0.6,80,22,"kernels",0.399462595457848,0.418849590385172
"sim_structured",0.3,0.6,80,22,"kernels_breeding",0.345624749234299,0.361608955448834
"sim_structured",0.3,0.6,80,23,"random",0.409794672679636,0.494705822470101
"sim_structured",0.3,0.6,80,23,"additive",0.438704040923677,0.451679855518642
"sim_structured",0.3,0.6,80,23,"kernels",0.429511859140899,0.436562433149513
"sim_structured",0.3,0.6,80,23,"kernels_breeding",0.42948081037341,0.434886858881737
"sim_structured",0.3,0.6,80,24,"random",0.563497482850293,0.559466645851501
"sim_structured",0.3,0.6,80,24,"additive",0.675628969328057,0.608364123414708
"sim_structured",0.3,0.6,80,24,"kernels",0.666632763605875,0.598113758594647
"sim_structured",0.3,0.6,80,24,"kernels_breeding",0.675382108496446,0.620708794250132
"sim_structured",0.3,0.6,80,25,"random",0.57121994523076,0.579513120174019
"sim_structured",0.3,0.6,80,25,"additive",0.660754556375203,0.618005086495127
"sim_structured",0.3,0.6,80,25,"kernels",0.671462045133026,0.638447905869149
"sim_structured",0.3,0.6,80,25,"kernels_breeding",0.699166091449406,0.653455183020306
"sim_structured",0.3,0.6,80,26,"random",0.547306292286213,0.479433573626905
"sim_structured",0.3,0.6,80,26,"additive",0.645059744756034,0.590437743218934
"sim_structured",0.3,0.6,80,26,"kernels",0.649990103425511,0.621940550837437
"sim_structured",0.3,0.6,80,26,"kernels_breeding",0.635265222301237,0.577255657064973
"sim_structured",0.3,0.6,80,27,"random",0.384938856520688,0.401737159938803
"sim_structured",0.3,0.6,80,27,"additive",0.470511726599711,0.501315260668402
"sim_structured",0.3,0.6,80,27,"kernels",0.496271677037851,0.529430908310078
"sim_structured",0.3,0.6,80,27,"kernels_breeding",0.51533162303034,0.565703776667905
"sim_structured",0.3,0.6,80,28,"random",0.437076518354591,0.38187830172713
"sim_structured",0.3,0.6,80,28,"additive",0.498251405651233,0.505868540899161
"sim_structured",0.3,0.6,80,28,"kernels",0.520505344290376,0.531058396771896
"sim_structured",0.3,0.6,80,28,"kernels_breeding",0.522498675779782,0.504786524967526
"sim_structured",0.3,0.6,80,29,"random",0.615949746603848,0.456298551132157
"sim_structured",0.3,0.6,80,29,"additive",0.6420471352756,0.467275265072824
"sim_structured",0.3,0.6,80,29,"kernels",0.636687713385285,0.429534376402683
"sim_structured",0.3,0.6,80,29,"kernels_breeding",0.647278983633864,0.45727826491006
"sim_structured",0.3,0.6,80,30,"random",0.522894218358095,0.436544103849336
"sim_structured",0.3,0.6,80,30,"additive",0.555132583983736,0.527882586461981
"sim_structured",0.3,0.6,80,30,"kernels",0.576510623227621,0.547720497187718
"sim_structured",0.3,0.6,80,30,"kernels_breeding",0.512820110485229,0.441566688220568
"sim_continuum",0.3,0.6,80,1,"random",0.647245743022865,0.712679206754985
"sim_continuum",0.3,0.6,80,1,"additive",0.698573375073608,0.7599869092661
"sim_continuum",0.3,0.6,80,1,"kernels",0.663218868152181,0.735567237860374
"sim_continuum",0.3,0.6,80,1,"kernels_breeding",0.63399092357683,0.707679013539794
"sim_continuum",0.3,0.6,80,2,"random",0.52625504121209,0.559199623040149
"sim_continuum",0.3,0.6,80,2,"additive",0.48920065645616,0.511557317476365
"sim_continuum",0.3,0.6,80,2,"kernels",0.407733247349283,0.381643930878004
"sim_continuum",0.3,0.6,80,2,"kernels_breeding",0.467650042799352,0.453961940640524
"sim_continuum",0.3,0.6,80,3,"random",0.39618186300782,0.452196123089669
"sim_continuum",0.3,0.6,80,3,"additive",0.487425721470481,0.500417883147583
"sim_continuum",0.3,0.6,80,3,"kernels",0.452213717013311,0.482608692544856
"sim_continuum",0.3,0.6,80,3,"kernels_breeding",0.508280921478128,0.586294024401972
"sim_continuum",0.3,0.6,80,4,"random",0.627368074481574,0.708843430338592
"sim_continuum",0.3,0.6,80,4,"additive",0.690789633339931,0.687985363743369
"sim_continuum",0.3,0.6,80,4,"kernels",0.669579251653023,0.707585066319605
"sim_continuum",0.3,0.6,80,4,"kernels_breeding",0.672974085277439,0.70222543895733
"sim_continuum",0.3,0.6,80,5,"random",0.400922940454624,0.212892851151782
"sim_continuum",0.3,0.6,80,5,"additive",0.48585644443084,0.281852947321138
"sim_continuum",0.3,0.6,80,5,"kernels",0.471827727721525,0.323703643620623
"sim_continuum",0.3,0.6,80,5,"kernels_breeding",0.47719832421242,0.338819316559159
"sim_continuum",0.3,0.6,80,6,"random",0.507830522794646,0.6921530026435
"sim_continuum",0.3,0.6,80,6,"additive",0.507059542757748,0.683393187055516
"sim_continuum",0.3,0.6,80,6,"kernels",0.595702488500145,0.75502249547893
"sim_continuum",0.3,0.6,80,6,"kernels_breeding",0.583015685804505,0.728025771033103
"sim_continuum",0.3,0.6,80,7,"random",0.620321095939267,0.675852031926494
"sim_continuum",0.3,0.6,80,7,"additive",0.686344277889151,0.757983780802175
"sim_continuum",0.3,0.6,80,7,"kernels",0.692531653094194,0.76730674909594
"sim_continuum",0.3,0.6,80,7,"kernels_breeding",0.692142484150056,0.768253274694312
"sim_continuum",0.3,0.6,80,8,"random",0.542508978238868,0.589217580778554
"sim_continuum",0.3,0.6,80,8,"additive",0.52424350816266,0.52195096914057
"sim_continuum",0.3,0.6,80,8,"kernels",0.521993340462545,0.58028783091759
"sim_continuum",0.3,0.6,80,8,"kernels_breeding",0.458131839264212,0.447019316210821
"sim_continuum",0.3,0.6,80,9,"random",0.677887198751052,0.629950421124629
"sim_continuum",0.3,0.6,80,9,"additive",0.725285138537406,0.737192545520479
"sim_continuum",0.3,0.6,80,9,"kernels",0.723384454371571,0.733262653076757
"sim_continuum",0.3,0.6,80,9,"kernels_breeding",0.70562934909448,0.692460919896594
"sim_continuum",0.3,0.6,80,10,"random",0.411989804573768,0.425772573212198
"sim_continuum",0.3,0.6,80,10,"additive",0.416802573912576,0.450907625544595
"sim_continuum",0.3,0.6,80,10,"kernels",0.408334691130799,0.434066559152221
"sim_continuum",0.3,0.6,80,10,"kernels_breeding",0.411082525223371,0.435012751359673
"sim_continuum",0.3,0.6,80,11,"random",0.593286586089813,0.666291895855071
"sim_continuum",0.3,0.6,80,11,"additive",0.604989056967353,0.713749902668365
"sim_continuum",0.3,0.6,80,11,"kernels",0.6205379939743,0.743576625285607
"sim_continuum",0.3,0.6,80,11,"kernels_breeding",0.58663395361643,0.721441574192904
"sim_continuum",0.3,0.6,80,12,"random",0.427757931960067,0.444279417750002
"sim_continuum",0.3,0.6,80,12,"additive",0.568593457775036,0.557408500995993
"sim_continuum",0.3,0.6,80,12,"kernels",0.568071235211992,0.562103991475033
"sim_continuum",0.3,0.6,80,12,"kernels_breeding",0.474135041017087,0.486607885202469
"sim_continuum",0.3,0.6,80,13,"random",0.370952467531744,0.507522483891325
"sim_continuum",0.3,0.6,80,13,"additive",0.415503287456526,0.592770140510597
"sim_continuum",0.3,0.6,80,13,"kernels",0.351988993686047,0.521171317151595
"sim_continuum",0.3,0.6,80,13,"kernels_breeding",0.400488386413968,0.56734500562024
"sim_continuum",0.3,0.6,80,14,"random",0.529066274524664,0.63460487859232
"sim_continuum",0.3,0.6,80,14,"additive",0.527186390357014,0.526329920917009
"sim_continuum",0.3,0.6,80,14,"kernels",0.543283496372389,0.539142977450142
"sim_continuum",0.3,0.6,80,14,"kernels_breeding",0.512889056164756,0.475991393752664
"sim_continuum",0.3,0.6,80,15,"random",0.585986385304398,0.538381973594785
"sim_continuum",0.3,0.6,80,15,"additive",0.519713457483924,0.59080982207792
"sim_continuum",0.3,0.6,80,15,"kernels",0.471536983965045,0.568419402535111
"sim_continuum",0.3,0.6,80,15,"kernels_breeding",0.51645785065317,0.56756938745543
"sim_continuum",0.3,0.6,80,16,"random",0.629626057743995,0.702227936245747
"sim_continuum",0.3,0.6,80,16,"additive",0.572066873722322,0.694900290431932
"sim_continuum",0.3,0.6,80,16,"kernels",0.592733353447859,0.68290158652143
"sim_continuum",0.3,0.6,80,16,"kernels_breeding",0.594554566872112,0.706963397881175
"sim_continuum",0.3,0.6,80,17,"random",0.590147865462127,0.469380893687128
"sim_continuum",0.3,0.6,80,17,"additive",0.698977666040629,0.563400749078
"sim_continuum",0.3,0.6,80,17,"kernels",0.717994208907812,0.577002930750121
"sim_continuum",0.3,0.6,80,17,"kernels_breeding",0.692080179575876,0.603165192012701
"sim_continuum",0.3,0.6,80,18,"random",0.554405454425897,0.638140263662655
"sim_continuum",0.3,0.6,80,18,"additive",0.646337163723046,0.791747372199115
"sim_continuum",0.3,0.6,80,18,"kernels",0.63883338475399,0.774673378119453
"sim_continuum",0.3,0.6,80,18,"kernels_breeding",0.670407436720739,0.777104767916333
"sim_continuum",0.3,0.6,80,19,"random",0.528108943099961,0.638652671618745
"sim_continuum",0.3,0.6,80,19,"additive",0.497132528002606,0.573573287393563
"sim_continuum",0.3,0.6,80,19,"kernels",0.564991154412208,0.625061150216312
"sim_continuum",0.3,0.6,80,19,"kernels_breeding",0.500918072582848,0.627395104167717
"sim_continuum",0.3,0.6,80,20,"random",0.652322588632627,0.574694704623793
"sim_continuum",0.3,0.6,80,20,"additive",0.700176394825014,0.714495400226916
"sim_continuum",0.3,0.6,80,20,"kernels",0.644896321834506,0.695531657112285
"sim_continuum",0.3,0.6,80,20,"kernels_breeding",0.705279966001983,0.726949351787891
"sim_continuum",0.3,0.6,80,21,"random",0.625334600633085,0.724198648747884
"sim_continuum",0.3,0.6,80,21,"additive",0.615304456281288,0.73525448943162
"sim_continuum",0.3,0.6,80,21,"kernels",0.645212812866771,0.750477891501564
"sim_continuum",0.3,0.6,80,21,"kernels_breeding",0.561983835188243,0.70166160750098
"sim_continuum",0.3,0.6,80,22,"random",0.514652057795677,0.487067819616494
"sim_continuum",0.3,0.6,80,22,"additive",0.556161920280522,0.584196794440364
"sim_continuum",0.3,0.6,80,22,"kernels",0.61693198520016,0.610272509862932
"sim_continuum",0.3,0.6,80,22,"kernels_breeding",0.635706057007749,0.613528669804218
"sim_continuum",0.3,0.6,80,23,"random",0.52316003011314,0.650899628090892
"sim_continuum",0.3,0.6,80,23,"additive",0.638407084390919,0.756757561194649
"sim_continuum",0.3,0.6,80,23,"kernels",0.584576139220533,0.728016599969207
"sim_continuum",0.3,0.6,80,23,"kernels_breeding",0.647947146151729,0.757873051753407
"sim_continuum",0.3,0.6,80,24,"random",0.698333775658471,0.714741405947314
"sim_continuum",0.3,0.6,80,24,"additive",0.73858347142227,0.764826669590042
"sim_continuum",0.3,0.6,80,24,"kernels",0.751177929807646,0.784806559848096
"sim_continuum",0.3,0.6,80,24,"kernels_breeding",0.748525448054531,0.790716016106829
"sim_continuum",0.3,0.6,80,25,"random",0.712947738227838,0.737074323089569
"sim_continuum",0.3,0.6,80,25,"additive",0.818660361440958,0.835994356393929
"sim_continuum",0.3,0.6,80,25,"kernels",0.81005583699548,0.799641551944821
"sim_continuum",0.3,0.6,80,25,"kernels_breeding",0.799282001507311,0.80870790974245
"sim_continuum",0.3,0.6,80,26,"random",0.521898949312164,0.58536539858504
"sim_continuum",0.3,0.6,80,26,"additive",0.670415195551288,0.697095401142717
"sim_continuum",0.3,0.6,80,26,"kernels",0.73269833619749,0.755551214642492
"sim_continuum",0.3,0.6,80,26,"kernels_breeding",0.635373697564894,0.652502565079454
"sim_continuum",0.3,0.6,80,27,"random",0.738951089317675,0.735819510555891
"sim_continuum",0.3,0.6,80,27,"additive",0.785952419899486,0.766217409972481
"sim_continuum",0.3,0.6,80,27,"kernels",0.783341486273214,0.780019189526783
"sim_continuum",0.3,0.6,80,27,"kernels_breeding",0.790841824299178,0.736929530681244
"sim_continuum",0.3,0.6,80,28,"random",0.436824870497269,0.488343145293084
"sim_continuum",0.3,0.6,80,28,"additive",0.557493545974953,0.482950755880088
"sim_continuum",0.3,0.6,80,28,"kernels",0.541597556562907,0.44956959347918
"sim_continuum",0.3,0.6,80,28,"kernels_breeding",0.576013954362621,0.482014582561974
"sim_continuum",0.3,0.6,80,29,"random",0.608688924199046,0.692710224365449
"sim_continuum",0.3,0.6,80,29,"additive",0.61988317469187,0.736397183062988
"sim_continuum",0.3,0.6,80,29,"kernels",0.634618225647473,0.777276110740653
"sim_continuum",0.3,0.6,80,29,"kernels_breeding",0.627146628351352,0.755223535228454
"sim_continuum",0.3,0.6,80,30,"random",0.492803348104016,0.482428111849473
"sim_continuum",0.3,0.6,80,30,"additive",0.518900381150179,0.518483860851632
"sim_continuum",0.3,0.6,80,30,"kernels",0.509900144786028,0.452382793456052
"sim_continuum",0.3,0.6,80,30,"kernels_breeding",0.463915460627193,0.461500120298087
"example_panel",0.3,0.6,80,1,"random",0.512979334053605,0.570687494596773
"example_panel",0.3,0.6,80,1,"additive",0.666484315535833,0.720566151974854
"example_panel",0.3,0.6,80,1,"kernels",0.636757497685374,0.700912765432985
"example_panel",0.3,0.6,80,1,"kernels_breeding",0.651432631248662,0.716048811238192
"example_panel",0.3,0.6,80,2,"random",0.432285706381489,0.365418376812092
"example_panel",0.3,0.6,80,2,"additive",0.516962795490251,0.483346507512028
"example_panel",0.3,0.6,80,2,"kernels",0.488266547710012,0.492292530397865
"example_panel",0.3,0.6,80,2,"kernels_breeding",0.498899054579602,0.499425851735949
"example_panel",0.3,0.6,80,3,"random",0.4704151089265,0.592383908595527
"example_panel",0.3,0.6,80,3,"additive",0.490392447249677,0.540090666884206
"example_panel",0.3,0.6,80,3,"kernels",0.483898065341545,0.489399472441268
"example_panel",0.3,0.6,80,3,"kernels_breeding",0.491208097303607,0.537073056753787
"example_panel",0.3,0.6,80,4,"random",0.454755219678676,0.421793151917467
"example_panel",0.3,0.6,80,4,"additive",0.466029990224737,0.343194129403864
"example_panel",0.3,0.6,80,4,"kernels",0.423196449910948,0.304322582751387
"example_panel",0.3,0.6,80,4,"kernels_breeding",0.473103111746023,0.346782787000626
"example_panel",0.3,0.6,80,5,"random",0.230349224497395,0.391816995913013
"example_panel",0.3,0.6,80,5,"additive",0.125880004934021,0.263123193425693
"example_panel",0.3,0.6,80,5,"kernels",0.116357770193111,0.270525186701371
"example_panel",0.3,0.6,80,5,"kernels_breeding",0.134787674611677,0.262235258783414
"example_panel",0.3,0.6,80,6,"random",0.469454951330966,0.501341629713738
"example_panel",0.3,0.6,80,6,"additive",0.577685439804498,0.578929698174208
"example_panel",0.3,0.6,80,6,"kernels",0.553291776403335,0.537019482831902
"example_panel",0.3,0.6,80,6,"kernels_breeding",0.589599621634236,0.584513551425251
"example_panel",0.3,0.6,80,7,"random",0.32895731873987,0.390791648110633
"example_panel",0.3,0.6,80,7,"additive",0.449286888510604,0.48488427287384
"example_panel",0.3,0.6,80,7,"kernels",0.464791713276374,0.520767615747999
"example_panel",0.3,0.6,80,7,"kernels_breeding",0.457814915494199,0.494106053331731
"example_panel",0.3,0.6,80,8,"random",0.638797829283048,0.667472819533708
"example_panel",0.3,0.6,80,8,"additive",0.728255767328258,0.766695881037125
"example_panel",0.3,0.6,80,8,"kernels",0.734975088084944,0.770363179320807
"example_panel",0.3,0.6,80,8,"kernels_breeding",0.733143981267774,0.776501579319694
"example_panel",0.3,0.6,80,9,"random",0.571315344277512,0.630683049943191
"example_panel",0.3,0.6,80,9,"additive",0.676306783792817,0.676332061824819
"example_panel",0.3,0.6,80,9,"kernels",0.696795537480996,0.702160536349378
"example_panel",0.3,0.6,80,9,"kernels_breeding",0.695417438613765,0.682805668391185
"example_panel",0.3,0.6,80,10,"random",0.422839438024699,0.492408368479779
"example_panel",0.3,0.6,80,10,"additive",0.413992321978464,0.535874782263684
"example_panel",0.3,0.6,80,10,"kernels",0.441004976517153,0.554005369346504
"example_panel",0.3,0.6,80,10,"kernels_breeding",0.413992321978464,0.535874782263684
"example_panel",0.3,0.6,80,11,"random",0.421378231897145,0.499741291188569
"example_panel",0.3,0.6,80,11,"additive",0.385780093196212,0.409566017009566
"example_panel",0.3,0.6,80,11,"kernels",0.388931238852974,0.420698886897893
"example_panel",0.3,0.6,80,11,"kernels_breeding",0.365236388393688,0.38826014306511
"example_panel",0.3,0.6,80,12,"random",0.573190531961663,0.632576509768493
"example_panel",0.3,0.6,80,12,"additive",0.5634154051291,0.597574745952114
"example_panel",0.3,0.6,80,12,"kernels",0.547540888826033,0.560069630817088
"example_panel",0.3,0.6,80,12,"kernels_breeding",0.539655007420628,0.569849749973725
"example_panel",0.3,0.6,80,13,"random",0.528901932464552,0.525991507854989
"example_panel",0.3,0.6,80,13,"additive",0.59263874945192,0.572982852373317
"example_panel",0.3,0.6,80,13,"kernels",0.584306267767333,0.56226462412128
"example_panel",0.3,0.6,80,13,"kernels_breeding",0.59263874945192,0.572982852373317
"example_panel",0.3,0.6,80,14,"random",0.488071600426737,0.534115475756066
"example_panel",0.3,0.6,80,14,"additive",0.468548454856243,0.582545998138663
"example_panel",0.3,0.6,80,14,"kernels",0.462772347720462,0.572519325308044
"example_panel",0.3,0.6,80,14,"kernels_breeding",0.458280516869204,0.568474613676277
"example_panel",0.3,0.6,80,15,"random",0.374185163607129,0.297632366389336
"example_panel",0.3,0.6,80,15,"additive",0.217058910590414,0.147639888644856
"example_panel",0.3,0.6,80,15,"kernels",0.18144564290781,0.128294531367286
"example_panel",0.3,0.6,80,15,"kernels_breeding",0.235249894269189,0.194533064999288
"example_panel",0.3,0.6,80,16,"random",0.335261034890735,0.363200239432822
"example_panel",0.3,0.6,80,16,"additive",0.420950949438063,0.419487042020348
"example_panel",0.3,0.6,80,16,"kernels",0.448940391107318,0.443079985011756
"example_panel",0.3,0.6,80,16,"kernels_breeding",0.405452689832243,0.392894136169295
"example_panel",0.3,0.6,80,17,"random",0.40290381134055,0.272047746163088
"example_panel",0.3,0.6,80,17,"additive",0.408012347061188,0.235765333251768
"example_panel",0.3,0.6,80,17,"kernels",0.361086749606756,0.19728709773621
"example_panel",0.3,0.6,80,17,"kernels_breeding",0.418178804307222,0.222410555143013
"example_panel",0.3,0.6,80,18,"random",0.392773507841005,0.469183852476207
"example_panel",0.3,0.6,80,18,"additive",0.449997634452847,0.548980376853215
"example_panel",0.3,0.6,80,18,"kernels",0.423579793074506,0.481087786603662
"example_panel",0.3,0.6,80,18,"kernels_breeding",0.472057401006406,0.536578298527298
"example_panel",0.3,0.6,80,19,"random",0.574125320147715,0.588995947719587
"example_panel",0.3,0.6,80,19,"additive",0.610387373756133,0.666215707552002
"example_panel",0.3,0.6,80,19,"kernels",0.617902207275772,0.671710946869486
"example_panel",0.3,0.6,80,19,"kernels_breeding",0.605068231057741,0.65405459943825
"example_panel",0.3,0.6,80,20,"random",0.443214437612232,0.44535711819199
"example_panel",0.3,0.6,80,20,"additive",0.353316666007353,0.264950443987988
"example_panel",0.3,0.6,80,20,"kernels",0.376298264228897,0.275232763916228
"example_panel",0.3,0.6,80,20,"kernels_breeding",0.542679465154126,0.502629221554576
"example_panel",0.3,0.6,80,21,"random",0.631625612736581,0.657000026231582
"example_panel",0.3,0.6,80,21,"additive",0.731569143953009,0.71415330769939
"example_panel",0.3,0.6,80,21,"kernels",0.719889871187754,0.73285368974705
"example_panel",0.3,0.6,80,21,"kernels_breeding",0.731729019368346,0.735683038421141
"example_panel",0.3,0.6,80,22,"random",0.34591952511348,0.441741696568553
"example_panel",0.3,0.6,80,22,"additive",0.424273392379789,0.535497842844954
"example_panel",0.3,0.6,80,22,"kernels",0.46396347711079,0.559439762707145
"example_panel",0.3,0.6,80,22,"kernels_breeding",0.497684405945689,0.610363590444867
"example_panel",0.3,0.6,80,23,"random",0.384974847318565,0.258756174309617
"example_panel",0.3,0.6,80,23,"additive",0.435878070171786,0.203174716487329
"example_panel",0.3,0.6,80,23,"kernels",0.429556377643722,0.177818486236943
"example_panel",0.3,0.6,80,23,"kernels_breeding",0.461713745592847,0.223951890905748
"example_panel",0.3,0.6,80,24,"random",0.414940116404404,0.441362631708838
"example_panel",0.3,0.6,80,24,"additive",0.531762117731137,0.595932492660985
"example_panel",0.3,0.6,80,24,"kernels",0.543704209425511,0.566944257750734
"example_panel",0.3,0.6,80,24,"kernels_breeding",0.51317647394682,0.563149931378311
"example_panel",0.3,0.6,80,25,"random",0.489560257950525,0.485864426791829
"example_panel",0.3,0.6,80,25,"additive",0.505704380413935,0.434807172210471
"example_panel",0.3,0.6,80,25,"kernels",0.547636068002116,0.481782668500611
"example_panel",0.3,0.6,80,25,"kernels_breeding",0.488134806317007,0.412814979256707
"example_panel",0.3,0.6,80,26,"random",0.574189660400488,0.582248875657005
"example_panel",0.3,0.6,80,26,"additive",0.671102567293114,0.600248124675174
"example_panel",0.3,0.6,80,26,"kernels",0.666105451061069,0.614375486919575
"example_panel",0.3,0.6,80,26,"kernels_breeding",0.672418447205319,0.615295389591451
"example_panel",0.3,0.6,80,27,"random",0.568032059111406,0.713897295068516
"example_panel",0.3,0.6,80,27,"additive",0.556369779877493,0.703890920997233
"example_panel",0.3,0.6,80,27,"kernels",0.526959174007952,0.670916333503896
"example_panel",0.3,0.6,80,27,"kernels_breeding",0.550674950441691,0.69865315785449
"example_panel",0.3,0.6,80,28,"random",0.54554874843234,0.646013022863937
"example_panel",0.3,0.6,80,28,"additive",0.541368929133162,0.651633715764368
"example_panel",0.3,0.6,80,28,"kernels",0.606405410477219,0.684517779121424
"example_panel",0.3,0.6,80,28,"kernels_breeding",0.550945533008708,0.660143912628028
"example_panel",0.3,0.6,80,29,"random",0.537807070113292,0.615897952619046
"example_panel",0.3,0.6,80,29,"additive",0.667114004923013,0.736363883948344
"example_panel",0.3,0.6,80,29,"kernels",0.620441033453353,0.697394861780893
"example_panel",0.3,0.6,80,29,"kernels_breeding",0.673575300615283,0.7479912330259
"example_panel",0.3,0.6,80,30,"random",0.481470489195745,0.4955641225768
"example_panel",0.3,0.6,80,30,"additive",0.384790495557347,0.415999593267996
"example_panel",0.3,0.6,80,30,"kernels",0.466073174702317,0.552753750245764
"example_panel",0.3,0.6,80,30,"kernels_breeding",0.455116310866687,0.410115573971167
"sim_structured",0.5,0.6,80,1,"random",0.335398403709083,0.490871384270261
"sim_structured",0.5,0.6,80,1,"additive",0.505643384184134,0.510196383156176
"sim_structured",0.5,0.6,80,1,"kernels",0.483292954798815,0.514155667774167
"sim_structured",0.5,0.6,80,1,"kernels_breeding",0.535146158105998,0.524860220422369
"sim_structured",0.5,0.6,80,2,"random",0.366410602840298,0.546452233346836
"sim_structured",0.5,0.6,80,2,"additive",0.427684911314173,0.650245494858643
"sim_structured",0.5,0.6,80,2,"kernels",0.429858141379898,0.648504725085786
"sim_structured",0.5,0.6,80,2,"kernels_breeding",0.43567351583973,0.65278546570242
"sim_structured",0.5,0.6,80,3,"random",0.362694375064753,0.52096721150486
"sim_structured",0.5,0.6,80,3,"additive",0.463041482480744,0.56186405219702
"sim_structured",0.5,0.6,80,3,"kernels",0.445933078217391,0.538994891863229
"sim_structured",0.5,0.6,80,3,"kernels_breeding",0.436315885746477,0.54011500622351
"sim_structured",0.5,0.6,80,4,"random",0.382460094003689,0.448078742729868
"sim_structured",0.5,0.6,80,4,"additive",0.369677577443454,0.475517876554006
"sim_structured",0.5,0.6,80,4,"kernels",0.342548204927215,0.432627230192409
"sim_structured",0.5,0.6,80,4,"kernels_breeding",0.355198242743799,0.442907985505699
"sim_structured",0.5,0.6,80,5,"random",0.28242788499584,0.0616303646435863
"sim_structured",0.5,0.6,80,5,"additive",0.49020312702631,0.261213435762563
"sim_structured",0.5,0.6,80,5,"kernels",0.463567809392262,0.244827615997861
"sim_structured",0.5,0.6,80,5,"kernels_breeding",0.48237637774812,0.264238061064366
"sim_structured",0.5,0.6,80,6,"random",0.36232104305142,0.501425009341216
"sim_structured",0.5,0.6,80,6,"additive",0.360763839040575,0.504648432116435
"sim_structured",0.5,0.6,80,6,"kernels",0.450052304013982,0.587536597615093
"sim_structured",0.5,0.6,80,6,"kernels_breeding",0.381306688152074,0.581495719978914
"sim_structured",0.5,0.6,80,7,"random",0.0568533045441337,0.195253195594335
"sim_structured",0.5,0.6,80,7,"additive",0.170802111553873,0.268483572825147
"sim_structured",0.5,0.6,80,7,"kernels",0.182947447847173,0.263505746024755
"sim_structured",0.5,0.6,80,7,"kernels_breeding",0.135410219063301,0.240654063436218
"sim_structured",0.5,0.6,80,8,"random",0.441869155116445,0.391787236952565
"sim_structured",0.5,0.6,80,8,"additive",0.551291117952645,0.532457255428063
"sim_structured",0.5,0.6,80,8,"kernels",0.586743773655807,0.592033646403954
"sim_structured",0.5,0.6,80,8,"kernels_breeding",0.547490362141154,0.529536373630633
"sim_structured",0.5,0.6,80,9,"random",0.330250005582282,0.37446258288307
"sim_structured",0.5,0.6,80,9,"additive",0.525465017257207,0.531750889604633
"sim_structured",0.5,0.6,80,9,"kernels",0.514359214989143,0.525011571554114
"sim_structured",0.5,0.6,80,9,"kernels_breeding",0.50617113802649,0.515682549177353
"sim_structured",0.5,0.6,80,10,"random",0.424892224588977,0.374645124138787
"sim_structured",0.5,0.6,80,10,"additive",0.400249902715804,0.380530089395744
"sim_structured",0.5,0.6,80,10,"kernels",0.415378430604951,0.412799953939677
"sim_structured",0.5,0.6,80,10,"kernels_breeding",0.299412446759891,0.316534723716004
"sim_structured",0.5,0.6,80,11,"random",0.540427052961257,0.454025216571696
"sim_structured",0.5,0.6,80,11,"additive",0.568208352382574,0.485082906858717
"sim_structured",0.5,0.6,80,11,"kernels",0.560074032559855,0.50329149860342
"sim_structured",0.5,0.6,80,11,"kernels_breeding",0.57331472757532,0.50618556131653
"sim_structured",0.5,0.6,80,12,"random",0.411012637225639,0.450009738087881
"sim_structured",0.5,0.6,80,12,"additive",0.479957664409407,0.526527764559904
"sim_structured",0.5,0.6,80,12,"kernels",0.496663479817767,0.546009815579347
"sim_structured",0.5,0.6,80,12,"kernels_breeding",0.476912530554968,0.523164701717998
"sim_structured",0.5,0.6,80,13,"random",0.669956314750417,0.676532616829148
"sim_structured",0.5,0.6,80,13,"additive",0.66224920684598,0.644152768521789
"sim_structured",0.5,0.6,80,13,"kernels",0.670304218885169,0.628256593551227
"sim_structured",0.5,0.6,80,13,"kernels_breeding",0.683233764080375,0.642663971033527
"sim_structured",0.5,0.6,80,14,"random",0.562480321505906,0.625260366216625
"sim_structured",0.5,0.6,80,14,"additive",0.609405227629269,0.67119465998309
"sim_structured",0.5,0.6,80,14,"kernels",0.583642940432575,0.675056279834475
"sim_structured",0.5,0.6,80,14,"kernels_breeding",0.588463927795112,0.664940559368702
"sim_structured",0.5,0.6,80,15,"random",0.353476547312398,0.479203544951118
"sim_structured",0.5,0.6,80,15,"additive",0.413982296565101,0.458382528471938
"sim_structured",0.5,0.6,80,15,"kernels",0.428441538373894,0.447995163737532
"sim_structured",0.5,0.6,80,15,"kernels_breeding",0.40325769521696,0.452515066973311
"sim_structured",0.5,0.6,80,16,"random",0.398757799538856,0.313923004749836
"sim_structured",0.5,0.6,80,16,"additive",0.315089291522868,0.173537737242796
"sim_structured",0.5,0.6,80,16,"kernels",0.388858124578715,0.195775515536573
"sim_structured",0.5,0.6,80,16,"kernels_breeding",0.419936242088447,0.214092621279807
"sim_structured",0.5,0.6,80,17,"random",0.525644713627505,0.586435892656252
"sim_structured",0.5,0.6,80,17,"additive",0.556715030028624,0.602834871569466
"sim_structured",0.5,0.6,80,17,"kernels",0.582237822058376,0.628992398659792
"sim_structured",0.5,0.6,80,17,"kernels_breeding",0.577570415486608,0.618762191556724
"sim_structured",0.5,0.6,80,18,"random",0.416056983190044,0.393076677889976
"sim_structured",0.5,0.6,80,18,"additive",0.46551889189355,0.514271549613441
"sim_structured",0.5,0.6,80,18,"kernels",0.48512760654014,0.530697071702016
"sim_structured",0.5,0.6,80,18,"kernels_breeding",0.384396496398549,0.433732871070846
"sim_structured",0.5,0.6,80,19,"random",0.403157482018052,0.433957312290455
"sim_structured",0.5,0.6,80,19,"additive",0.53577847100056,0.526540831801268
"sim_structured",0.5,0.6,80,19,"kernels",0.575352663639006,0.52402841497582
"sim_structured",0.5,0.6,80,19,"kernels_breeding",0.55468190528164,0.558506330443737
"sim_structured",0.5,0.6,80,20,"random",0.477240587858516,0.41363049882572
"sim_structured",0.5,0.6,80,20,"additive",0.597258955816834,0.509322305230564
"sim_structured",0.5,0.6,80,20,"kernels",0.597853648347111,0.499228426128938
"sim_structured",0.5,0.6,80,20,"kernels_breeding",0.596979405892847,0.540330919620384
"sim_structured",0.5,0.6,80,21,"random",0.400023908837851,0.388923228161709
"sim_structured",0.5,0.6,80,21,"additive",0.509187217540214,0.455683598070893
"sim_structured",0.5,0.6,80,21,"kernels",0.434917951011385,0.415878734634712
"sim_structured",0.5,0.6,80,21,"kernels_breeding",0.439172791526152,0.389300602597006
"sim_structured",0.5,0.6,80,22,"random",0.393139476777218,0.423018424671208
"sim_structured",0.5,0.6,80,22,"additive",0.285635790447791,0.295642109580759
"sim_structured",0.5,0.6,80,22,"kernels",0.323760024432102,0.332107105774724
"sim_structured",0.5,0.6,80,22,"kernels_breeding",0.278513199517219,0.280187566888448
"sim_structured",0.5,0.6,80,23,"random",0.340398387293122,0.431495985844228
"sim_structured",0.5,0.6,80,23,"additive",0.383112836238903,0.350927199494156
"sim_structured",0.5,0.6,80,23,"kernels",0.377612289143348,0.352445090739492
"sim_structured",0.5,0.6,80,23,"kernels_breeding",0.367271596833354,0.326814250599377
"sim_structured",0.5,0.6,80,24,"random",0.502754112939175,0.506677971536718
"sim_structured",0.5,0.6,80,24,"additive",0.640149404916085,0.55330042667148
"sim_structured",0.5,0.6,80,24,"kernels",0.632408885060568,0.545228161845582
"sim_structured",0.5,0.6,80,24,"kernels_breeding",0.639451755552986,0.568925412534287
"sim_structured",0.5,0.6,80,25,"random",0.499999295345974,0.495957537762911
"sim_structured",0.5,0.6,80,25,"additive",0.592287985892501,0.524592678774791
"sim_structured",0.5,0.6,80,25,"kernels",0.620382777589234,0.588015603633054
"sim_structured",0.5,0.6,80,25,"kernels_breeding",0.647225468644393,0.592706627854073
"sim_structured",0.5,0.6,80,26,"random",0.521587497886297,0.40995407747901
"sim_structured",0.5,0.6,80,26,"additive",0.624927790313767,0.526645643063981
"sim_structured",0.5,0.6,80,26,"kernels",0.62114761673923,0.579933443984334
"sim_structured",0.5,0.6,80,26,"kernels_breeding",0.616121548385376,0.506097338358659
"sim_structured",0.5,0.6,80,27,"random",0.323631513674698,0.346512729508436
"sim_structured",0.5,0.6,80,27,"additive",0.375712921154951,0.385363623191613
"sim_structured",0.5,0.6,80,27,"kernels",0.399637246577228,0.401436913279779
"sim_structured",0.5,0.6,80,27,"kernels_breeding",0.422130652177094,0.457914693931367
"sim_structured",0.5,0.6,80,28,"random",0.399606755542522,0.321867490885388
"sim_structured",0.5,0.6,80,28,"additive",0.425146130294879,0.463409052150328
"sim_structured",0.5,0.6,80,28,"kernels",0.45967602089405,0.482846085244234
"sim_structured",0.5,0.6,80,28,"kernels_breeding",0.462461546865049,0.464192777752115
"sim_structured",0.5,0.6,80,29,"random",0.61580699692622,0.386432057305223
"sim_structured",0.5,0.6,80,29,"additive",0.635290088294341,0.372168494053976
"sim_structured",0.5,0.6,80,29,"kernels",0.645390304469296,0.342809071559977
"sim_structured",0.5,0.6,80,29,"kernels_breeding",0.641009886933569,0.353053734584342
"sim_structured",0.5,0.6,80,30,"random",0.487224089667741,0.35868714668149
"sim_structured",0.5,0.6,80,30,"additive",0.506937945016899,0.469027674464129
"sim_structured",0.5,0.6,80,30,"kernels",0.518094864275141,0.467971009388722
"sim_structured",0.5,0.6,80,30,"kernels_breeding",0.478192619859904,0.369306697516152
"sim_continuum",0.5,0.6,80,1,"random",0.554939520736943,0.655458581407259
"sim_continuum",0.5,0.6,80,1,"additive",0.604370339141228,0.710050386109872
"sim_continuum",0.5,0.6,80,1,"kernels",0.566371716648641,0.691489098363121
"sim_continuum",0.5,0.6,80,1,"kernels_breeding",0.53230919349739,0.645290873215749
"sim_continuum",0.5,0.6,80,2,"random",0.434520330708665,0.486974982075772
"sim_continuum",0.5,0.6,80,2,"additive",0.406095636119557,0.421679423911122
"sim_continuum",0.5,0.6,80,2,"kernels",0.349033698987046,0.29054015903515
"sim_continuum",0.5,0.6,80,2,"kernels_breeding",0.398386079161241,0.3626444266516
"sim_continuum",0.5,0.6,80,3,"random",0.324711581104674,0.416477467232601
"sim_continuum",0.5,0.6,80,3,"additive",0.404888495136395,0.45090119112968
"sim_continuum",0.5,0.6,80,3,"kernels",0.362348861469973,0.425822431361337
"sim_continuum",0.5,0.6,80,3,"kernels_breeding",0.397865141230474,0.548618360820266
"sim_continuum",0.5,0.6,80,4,"random",0.542386425512336,0.684033879487432
"sim_continuum",0.5,0.6,80,4,"additive",0.612920254121647,0.644583900180209
"sim_continuum",0.5,0.6,80,4,"kernels",0.583309283004331,0.662218730032089
"sim_continuum",0.5,0.6,80,4,"kernels_breeding",0.591469836934807,0.662718552834856
"sim_continuum",0.5,0.6,80,5,"random",0.387436398319931,0.105400403480646
"sim_continuum",0.5,0.6,80,5,"additive",0.484512097568022,0.159442021940476
"sim_continuum",0.5,0.6,80,5,"kernels",0.466599967693993,0.224119760415641
"sim_continuum",0.5,0.6,80,5,"kernels_breeding",0.462772252676984,0.251292675062858
"sim_continuum",0.5,0.6,80,6,"random",0.38723126361668,0.65036894979169
"sim_continuum",0.5,0.6,80,6,"additive",0.372699335547681,0.605506032663717
"sim_continuum",0.5,0.6,80,6,"kernels",0.48093105697453,0.709215344767372
"sim_continuum",0.5,0.6,80,6,"kernels_breeding",0.462389354757446,0.670378952567267
"sim_continuum",0.5,0.6,80,7,"random",0.517301077927267,0.601614628042203
"sim_continuum",0.5,0.6,80,7,"additive",0.572386786775891,0.685765424360492
"sim_continuum",0.5,0.6,80,7,"kernels",0.579090801696794,0.704367253902015
"sim_continuum",0.5,0.6,80,7,"kernels_breeding",0.571845799119128,0.69599312441244
"sim_continuum",0.5,0.6,80,8,"random",0.502161163097521,0.552346390995245
"sim_continuum",0.5,0.6,80,8,"additive",0.501665911333344,0.474229089833256
"sim_continuum",0.5,0.6,80,8,"kernels",0.4741782207976,0.544044215344404
"sim_continuum",0.5,0.6,80,8,"kernels_breeding",0.449742159483561,0.3880308098808
"sim_continuum",0.5,0.6,80,9,"random",0.632837419361687,0.573548427626454
"sim_continuum",0.5,0.6,80,9,"additive",0.69078857099527,0.712578482645092
"sim_continuum",0.5,0.6,80,9,"kernels",0.686428382187778,0.691285699560539
"sim_continuum",0.5,0.6,80,9,"kernels_breeding",0.671821088716923,0.649949871509296
"sim_continuum",0.5,0.6,80,10,"random",0.344116564625976,0.372674478736948
"sim_continuum",0.5,0.6,80,10,"additive",0.348750901143606,0.436942379512854
"sim_continuum",0.5,0.6,80,10,"kernels",0.344182569291273,0.417116293099342
"sim_continuum",0.5,0.6,80,10,"kernels_breeding",0.333319068112413,0.400052414050645
"sim_continuum",0.5,0.6,80,11,"random",0.512106419178048,0.614767495229965
"sim_continuum",0.5,0.6,80,11,"additive",0.51388075686727,0.67668420009131
"sim_continuum",0.5,0.6,80,11,"kernels",0.519681167500917,0.706183699387604
"sim_continuum",0.5,0.6,80,11,"kernels_breeding",0.486628412033363,0.681191314272578
"sim_continuum",0.5,0.6,80,12,"random",0.352852094493778,0.381545502455778
"sim_continuum",0.5,0.6,80,12,"additive",0.480886486728506,0.450429429371247
"sim_continuum",0.5,0.6,80,12,"kernels",0.504098177361163,0.496279056865167
"sim_continuum",0.5,0.6,80,12,"kernels_breeding",0.37507986140224,0.368859652496741
"sim_continuum",0.5,0.6,80,13,"random",0.257749731923627,0.417980353293447
"sim_continuum",0.5,0.6,80,13,"additive",0.318426940546083,0.549953170846939
"sim_continuum",0.5,0.6,80,13,"kernels",0.254726773594563,0.443977970175923
"sim_continuum",0.5,0.6,80,13,"kernels_breeding",0.301957521153628,0.507046922815897
"sim_continuum",0.5,0.6,80,14,"random",0.414316561168406,0.575012010330684
"sim_continuum",0.5,0.6,80,14,"additive",0.445417321697201,0.413798295690232
"sim_continuum",0.5,0.6,80,14,"kernels",0.462397027290137,0.437682406185229
"sim_continuum",0.5,0.6,80,14,"kernels_breeding",0.440323117182942,0.350105131006545
"sim_continuum",0.5,0.6,80,15,"random",0.557795563556749,0.486810782745679
"sim_continuum",0.5,0.6,80,15,"additive",0.45946700178759,0.535848133638212
"sim_continuum",0.5,0.6,80,15,"kernels",0.416990992430846,0.528762391559772
"sim_continuum",0.5,0.6,80,15,"kernels_breeding",0.457295892636815,0.502901187779803
"sim_continuum",0.5,0.6,80,16,"random",0.553293371364049,0.685602685494815
"sim_continuum",0.5,0.6,80,16,"additive",0.458478335360081,0.664639232352348
"sim_continuum",0.5,0.6,80,16,"kernels",0.487907901349025,0.651819596545512
"sim_continuum",0.5,0.6,80,16,"kernels_breeding",0.487282308016638,0.682590051429553
"sim_continuum",0.5,0.6,80,17,"random",0.55611980982447,0.392072678980668
"sim_continuum",0.5,0.6,80,17,"additive",0.67131562799246,0.488752330749324
"sim_continuum",0.5,0.6,80,17,"kernels",0.692875196783048,0.498743386756769
"sim_continuum",0.5,0.6,80,17,"kernels_breeding",0.665092487853078,0.54957786951869
"sim_continuum",0.5,0.6,80,18,"random",0.40508154607344,0.549134665717045
"sim_continuum",0.5,0.6,80,18,"additive",0.479559324259891,0.748887723329024
"sim_continuum",0.5,0.6,80,18,"kernels",0.469299888757875,0.72372439300939
"sim_continuum",0.5,0.6,80,18,"kernels_breeding",0.508125006164941,0.71477214220345
"sim_continuum",0.5,0.6,80,19,"random",0.411817559911184,0.611503186257118
"sim_continuum",0.5,0.6,80,19,"additive",0.391770791838657,0.537101259732357
"sim_continuum",0.5,0.6,80,19,"kernels",0.47110565331509,0.595232131286217
"sim_continuum",0.5,0.6,80,19,"kernels_breeding",0.366724444204317,0.596738872574627
"sim_continuum",0.5,0.6,80,20,"random",0.598296380750241,0.422172868355241
"sim_continuum",0.5,0.6,80,20,"additive",0.65354371886646,0.618545568568101
"sim_continuum",0.5,0.6,80,20,"kernels",0.590942220128733,0.563929667855565
"sim_continuum",0.5,0.6,80,20,"kernels_breeding",0.642916847045384,0.597427540654747
"sim_continuum",0.5,0.6,80,21,"random",0.540777505311187,0.684807223081881
"sim_continuum",0.5,0.6,80,21,"additive",0.512055170154132,0.697660620184582
"sim_continuum",0.5,0.6,80,21,"kernels",0.548891175213459,0.721303863436687
"sim_continuum",0.5,0.6,80,21,"kernels_breeding",0.455180904550068,0.658365824430643
"sim_continuum",0.5,0.6,80,22,"random",0.469391031360035,0.407974429623369
"sim_continuum",0.5,0.6,80,22,"additive",0.502676210190326,0.505276907352841
"sim_continuum",0.5,0.6,80,22,"kernels",0.58460454555685,0.549268146360146
"sim_continuum",0.5,0.6,80,22,"kernels_breeding",0.599224495598751,0.534927245223394
"sim_continuum",0.5,0.6,80,23,"random",0.431889655845267,0.59567838414875
"sim_continuum",0.5,0.6,80,23,"additive",0.560873950759065,0.712788071575389
"sim_continuum",0.5,0.6,80,23,"kernels",0.518032686484641,0.69051232155257
"sim_continuum",0.5,0.6,80,23,"kernels_breeding",0.577994639191096,0.714908360128916
"sim_continuum",0.5,0.6,80,24,"random",0.630303402968323,0.671121028269311
"sim_continuum",0.5,0.6,80,24,"additive",0.679415093665145,0.737333801981785
"sim_continuum",0.5,0.6,80,24,"kernels",0.68906257678424,0.760732678937579
"sim_continuum",0.5,0.6,80,24,"kernels_breeding",0.693830519104044,0.775099958339006
"sim_continuum",0.5,0.6,80,25,"random",0.664394141896238,0.70495282866692
"sim_continuum",0.5,0.6,80,25,"additive",0.766440604333184,0.795398489749985
"sim_continuum",0.5,0.6,80,25,"kernels",0.762295752753996,0.753222822076236
"sim_continuum",0.5,0.6,80,25,"kernels_breeding",0.747210630302636,0.768510330934825
"sim_continuum",0.5,0.6,80,26,"random",0.446215114582632,0.542772938911932
"sim_continuum",0.5,0.6,80,26,"additive",0.620204295555044,0.682523257781983
"sim_continuum",0.5,0.6,80,26,"kernels",0.686756751235179,0.746257087278177
"sim_continuum",0.5,0.6,80,26,"kernels_breeding",0.589060283554993,0.637451248428506
"sim_continuum",0.5,0.6,80,27,"random",0.690763449166157,0.700098791515587
"sim_continuum",0.5,0.6,80,27,"additive",0.734240303240437,0.6977301141692
"sim_continuum",0.5,0.6,80,27,"kernels",0.728031055344706,0.703989562532293
"sim_continuum",0.5,0.6,80,27,"kernels_breeding",0.742829648902874,0.652672416579922
"sim_continuum",0.5,0.6,80,28,"random",0.378569285687279,0.41934137362897
"sim_continuum",0.5,0.6,80,28,"additive",0.535590469669426,0.411870591478651
"sim_continuum",0.5,0.6,80,28,"kernels",0.518543158143842,0.363697682414974
"sim_continuum",0.5,0.6,80,28,"kernels_breeding",0.544554142643317,0.390050093738506
"sim_continuum",0.5,0.6,80,29,"random",0.509410146738514,0.64143453876173
"sim_continuum",0.5,0.6,80,29,"additive",0.507633696838983,0.68562799250813
"sim_continuum",0.5,0.6,80,29,"kernels",0.520507537465039,0.74531125388321
"sim_continuum",0.5,0.6,80,29,"kernels_breeding",0.51309569196222,0.711539698223264
"sim_continuum",0.5,0.6,80,30,"random",0.436309363398249,0.414036516502014
"sim_continuum",0.5,0.6,80,30,"additive",0.461374518838093,0.453272408738999
"sim_continuum",0.5,0.6,80,30,"kernels",0.461523073704396,0.374401618641417
"sim_continuum",0.5,0.6,80,30,"kernels_breeding",0.392041692854307,0.38455380187419
"example_panel",0.5,0.6,80,1,"random",0.329859061475916,0.460747715396541
"example_panel",0.5,0.6,80,1,"additive",0.343253153146637,0.521110414949352
"example_panel",0.5,0.6,80,1,"kernels",0.367650078218744,0.484766499531206
"example_panel",0.5,0.6,80,1,"kernels_breeding",0.33771441408114,0.505102903299486
"example_panel",0.5,0.6,80,2,"random",0.447782983704554,0.440396381009637
"example_panel",0.5,0.6,80,2,"additive",0.451898481924109,0.475191002195568
"example_panel",0.5,0.6,80,2,"kernels",0.440319905093755,0.535913709656855
"example_panel",0.5,0.6,80,2,"kernels_breeding",0.440012518135365,0.46033689490813
"example_panel",0.5,0.6,80,3,"random",0.390961929226471,0.315160888781394
"example_panel",0.5,0.6,80,3,"additive",0.385401473356476,0.244007758416497
"example_panel",0.5,0.6,80,3,"kernels",0.380122131139818,0.255111666532785
"example_panel",0.5,0.6,80,3,"kernels_breeding",0.421281233569288,0.292909712140872
"example_panel",0.5,0.6,80,4,"random",0.493852109829995,0.477083109420171
"example_panel",0.5,0.6,80,4,"additive",0.633121746927323,0.673121868588609
"example_panel",0.5,0.6,80,4,"kernels",0.619162609039846,0.652502390313446
"example_panel",0.5,0.6,80,4,"kernels_breeding",0.629086890832182,0.661174507864815
"example_panel",0.5,0.6,80,5,"random",0.272994235375981,0.277265440715601
"example_panel",0.5,0.6,80,5,"additive",0.423270090485843,0.489562226853205
"example_panel",0.5,0.6,80,5,"kernels",0.432363532777064,0.448367607485258
"example_panel",0.5,0.6,80,5,"kernels_breeding",0.408094111878036,0.46016343728858
"example_panel",0.5,0.6,80,6,"random",0.480118670792068,0.53703285302757
"example_panel",0.5,0.6,80,6,"additive",0.554064706202729,0.607912165848045
"example_panel",0.5,0.6,80,6,"kernels",0.551291671943813,0.551472298692402
"example_panel",0.5,0.6,80,6,"kernels_breeding",0.558480018816689,0.60839571508432
"example_panel",0.5,0.6,80,7,"random",0.605325211356757,0.557475448945099
"example_panel",0.5,0.6,80,7,"additive",0.488676144416926,0.501285400759019
"example_panel",0.5,0.6,80,7,"kernels",0.501014122725811,0.486708505664743
"example_panel",0.5,0.6,80,7,"kernels_breeding",0.524022882518459,0.534339100216739
"example_panel",0.5,0.6,80,8,"random",0.428216702768598,0.474703618141311
"example_panel",0.5,0.6,80,8,"additive",0.479872947998953,0.52995227091902
"example_panel",0.5,0.6,80,8,"kernels",0.475084763547583,0.552027008086793
"example_panel",0.5,0.6,80,8,"kernels_breeding",0.525293263452595,0.550219235682816
"example_panel",0.5,0.6,80,9,"random",0.512422889578675,0.570901403046796
"example_panel",0.5,0.6,80,9,"additive",0.639855231168531,0.705676484646384
"example_panel",0.5,0.6,80,9,"kernels",0.63025395209392,0.726086155342035
"example_panel",0.5,0.6,80,9,"kernels_breeding",0.637140634682174,0.72476162022663
"example_panel",0.5,0.6,80,10,"random",0.488199615374264,0.505669432520653
"example_panel",0.5,0.6,80,10,"additive",0.632527373415516,0.663747430314776
"example_panel",0.5,0.6,80,10,"kernels",0.618763258106525,0.685614481698504
"example_panel",0.5,0.6,80,10,"kernels_breeding",0.636563561669613,0.693620012205251
"example_panel",0.5,0.6,80,11,"random",0.167510279019245,0.232156412809063
"example_panel",0.5,0.6,80,11,"additive",0.246761508101284,0.398732837868681
"example_panel",0.5,0.6,80,11,"kernels",0.269252152619147,0.371713026982322
"example_panel",0.5,0.6,80,11,"kernels_breeding",0.248274938322708,0.392566189460174
"example_panel",0.5,0.6,80,12,"random",0.376574665502491,0.398892715461146
"example_panel",0.5,0.6,80,12,"additive",0.605662297049133,0.628415406237419
"example_panel",0.5,0.6,80,12,"kernels",0.617280539425694,0.649757425851143
"example_panel",0.5,0.6,80,12,"kernels_breeding",0.634745296662776,0.665663886984003
"example_panel",0.5,0.6,80,13,"random",0.432718458405174,0.489412789498465
"example_panel",0.5,0.6,80,13,"additive",0.541029232690803,0.610637521632282
"example_panel",0.5,0.6,80,13,"kernels",0.540872497892417,0.603154230529393
"example_panel",0.5,0.6,80,13,"kernels_breeding",0.555116367612602,0.624396921515365
"example_panel",0.5,0.6,80,14,"random",0.331365475137161,0.403281914659804
"example_panel",0.5,0.6,80,14,"additive",0.248623942066283,0.395727369150007
"example_panel",0.5,0.6,80,14,"kernels",0.302493127884758,0.385744308302092
"example_panel",0.5,0.6,80,14,"kernels_breeding",0.258790731000754,0.385378109125457
"example_panel",0.5,0.6,80,15,"random",0.567799182611606,0.577145520408588
"example_panel",0.5,0.6,80,15,"additive",0.629757022272009,0.654662759731623
"example_panel",0.5,0.6,80,15,"kernels",0.629250158350147,0.65372423805
"example_panel",0.5,0.6,80,15,"kernels_breeding",0.648093790471731,0.668486106171876
"example_panel",0.5,0.6,80,16,"random",0.25893001184861,0.220306460643573
"example_panel",0.5,0.6,80,16,"additive",0.403775164153782,0.335714856915984
"example_panel",0.5,0.6,80,16,"kernels",0.405229498084755,0.323237805118183
"example_panel",0.5,0.6,80,16,"kernels_breeding",0.386192518353405,0.321949847635003
"example_panel",0.5,0.6,80,17,"random",0.48503742500747,0.599897680660605
"example_panel",0.5,0.6,80,17,"additive",0.672536306296878,0.682473037989267
"example_panel",0.5,0.6,80,17,"kernels",0.684720005093197,0.711793481275785
"example_panel",0.5,0.6,80,17,"kernels_breeding",0.662697697519724,0.693728261531972
"example_panel",0.5,0.6,80,18,"random",0.304156591321493,0.534020097027318
"example_panel",0.5,0.6,80,18,"additive",0.402487126572898,0.639539269873109
"example_panel",0.5,0.6,80,18,"kernels",0.349514984013497,0.558678616208585
"example_panel",0.5,0.6,80,18,"kernels_breeding",0.394801727578269,0.622086997645436
"example_panel",0.5,0.6,80,19,"random",0.106952532898158,0.251147600865189
"example_panel",0.5,0.6,80,19,"additive",0.0826104713333867,0.211862360562727
"example_panel",0.5,0.6,80,19,"kernels",0.0421764693163882,0.117461737359346
"example_panel",0.5,0.6,80,19,"kernels_breeding",0.119214246216472,0.132121403655633
"example_panel",0.5,0.6,80,20,"random",0.512213977557373,0.499392757307057
"example_panel",0.5,0.6,80,20,"additive",0.653934765298688,0.663512504514667
"example_panel",0.5,0.6,80,20,"kernels",0.652276532575365,0.652426387798087
"example_panel",0.5,0.6,80,20,"kernels_breeding",0.641603160620913,0.615282311975746
"example_panel",0.5,0.6,80,21,"random",0.343919353093252,0.35822356759454
"example_panel",0.5,0.6,80,21,"additive",0.296850588494913,0.219090503142786
"example_panel",0.5,0.6,80,21,"kernels",0.356642904991212,0.264828961313856
"example_panel",0.5,0.6,80,21,"kernels_breeding",0.362924794970019,0.260316419753963
"example_panel",0.5,0.6,80,22,"random",0.509938529474885,0.650241116306642
"example_panel",0.5,0.6,80,22,"additive",0.55815695206978,0.624410351492298
"example_panel",0.5,0.6,80,22,"kernels",0.557897686788348,0.586109508098648
"example_panel",0.5,0.6,80,22,"kernels_breeding",0.553856585305466,0.620744222868461
"example_panel",0.5,0.6,80,23,"random",0.401129576768649,0.556835326428144
"example_panel",0.5,0.6,80,23,"additive",0.398917930634719,0.59569998210058
"example_panel",0.5,0.6,80,23,"kernels",0.453320200149694,0.646922302894118
"example_panel",0.5,0.6,80,23,"kernels_breeding",0.384310785355396,0.593358211000072
"example_panel",0.5,0.6,80,24,"random",0.461563866010999,0.532985480178376
"example_panel",0.5,0.6,80,24,"additive",0.511159924701864,0.637467358827837
"example_panel",0.5,0.6,80,24,"kernels",0.437150140783355,0.620650111605323
"example_panel",0.5,0.6,80,24,"kernels_breeding",0.498281841646653,0.682577257904969
"example_panel",0.5,0.6,80,25,"random",0.475348401865226,0.500368206896616
"example_panel",0.5,0.6,80,25,"additive",0.599607842374605,0.629036264800949
"example_panel",0.5,0.6,80,25,"kernels",0.619589600795344,0.63835561251891
"example_panel",0.5,0.6,80,25,"kernels_breeding",0.560807192968024,0.63667055710618
"example_panel",0.5,0.6,80,26,"random",0.464849234869048,0.340037186798058
"example_panel",0.5,0.6,80,26,"additive",0.420306813953214,0.32653998802766
"example_panel",0.5,0.6,80,26,"kernels",0.373796602509358,0.244431137477069
"example_panel",0.5,0.6,80,26,"kernels_breeding",0.464829546595116,0.342020543676958
"example_panel",0.5,0.6,80,27,"random",0.292466304323436,0.239750668529077
"example_panel",0.5,0.6,80,27,"additive",0.198671510139016,0.294400292445552
"example_panel",0.5,0.6,80,27,"kernels",0.24101025959727,0.282956088500337
"example_panel",0.5,0.6,80,27,"kernels_breeding",0.217097334593302,0.298437928954391
"example_panel",0.5,0.6,80,28,"random",0.317240516249598,0.216861332951508
"example_panel",0.5,0.6,80,28,"additive",0.431107837479829,0.271733854311125
"example_panel",0.5,0.6,80,28,"kernels",0.42524241601875,0.305113163667529
"example_panel",0.5,0.6,80,28,"kernels_breeding",0.426159194921642,0.292686396646831
"example_panel",0.5,0.6,80,29,"random",0.196069823796453,0.228045275957066
"example_panel",0.5,0.6,80,29,"additive",0.359772996233129,0.205208472005616
"example_panel",0.5,0.6,80,29,"kernels",0.399999064467428,0.259621830120932
"example_panel",0.5,0.6,80,29,"kernels_breeding",0.316147818535897,0.22407210690821
"example_panel",0.5,0.6,80,30,"random",0.343519049693211,0.390047198445001
"example_panel",0.5,0.6,80,30,"additive",0.338431372289479,0.351699359656048
"example_panel",0.5,0.6,80,30,"kernels",0.337038225833706,0.343233729265866
"example_panel",0.5,0.6,80,30,"kernels_breeding",0.327751964076564,0.352218241408414
