"dataset","rep","size","n","method","seconds","cdmean","pa","ndcg10"
"Sorghum",1,1,40,"TrainSel CDmean (targeted, published)",NA,0.312852043675753,0.446734966818676,0.830121489849197
"Sorghum",1,1,40,"TrainSel CDmean (untargeted, published)",NA,0.280514051282398,0.389331091380153,0.781564472107134
"Sorghum",1,1,40,"Random (published)",NA,0.251482959463006,0.378517742399186,0.742673595171113
"Sorghum",1,1,40,"TSOpt default (targeted)",0.0459999999999923,0.311167145260809,0.424422502623915,0.826154681497969
"Sorghum",1,1,40,"TSOpt (untargeted)",0.0520000000000209,0.290548314506154,0.329914782711465,0.796683390760828
"Sorghum",1,2,75,"TrainSel CDmean (targeted, published)",NA,0.358533222278905,0.483785876438555,0.842123239745112
"Sorghum",1,2,75,"TrainSel CDmean (untargeted, published)",NA,0.32180992741987,0.467919672639106,0.801926651424224
"Sorghum",1,2,75,"Random (published)",NA,0.306867994961789,0.442184368970012,0.794275572881786
"Sorghum",1,2,75,"TSOpt default (targeted)",0.0419999999999732,0.357352809953256,0.474213871431312,0.816140534833975
"Sorghum",1,2,75,"TSOpt (untargeted)",0.0740000000000123,0.341021451468578,0.433112982839161,0.819405384510676
"Sorghum",1,3,150,"TrainSel CDmean (targeted, published)",NA,0.398099767449496,0.506295458421535,0.823152757350355
"Sorghum",1,3,150,"TrainSel CDmean (untargeted, published)",NA,0.353453417398433,0.44857967365001,0.791828509353254
"Sorghum",1,3,150,"Random (published)",NA,0.35942527968372,0.423853627583365,0.753975529321095
"Sorghum",1,3,150,"TSOpt default (targeted)",0.0999999999999943,0.396699529724556,0.508159958139935,0.810292312208159
"Sorghum",1,3,150,"TSOpt (untargeted)",0.213999999999999,0.38302642980262,0.462990679869822,0.779444164897306
"Sorghum",1,4,230,"TrainSel CDmean (targeted, published)",NA,0.41555585665784,0.514199061847474,0.804588675609519
"Sorghum",1,4,230,"TrainSel CDmean (untargeted, published)",NA,0.38543244672695,0.498821763217417,0.769454554498528
"Sorghum",1,4,230,"Random (published)",NA,0.398922451489611,0.520169802578058,0.821512081941008
"Sorghum",1,4,230,"TSOpt default (targeted)",0.204000000000008,0.414067479510776,0.516490144139258,0.839828378366084
"Sorghum",1,4,230,"TSOpt (untargeted)",0.317000000000007,0.403602752630738,0.47225103003685,0.804921505660428
"Sorghum",1,5,305,"TrainSel CDmean (targeted, published)",NA,0.424441751369495,0.518947056289084,0.803400348743121
"Sorghum",1,5,305,"TrainSel CDmean (untargeted, published)",NA,0.410380365132762,0.534796716750542,0.787582038263977
"Sorghum",1,5,305,"Random (published)",NA,0.413237967493229,0.504123412794734,0.779668101413661
"Sorghum",1,5,305,"TSOpt default (targeted)",0.359000000000009,0.424060491153486,0.519636156289231,0.825033468555057
"Sorghum",1,5,305,"TSOpt (untargeted)",0.495999999999981,0.417739471346426,0.503090289393796,0.782080991983672
"Sorghum",2,1,40,"TrainSel CDmean (targeted, published)",NA,0.305218867075536,0.483375246825548,0.809632841454119
"Sorghum",2,1,40,"TrainSel CDmean (untargeted, published)",NA,0.255365176429755,0.362348477589832,0.706928034239017
"Sorghum",2,1,40,"Random (published)",NA,0.230763124682695,0.298191956360449,0.671216873467706
"Sorghum",2,1,40,"TSOpt default (targeted)",0.0260000000000105,0.304699050983878,0.484946075829201,0.777927934408143
"Sorghum",2,1,40,"TSOpt (untargeted)",0.0429999999999779,0.275732653172503,0.379409284517296,0.758276693222597
"Sorghum",2,2,75,"TrainSel CDmean (targeted, published)",NA,0.350232373555459,0.497763238740296,0.784739633657166
"Sorghum",2,2,75,"TrainSel CDmean (untargeted, published)",NA,0.303245776364358,0.408684944855436,0.710124849610811
"Sorghum",2,2,75,"Random (published)",NA,0.294887096647254,0.366163806234407,0.756204710410866
"Sorghum",2,2,75,"TSOpt default (targeted)",0.0349999999999966,0.349223811514205,0.474650697822677,0.798943191032072
"Sorghum",2,2,75,"TSOpt (untargeted)",0.0730000000000075,0.322789154065872,0.402408575926835,0.754836792942529
"Sorghum",2,3,150,"TrainSel CDmean (targeted, published)",NA,0.387304287104052,0.419098080540651,0.7738171996694
"Sorghum",2,3,150,"TrainSel CDmean (untargeted, published)",NA,0.344393593665687,0.351012515823376,0.697335784796888
"Sorghum",2,3,150,"Random (published)",NA,0.339386150191724,0.399618733009116,0.739482760068311
"Sorghum",2,3,150,"TSOpt default (targeted)",0.0790000000000077,0.38627335831406,0.433220713470109,0.774730744091664
"Sorghum",2,3,150,"TSOpt (untargeted)",0.140999999999991,0.369799411957012,0.436166524280155,0.748359738452221
"Sorghum",2,4,230,"TrainSel CDmean (targeted, published)",NA,0.403399942178231,0.427630079130829,0.777819947609581
"Sorghum",2,4,230,"TrainSel CDmean (untargeted, published)",NA,0.376689079436815,0.422612026967113,0.725170292079802
"Sorghum",2,4,230,"Random (published)",NA,0.38029860305536,0.395823853001116,0.749561069016202
"Sorghum",2,4,230,"TSOpt default (targeted)",0.170999999999992,0.402695934312438,0.440711656766822,0.772240224541831
"Sorghum",2,4,230,"TSOpt (untargeted)",0.313000000000017,0.38912063874004,0.422059226626225,0.705071398436738
"Sorghum",2,5,305,"TrainSel CDmean (targeted, published)",NA,0.411245125815022,0.437285651227359,0.766010873377623
"Sorghum",2,5,305,"TrainSel CDmean (untargeted, published)",NA,0.401810904382777,0.420246212673994,0.739682294429431
"Sorghum",2,5,305,"Random (published)",NA,0.397703484633868,0.415819416405034,0.756595322275545
"Sorghum",2,5,305,"TSOpt default (targeted)",0.34699999999998,0.410518676191519,0.444487140496583,0.777271431718047
"Sorghum",2,5,305,"TSOpt (untargeted)",0.475999999999999,0.40487789543355,0.415983855550781,0.727801008554124
"Sorghum",3,1,40,"TrainSel CDmean (targeted, published)",NA,0.329171500357254,0.519867545867781,0.8516909625602
"Sorghum",3,1,40,"TrainSel CDmean (untargeted, published)",NA,0.29457458481358,0.455273367103783,0.832920412978756
"Sorghum",3,1,40,"Random (published)",NA,0.245981358139707,0.180076466268264,0.629457825534654
"Sorghum",3,1,40,"TSOpt default (targeted)",0.0300000000000011,0.329280250586667,0.513634166675657,0.802948608008229
"Sorghum",3,1,40,"TSOpt (untargeted)",0.0420000000000016,0.307928185665146,0.446456482921333,0.857697442292549
"Sorghum",3,2,75,"TrainSel CDmean (targeted, published)",NA,0.379843914092189,0.522067575080246,0.819409091118234
"Sorghum",3,2,75,"TrainSel CDmean (untargeted, published)",NA,0.33008498742998,0.391054116018908,0.81364872269457
"Sorghum",3,2,75,"Random (published)",NA,0.29934277891367,0.401396729054604,0.752503240449743
"Sorghum",3,2,75,"TSOpt default (targeted)",0.0379999999999825,0.379236193142616,0.516171615485887,0.844318087194267
"Sorghum",3,2,75,"TSOpt (untargeted)",0.0740000000000123,0.353662750730328,0.496161403057502,0.838668964050887
"Sorghum",3,3,150,"TrainSel CDmean (targeted, published)",NA,0.420041246514511,0.520421224833218,0.825276420406058
"Sorghum",3,3,150,"TrainSel CDmean (untargeted, published)",NA,0.369086906074588,0.489697107137803,0.749175412670949
"Sorghum",3,3,150,"Random (published)",NA,0.373377440791191,0.462814820499973,0.745341353117941
"Sorghum",3,3,150,"TSOpt default (targeted)",0.0760000000000218,0.419483291955731,0.541519788636377,0.81514425713123
"Sorghum",3,3,150,"TSOpt (untargeted)",0.143999999999977,0.401345000149742,0.504300041152442,0.814684735904307
"Sorghum",3,4,230,"TrainSel CDmean (targeted, published)",NA,0.436725406959523,0.528119153265889,0.820124843539267
"Sorghum",3,4,230,"TrainSel CDmean (untargeted, published)",NA,0.40213306985359,0.492261831717413,0.777668286028352
"Sorghum",3,4,230,"Random (published)",NA,0.400842159652938,0.474710042150858,0.768304102841865
"Sorghum",3,4,230,"TSOpt default (targeted)",0.185000000000002,0.436536075666781,0.536589756959324,0.834379264274335
"Sorghum",3,4,230,"TSOpt (untargeted)",0.295999999999992,0.422757969104615,0.526107523324505,0.794192030481753
"Sorghum",3,5,305,"TrainSel CDmean (targeted, published)",NA,0.444470919728435,0.526838512904754,0.803498376676416
"Sorghum",3,5,305,"TrainSel CDmean (untargeted, published)",NA,0.42597008096603,0.516165106074514,0.780709860631759
"Sorghum",3,5,305,"Random (published)",NA,0.435076021425999,0.535299733648825,0.824399170346911
"Sorghum",3,5,305,"TSOpt default (targeted)",0.331000000000017,0.444151887325668,0.528891802142803,0.815639614813307
"Sorghum",3,5,305,"TSOpt (untargeted)",0.466999999999985,0.436173285147176,0.515009996331378,0.807314638807762
"Sorghum",4,1,40,"TrainSel CDmean (targeted, published)",NA,0.293756360355652,0.40583942572512,0.836994334523733
"Sorghum",4,1,40,"TrainSel CDmean (untargeted, published)",NA,0.264355155026274,0.234453032921143,0.638523510873712
"Sorghum",4,1,40,"Random (published)",NA,0.217537741562781,0.406896037673428,0.728421303699347
"Sorghum",4,1,40,"TSOpt default (targeted)",0.0389999999999873,0.290303209399197,0.396172426670889,0.832298528168606
"Sorghum",4,1,40,"TSOpt (untargeted)",0.0430000000000064,0.27024342880352,0.364242240591495,0.805356031785309
"Sorghum",4,2,75,"TrainSel CDmean (targeted, published)",NA,0.341905150443033,0.473462670209021,0.787709026686579
"Sorghum",4,2,75,"TrainSel CDmean (untargeted, published)",NA,0.305273080531063,0.374236344655954,0.740115291577558
"Sorghum",4,2,75,"Random (published)",NA,0.279921187773153,0.4044683531224,0.763150443333178
"Sorghum",4,2,75,"TSOpt default (targeted)",0.0370000000000061,0.3397971667369,0.450300214053309,0.800543007199757
"Sorghum",4,2,75,"TSOpt (untargeted)",0.0799999999999841,0.322583301237015,0.451147094833109,0.76817299689161
"Sorghum",4,3,150,"TrainSel CDmean (targeted, published)",NA,0.384154815740378,0.494614792498491,0.763947174985779
"Sorghum",4,3,150,"TrainSel CDmean (untargeted, published)",NA,0.338137894819781,0.411817825888103,0.785442530958491
"Sorghum",4,3,150,"Random (published)",NA,0.341087451614786,0.402099834920588,0.778012924022002
"Sorghum",4,3,150,"TSOpt default (targeted)",0.0829999999999984,0.382665983986986,0.491813459113947,0.782826738578215
"Sorghum",4,3,150,"TSOpt (untargeted)",0.159999999999997,0.371413260039256,0.497382507144833,0.760784850935555
"Sorghum",4,4,230,"TrainSel CDmean (targeted, published)",NA,0.403306709104116,0.511288186888901,0.748968112555414
"Sorghum",4,4,230,"TrainSel CDmean (untargeted, published)",NA,0.379486520946568,0.502612968584579,0.783075226074826
"Sorghum",4,4,230,"Random (published)",NA,0.378737322222993,0.49117347407796,0.72991084800146
"Sorghum",4,4,230,"TSOpt default (targeted)",0.173000000000002,0.402456696452972,0.498850438146071,0.761317955373486
"Sorghum",4,4,230,"TSOpt (untargeted)",0.281999999999982,0.39256079586209,0.501096248476381,0.763296466769407
"Sorghum",4,5,305,"TrainSel CDmean (targeted, published)",NA,0.412240970991519,0.504488538690138,0.757345842442574
"Sorghum",4,5,305,"TrainSel CDmean (untargeted, published)",NA,0.400151941502247,0.465591097115293,0.777596834507575
"Sorghum",4,5,305,"Random (published)",NA,0.401970011036119,0.506485068817122,0.783619745855219
"Sorghum",4,5,305,"TSOpt default (targeted)",0.318000000000012,0.411745324563467,0.521744578970965,0.767771938160928
"Sorghum",4,5,305,"TSOpt (untargeted)",0.495999999999981,0.405623106482979,0.496887869581877,0.766924791561425
"Sorghum",5,1,40,"TrainSel CDmean (targeted, published)",NA,0.335628762235878,0.368521962888302,0.730604243895505
"Sorghum",5,1,40,"TrainSel CDmean (untargeted, published)",NA,0.307727719508848,0.393325830899857,0.677987044801472
"Sorghum",5,1,40,"Random (published)",NA,0.28036346076665,0.375229230152227,0.698839921002857
"Sorghum",5,1,40,"TSOpt default (targeted)",0.0269999999999868,0.335298307261874,0.357878147773844,0.715801956073246
"Sorghum",5,1,40,"TSOpt (untargeted)",0.0570000000000164,0.315831030386728,0.275814138311935,0.645943670245502
"Sorghum",5,2,75,"TrainSel CDmean (targeted, published)",NA,0.388268050205001,0.448005061850899,0.69787345258339
"Sorghum",5,2,75,"TrainSel CDmean (untargeted, published)",NA,0.344917954011923,0.440796098011254,0.750890214342057
"Sorghum",5,2,75,"Random (published)",NA,0.308125242407034,0.376222405074102,0.666479542373254
"Sorghum",5,2,75,"TSOpt default (targeted)",0.0359999999999729,0.387880754875586,0.396808982018993,0.724913853063763
"Sorghum",5,2,75,"TSOpt (untargeted)",0.0790000000000077,0.365236665586023,0.40183761627117,0.689524984597928
"Sorghum",5,3,150,"TrainSel CDmean (targeted, published)",NA,0.431511034422882,0.419807417597998,0.698281876942547
"Sorghum",5,3,150,"TrainSel CDmean (untargeted, published)",NA,0.378172742407899,0.350706944977023,0.64174672897275
"Sorghum",5,3,150,"Random (published)",NA,0.38791361737824,0.394496685684376,0.731791407768995
"Sorghum",5,3,150,"TSOpt default (targeted)",0.0829999999999984,0.431286867255624,0.441031866961333,0.703379474853134
"Sorghum",5,3,150,"TSOpt (untargeted)",0.146999999999991,0.410647682874629,0.424940143881596,0.682046500581078
"Sorghum",5,4,230,"TrainSel CDmean (targeted, published)",NA,0.449610258310809,0.42853250757216,0.714858033596312
"Sorghum",5,4,230,"TrainSel CDmean (untargeted, published)",NA,0.412437737342568,0.382481420235509,0.677677499946717
"Sorghum",5,4,230,"Random (published)",NA,0.421677352751322,0.405773020218588,0.697170720312513
"Sorghum",5,4,230,"TSOpt default (targeted)",0.178000000000026,0.449292364298196,0.443243269099047,0.707144808903123
"Sorghum",5,4,230,"TSOpt (untargeted)",0.293999999999983,0.433600886132167,0.425861342632774,0.680397342973272
"Sorghum",5,5,305,"TrainSel CDmean (targeted, published)",NA,0.458247272583184,0.436382519354184,0.70658748636401
"Sorghum",5,5,305,"TrainSel CDmean (untargeted, published)",NA,0.436319025991034,0.414346936628002,0.707040612468863
"Sorghum",5,5,305,"Random (published)",NA,0.44473634101357,0.443974828090006,0.705554988592993
"Sorghum",5,5,305,"TSOpt default (targeted)",0.34699999999998,0.457794491002117,0.435232757687435,0.720452075502636
"Sorghum",5,5,305,"TSOpt (untargeted)",0.481999999999999,0.448521969944486,0.43429842747528,0.677913707425111
"Sorghum",6,1,40,"TrainSel CDmean (targeted, published)",NA,0.322390869495604,0.411271462768936,0.787686293063264
"Sorghum",6,1,40,"TrainSel CDmean (untargeted, published)",NA,0.279969671004196,0.345227622402954,0.823307219173603
"Sorghum",6,1,40,"Random (published)",NA,0.244758304452515,0.295146488991502,0.825306589806785
"Sorghum",6,1,40,"TSOpt default (targeted)",0.0240000000000009,0.32106493767963,0.39451983827805,0.828620117037783
"Sorghum",6,1,40,"TSOpt (untargeted)",0.0509999999999877,0.293846532510743,0.378353290742493,0.841384724667253
"Sorghum",6,2,75,"TrainSel CDmean (targeted, published)",NA,0.369306155054188,0.469888679856854,0.876899195405557
"Sorghum",6,2,75,"TrainSel CDmean (untargeted, published)",NA,0.326803431571614,0.462316808894588,0.85917398443976
"Sorghum",6,2,75,"Random (published)",NA,0.314135457583806,0.280885838302158,0.770443597162756
"Sorghum",6,2,75,"TSOpt default (targeted)",0.0349999999999966,0.366974363086325,0.438662315982053,0.794018034789465
"Sorghum",6,2,75,"TSOpt (untargeted)",0.0730000000000075,0.346679656519874,0.442144922882269,0.844367347374434
"Sorghum",6,3,150,"TrainSel CDmean (targeted, published)",NA,0.408178938682346,0.515171815329581,0.851527220973622
"Sorghum",6,3,150,"TrainSel CDmean (untargeted, published)",NA,0.356656087564948,0.428780496932673,0.869788230841288
"Sorghum",6,3,150,"Random (published)",NA,0.368197750823658,0.470231757759456,0.792072004484115
"Sorghum",6,3,150,"TSOpt default (targeted)",0.0790000000000077,0.406471093102467,0.532449098808414,0.859243399580333
"Sorghum",6,3,150,"TSOpt (untargeted)",0.144000000000005,0.38960646061016,0.49232119402552,0.874695987252738
"Sorghum",6,4,230,"TrainSel CDmean (targeted, published)",NA,0.424444625936451,0.526445335076026,0.856768304088468
"Sorghum",6,4,230,"TrainSel CDmean (untargeted, published)",NA,0.392543480583739,0.524871525294761,0.876897989891699
"Sorghum",6,4,230,"Random (published)",NA,0.39752093887218,0.471204505048562,0.877117354511486
"Sorghum",6,4,230,"TSOpt default (targeted)",0.163000000000011,0.423582137464143,0.526275038687521,0.866224840420417
"Sorghum",6,4,230,"TSOpt (untargeted)",0.276999999999987,0.408640888667857,0.509996031353255,0.881370565934308
"Sorghum",6,5,305,"TrainSel CDmean (targeted, published)",NA,0.432499865606137,0.549596013063346,0.865369746860995
"Sorghum",6,5,305,"TrainSel CDmean (untargeted, published)",NA,0.41721805342034,0.527007326295647,0.887802099974817
"Sorghum",6,5,305,"Random (published)",NA,0.424657245769828,0.546530983035432,0.884769240430584
"Sorghum",6,5,305,"TSOpt default (targeted)",0.317000000000007,0.432245604638763,0.53480015902037,0.870762546669953
"Sorghum",6,5,305,"TSOpt (untargeted)",0.459000000000003,0.425102092524884,0.549159893065337,0.892108835195478
"Sorghum",7,1,40,"TrainSel CDmean (targeted, published)",NA,0.305001240256179,0.559729514982762,0.792690209327888
"Sorghum",7,1,40,"TrainSel CDmean (untargeted, published)",NA,0.276464127205076,0.522173929498447,0.79274727224804
"Sorghum",7,1,40,"Random (published)",NA,0.235725698899723,0.490571729291501,0.79444511562134
"Sorghum",7,1,40,"TSOpt default (targeted)",0.0240000000000009,0.305374049739594,0.561215746026431,0.799396626144587
"Sorghum",7,1,40,"TSOpt (untargeted)",0.0480000000000018,0.282231634443589,0.477738433858918,0.749857262267278
"Sorghum",7,2,75,"TrainSel CDmean (targeted, published)",NA,0.359393596499369,0.552016409898281,0.829112826369406
"Sorghum",7,2,75,"TrainSel CDmean (untargeted, published)",NA,0.316375265473051,0.550706349557674,0.862766383354311
"Sorghum",7,2,75,"Random (published)",NA,0.296633949639452,0.542641731469807,0.763568334089959
"Sorghum",7,2,75,"TSOpt default (targeted)",0.0339999999999918,0.359206001114356,0.576499928587217,0.831844772550266
"Sorghum",7,2,75,"TSOpt (untargeted)",0.070999999999998,0.337011707216939,0.591470225196301,0.813981516413471
"Sorghum",7,3,150,"TrainSel CDmean (targeted, published)",NA,0.402599439322095,0.614641459554547,0.806574888981231
"Sorghum",7,3,150,"TrainSel CDmean (untargeted, published)",NA,0.355801177002223,0.561630884580942,0.813161441394623
"Sorghum",7,3,150,"Random (published)",NA,0.358301069632144,0.557190816070926,0.761578513242309
"Sorghum",7,3,150,"TSOpt default (targeted)",0.0799999999999841,0.402291369081729,0.602801021337663,0.804656213049888
"Sorghum",7,3,150,"TSOpt (untargeted)",0.175000000000011,0.387125960652396,0.639315869208192,0.845469919834191
"Sorghum",7,4,230,"TrainSel CDmean (targeted, published)",NA,0.421429258309752,0.619460970459628,0.820902282082077
"Sorghum",7,4,230,"TrainSel CDmean (untargeted, published)",NA,0.394843866767674,0.621612714568086,0.833567950687051
"Sorghum",7,4,230,"Random (published)",NA,0.388793705215992,0.631031719556005,0.812191692554257
"Sorghum",7,4,230,"TSOpt default (targeted)",0.168000000000006,0.421102942936656,0.637582464981634,0.816405815136447
"Sorghum",7,4,230,"TSOpt (untargeted)",0.276999999999987,0.408387643423102,0.615133980446017,0.856594231259447
"Sorghum",7,5,305,"TrainSel CDmean (targeted, published)",NA,0.430740415326615,0.641106178851318,0.815161898797226
"Sorghum",7,5,305,"TrainSel CDmean (untargeted, published)",NA,0.418530857832773,0.615181061579323,0.808363653186324
"Sorghum",7,5,305,"Random (published)",NA,0.421502872849159,0.637687337852932,0.84865577185112
"Sorghum",7,5,305,"TSOpt default (targeted)",0.317000000000007,0.430517610065209,0.643168406974815,0.799319279632056
"Sorghum",7,5,305,"TSOpt (untargeted)",0.47399999999999,0.424926320295154,0.6280719575469,0.838512622905451
"Sorghum",8,1,40,"TrainSel CDmean (targeted, published)",NA,0.312620306159745,0.404727585059809,0.737784398047723
"Sorghum",8,1,40,"TrainSel CDmean (untargeted, published)",NA,0.283261101358313,0.331278417931123,0.729790530314897
"Sorghum",8,1,40,"Random (published)",NA,0.243269208641264,0.349044729178148,0.736364440860726
"Sorghum",8,1,40,"TSOpt default (targeted)",0.0249999999999773,0.312763469790904,0.386666533513103,0.746397284585362
"Sorghum",8,1,40,"TSOpt (untargeted)",0.0430000000000064,0.294625329725784,0.340239141006639,0.711982971465094
"Sorghum",8,2,75,"TrainSel CDmean (targeted, published)",NA,0.36473478944249,0.43371694565603,0.746607829946754
"Sorghum",8,2,75,"TrainSel CDmean (untargeted, published)",NA,0.326649449678277,0.399202705183275,0.737290200850583
"Sorghum",8,2,75,"Random (published)",NA,0.302733195296666,0.363667071577004,0.732372639189945
"Sorghum",8,2,75,"TSOpt default (targeted)",0.0440000000000111,0.363785719687583,0.432371456064482,0.762552834146762
"Sorghum",8,2,75,"TSOpt (untargeted)",0.0649999999999977,0.345421118093467,0.39619274676727,0.726843304197555
"Sorghum",8,3,150,"TrainSel CDmean (targeted, published)",NA,0.408228659144629,0.480342747831626,0.770158700564633
"Sorghum",8,3,150,"TrainSel CDmean (untargeted, published)",NA,0.360516899246701,0.41685084495041,0.728655533923969
"Sorghum",8,3,150,"Random (published)",NA,0.365353556151887,0.447175714472931,0.751694934609228
"Sorghum",8,3,150,"TSOpt default (targeted)",0.0810000000000173,0.407275491107398,0.468664457937778,0.795005279175858
"Sorghum",8,3,150,"TSOpt (untargeted)",0.149000000000001,0.392410847743327,0.458738424631075,0.759457870652992
"Sorghum",8,4,230,"TrainSel CDmean (targeted, published)",NA,0.427203327510743,0.476411021155147,0.775383558972607
"Sorghum",8,4,230,"TrainSel CDmean (untargeted, published)",NA,0.398644575328878,0.442059338822585,0.752954167708533
"Sorghum",8,4,230,"Random (published)",NA,0.399975181376543,0.467817593174482,0.789267558906562
"Sorghum",8,4,230,"TSOpt default (targeted)",0.170999999999992,0.426576148469678,0.469041306643565,0.775379669876913
"Sorghum",8,4,230,"TSOpt (untargeted)",0.27000000000001,0.414364136883925,0.482207037096513,0.730299765690518
"Sorghum",8,5,305,"TrainSel CDmean (targeted, published)",NA,0.436056951897062,0.485217430367282,0.76593844696531
"Sorghum",8,5,305,"TrainSel CDmean (untargeted, published)",NA,0.421578699562365,0.479085675143549,0.784362187425232
"Sorghum",8,5,305,"Random (published)",NA,0.424220257887458,0.482787159968608,0.752916475999052
"Sorghum",8,5,305,"TSOpt default (targeted)",0.309000000000026,0.435514106337504,0.481007226200367,0.750466106602024
"Sorghum",8,5,305,"TSOpt (untargeted)",0.489999999999981,0.429486122255087,0.491077369673994,0.768498092151577
"Sorghum",9,1,40,"TrainSel CDmean (targeted, published)",NA,0.329528377439987,0.359483516927606,0.655169611781411
"Sorghum",9,1,40,"TrainSel CDmean (untargeted, published)",NA,0.305569138707274,0.325198063433972,0.650445124201143
"Sorghum",9,1,40,"Random (published)",NA,0.259484318843012,0.353060580394784,0.626924143115884
"Sorghum",9,1,40,"TSOpt default (targeted)",0.0320000000000107,0.329385552189254,0.282884823045827,0.630846590567301
"Sorghum",9,1,40,"TSOpt (untargeted)",0.0420000000000016,0.305882868005685,0.316675351347496,0.698927475159838
"Sorghum",9,2,75,"TrainSel CDmean (targeted, published)",NA,0.384919223239392,0.385119838676755,0.696207419079693
"Sorghum",9,2,75,"TrainSel CDmean (untargeted, published)",NA,0.34246610456571,0.443775290962785,0.760791397560412
"Sorghum",9,2,75,"Random (published)",NA,0.331569245921898,0.442254864109813,0.689792056958523
"Sorghum",9,2,75,"TSOpt default (targeted)",0.0430000000000064,0.383929432653371,0.413301290572247,0.726275072283467
"Sorghum",9,2,75,"TSOpt (untargeted)",0.0660000000000025,0.364237847504561,0.428195517583898,0.729167764688921
"Sorghum",9,3,150,"TrainSel CDmean (targeted, published)",NA,0.429657417266994,0.458953418198237,0.797728966345436
"Sorghum",9,3,150,"TrainSel CDmean (untargeted, published)",NA,0.375411638078911,0.502870986776549,0.74754310493987
"Sorghum",9,3,150,"Random (published)",NA,0.39049416547086,0.518432759470595,0.787911748134108
"Sorghum",9,3,150,"TSOpt default (targeted)",0.0869999999999891,0.429247366782877,0.467600734305056,0.819779645458456
"Sorghum",9,3,150,"TSOpt (untargeted)",0.142000000000024,0.412053775649232,0.492971902136434,0.806472729988383
"Sorghum",9,4,230,"TrainSel CDmean (targeted, published)",NA,0.449662146336145,0.492933956315502,0.81017347586806
"Sorghum",9,4,230,"TrainSel CDmean (untargeted, published)",NA,0.41196185420076,0.501957400189912,0.759169042536298
"Sorghum",9,4,230,"Random (published)",NA,0.420204447946464,0.508552383905173,0.76808147683685
"Sorghum",9,4,230,"TSOpt default (targeted)",0.174000000000007,0.449450543772831,0.493532394028111,0.786818635892441
"Sorghum",9,4,230,"TSOpt (untargeted)",0.271999999999991,0.433799941317408,0.51958129290058,0.810560078709705
"Sorghum",9,5,305,"TrainSel CDmean (targeted, published)",NA,0.459129914882131,0.514439625950945,0.81504144475084
"Sorghum",9,5,305,"TrainSel CDmean (untargeted, published)",NA,0.437299205768476,0.510688142099996,0.768302692737832
"Sorghum",9,5,305,"Random (published)",NA,0.445267684784973,0.50695322790483,0.791700555768915
"Sorghum",9,5,305,"TSOpt default (targeted)",0.34699999999998,0.458884733948124,0.50836645839484,0.80713747389167
"Sorghum",9,5,305,"TSOpt (untargeted)",0.484000000000009,0.450727516886457,0.543010802823185,0.802947095352603
"Sorghum",10,1,40,"TrainSel CDmean (targeted, published)",NA,0.305622183178532,0.41343522734261,0.804746364276658
"Sorghum",10,1,40,"TrainSel CDmean (untargeted, published)",NA,0.275360262658206,0.349604542683455,0.790705065370987
"Sorghum",10,1,40,"Random (published)",NA,0.22884825631018,0.37595851853962,0.74135282898986
"Sorghum",10,1,40,"TSOpt default (targeted)",0.0250000000000057,0.305001266605431,0.429630669320692,0.790312270728863
"Sorghum",10,1,40,"TSOpt (untargeted)",0.0500000000000114,0.287004917438143,0.408847225123891,0.753488255705655
"Sorghum",10,2,75,"TrainSel CDmean (targeted, published)",NA,0.355157385635411,0.43991760364077,0.803122695091391
"Sorghum",10,2,75,"TrainSel CDmean (untargeted, published)",NA,0.316782549099178,0.348100920791339,0.705038346682146
"Sorghum",10,2,75,"Random (published)",NA,0.297022306975128,0.342316811133971,0.753225760071189
"Sorghum",10,2,75,"TSOpt default (targeted)",0.0339999999999918,0.353650543149126,0.427570391569554,0.794857107396034
"Sorghum",10,2,75,"TSOpt (untargeted)",0.0699999999999932,0.334245871509412,0.414526853703117,0.816486749858643
"Sorghum",10,3,150,"TrainSel CDmean (targeted, published)",NA,0.396016385535358,0.431035813896911,0.802222249362675
"Sorghum",10,3,150,"TrainSel CDmean (untargeted, published)",NA,0.351096310284702,0.445260430227173,0.741999986939817
"Sorghum",10,3,150,"Random (published)",NA,0.35356663991858,0.409521354619932,0.769908561537364
"Sorghum",10,3,150,"TSOpt default (targeted)",0.0749999999999886,0.39530557741533,0.433861231228548,0.806395018963327
"Sorghum",10,3,150,"TSOpt (untargeted)",0.141999999999996,0.37721633610217,0.467942293957581,0.858875154756356
"Sorghum",10,4,230,"TrainSel CDmean (targeted, published)",NA,0.414051480187059,0.453385738328627,0.807780406664315
"Sorghum",10,4,230,"TrainSel CDmean (untargeted, published)",NA,0.387442950022224,0.419937609515136,0.786313374446661
"Sorghum",10,4,230,"Random (published)",NA,0.399784094993393,0.411938564548063,0.775309043285572
"Sorghum",10,4,230,"TSOpt default (targeted)",0.174000000000007,0.413880779668743,0.433412905627321,0.8126710814634
"Sorghum",10,4,230,"TSOpt (untargeted)",0.284999999999997,0.399134358841335,0.490754512082591,0.82659962619923
"Sorghum",10,5,305,"TrainSel CDmean (targeted, published)",NA,0.423024814298367,0.449031121692051,0.825605155283948
"Sorghum",10,5,305,"TrainSel CDmean (untargeted, published)",NA,0.409179197704782,0.398306546996478,0.805843737266405
"Sorghum",10,5,305,"Random (published)",NA,0.407391978788996,0.395594535204859,0.794942058533632
"Sorghum",10,5,305,"TSOpt default (targeted)",0.329999999999984,0.422819203911323,0.451693050599624,0.826905498986757
"Sorghum",10,5,305,"TSOpt (untargeted)",0.463000000000022,0.416007844975195,0.45559712837958,0.805291851893397
"Sorghum",11,1,40,"TrainSel CDmean (targeted, published)",NA,0.333084958122843,0.365399029029991,0.772714955134665
"Sorghum",11,1,40,"TrainSel CDmean (untargeted, published)",NA,0.305892271535206,0.39501703386808,0.81254153611313
"Sorghum",11,1,40,"Random (published)",NA,0.277337540934407,0.33169300300863,0.729253664830153
"Sorghum",11,1,40,"TSOpt default (targeted)",0.0250000000000057,0.332053756712826,0.410652160928272,0.814044447621597
"Sorghum",11,1,40,"TSOpt (untargeted)",0.0459999999999923,0.314839258747623,0.418635024221256,0.792227286196578
"Sorghum",11,2,75,"TrainSel CDmean (targeted, published)",NA,0.38510184415643,0.461136288698926,0.785882418721905
"Sorghum",11,2,75,"TrainSel CDmean (untargeted, published)",NA,0.350929959047242,0.465680232462054,0.823370595487246
"Sorghum",11,2,75,"Random (published)",NA,0.326494664268744,0.440897734530544,0.801507178059621
"Sorghum",11,2,75,"TSOpt default (targeted)",0.032999999999987,0.382887623968882,0.408712475292834,0.775118389466688
"Sorghum",11,2,75,"TSOpt (untargeted)",0.0700000000000216,0.363470856962381,0.455496994934305,0.816731563737252
"Sorghum",11,3,150,"TrainSel CDmean (targeted, published)",NA,0.427249184418518,0.496181854197716,0.763045010824764
"Sorghum",11,3,150,"TrainSel CDmean (untargeted, published)",NA,0.381606777922279,0.48380821372486,0.763286143313105
"Sorghum",11,3,150,"Random (published)",NA,0.389263753996415,0.46341838180259,0.8420142818961
"Sorghum",11,3,150,"TSOpt default (targeted)",0.0769999999999982,0.425669082897966,0.486827335769923,0.788437824139758
"Sorghum",11,3,150,"TSOpt (untargeted)",0.153999999999996,0.410244150689157,0.491919026632931,0.793402901289777
"Sorghum",11,4,230,"TrainSel CDmean (targeted, published)",NA,0.446328154782907,0.493260861575495,0.771816428149686
"Sorghum",11,4,230,"TrainSel CDmean (untargeted, published)",NA,0.416504573943277,0.469149200464219,0.80395362252863
"Sorghum",11,4,230,"Random (published)",NA,0.421917021765791,0.500700624061726,0.771247066615536
"Sorghum",11,4,230,"TSOpt default (targeted)",0.169000000000011,0.444214649436747,0.515855655685527,0.787925627241894
"Sorghum",11,4,230,"TSOpt (untargeted)",0.270999999999987,0.431456021271617,0.514779506366606,0.772536849600741
"Sorghum",11,5,305,"TrainSel CDmean (targeted, published)",NA,0.455488253855086,0.516066526895716,0.768165850609926
"Sorghum",11,5,305,"TrainSel CDmean (untargeted, published)",NA,0.440245563701665,0.518000397793437,0.806433615501898
"Sorghum",11,5,305,"Random (published)",NA,0.441290203309884,0.517690727473869,0.795393765051677
"Sorghum",11,5,305,"TSOpt default (targeted)",0.308999999999997,0.453349047302287,0.514589747373179,0.789859373214378
"Sorghum",11,5,305,"TSOpt (untargeted)",0.495000000000005,0.448588118082632,0.507103852726342,0.792371408200942
"Sorghum",12,1,40,"TrainSel CDmean (targeted, published)",NA,0.316801952331583,0.389626626090185,0.774500424230777
"Sorghum",12,1,40,"TrainSel CDmean (untargeted, published)",NA,0.279858657246907,0.374611940511533,0.733812940053284
"Sorghum",12,1,40,"Random (published)",NA,0.233368707821042,0.268810981468548,0.747522128193912
"Sorghum",12,1,40,"TSOpt default (targeted)",0.0250000000000057,0.31336119721107,0.35008697774632,0.751440575722436
"Sorghum",12,1,40,"TSOpt (untargeted)",0.0420000000000016,0.289367584804531,0.33662768263182,0.78224750287345
"Sorghum",12,2,75,"TrainSel CDmean (targeted, published)",NA,0.366874559356159,0.43178459615433,0.760339627430212
"Sorghum",12,2,75,"TrainSel CDmean (untargeted, published)",NA,0.326009128847339,0.480922031084025,0.835892604536086
"Sorghum",12,2,75,"Random (published)",NA,0.287045516146897,0.373855921471336,0.762833103953362
"Sorghum",12,2,75,"TSOpt default (targeted)",0.0420000000000016,0.365543595387452,0.415801936233333,0.755139945467264
"Sorghum",12,2,75,"TSOpt (untargeted)",0.063999999999993,0.345225276855791,0.437674097760085,0.779750634107636
"Sorghum",12,3,150,"TrainSel CDmean (targeted, published)",NA,0.409792779057118,0.49351456834883,0.782252543172732
"Sorghum",12,3,150,"TrainSel CDmean (untargeted, published)",NA,0.366817089921561,0.405959004155472,0.71950697768548
"Sorghum",12,3,150,"Random (published)",NA,0.362017927528039,0.486157677287244,0.808275487206816
"Sorghum",12,3,150,"TSOpt default (targeted)",0.0790000000000077,0.409423237465132,0.453033440146994,0.766603049214074
"Sorghum",12,3,150,"TSOpt (untargeted)",0.145999999999987,0.394436858943357,0.443561704371577,0.752411219617858
"Sorghum",12,4,230,"TrainSel CDmean (targeted, published)",NA,0.428727419265263,0.491629257763262,0.737945240625615
"Sorghum",12,4,230,"TrainSel CDmean (untargeted, published)",NA,0.397062922173852,0.408149001248286,0.77005575692691
"Sorghum",12,4,230,"Random (published)",NA,0.404283409459768,0.470670534853462,0.767972411658912
"Sorghum",12,4,230,"TSOpt default (targeted)",0.167999999999978,0.427986690750287,0.472539681358427,0.747906424228039
"Sorghum",12,4,230,"TSOpt (untargeted)",0.27000000000001,0.417239893845402,0.491731016751789,0.783105952431573
"Sorghum",12,5,305,"TrainSel CDmean (targeted, published)",NA,0.437865770033657,0.48710491466462,0.768373161169226
"Sorghum",12,5,305,"TrainSel CDmean (untargeted, published)",NA,0.421799958335369,0.485798591868371,0.794462101763996
"Sorghum",12,5,305,"Random (published)",NA,0.42503022185964,0.483842932345098,0.797996010685274
"Sorghum",12,5,305,"TSOpt default (targeted)",0.317000000000007,0.436799090459714,0.500995514347754,0.771222492286196
"Sorghum",12,5,305,"TSOpt (untargeted)",0.460000000000008,0.432768636522524,0.478789565828674,0.776016528594541
"Sorghum",13,1,40,"TrainSel CDmean (targeted, published)",NA,0.326236344520696,0.434232674048153,0.789060102474054
"Sorghum",13,1,40,"TrainSel CDmean (untargeted, published)",NA,0.289452442658413,0.285595853201153,0.72278541582731
"Sorghum",13,1,40,"Random (published)",NA,0.242367190215133,0.291137496600699,0.719649820441728
"Sorghum",13,1,40,"TSOpt default (targeted)",0.025999999999982,0.325120702339457,0.40177762091114,0.753549845163001
"Sorghum",13,1,40,"TSOpt (untargeted)",0.0430000000000064,0.302610395392061,0.304797822750049,0.711958699345247
"Sorghum",13,2,75,"TrainSel CDmean (targeted, published)",NA,0.381686026957774,0.44479799294915,0.742199597315836
"Sorghum",13,2,75,"TrainSel CDmean (untargeted, published)",NA,0.335237563016546,0.389109166762685,0.752397641450782
"Sorghum",13,2,75,"Random (published)",NA,0.304936633250703,0.28871072232691,0.706762208203469
"Sorghum",13,2,75,"TSOpt default (targeted)",0.0320000000000107,0.38159991094712,0.436836688016279,0.739351084575749
"Sorghum",13,2,75,"TSOpt (untargeted)",0.0720000000000027,0.360329711176468,0.428679927041186,0.727960988985484
"Sorghum",13,3,150,"TrainSel CDmean (targeted, published)",NA,0.425880683432074,0.464650873390075,0.743663078738501
"Sorghum",13,3,150,"TrainSel CDmean (untargeted, published)",NA,0.371954203002134,0.33198943028593,0.673390219530786
"Sorghum",13,3,150,"Random (published)",NA,0.374086890205731,0.392337094557394,0.678162150331308
"Sorghum",13,3,150,"TSOpt default (targeted)",0.075000000000017,0.424504504813781,0.451997366989545,0.741938249230572
"Sorghum",13,3,150,"TSOpt (untargeted)",0.139999999999986,0.407846383958956,0.464626000234606,0.770718922763971
"Sorghum",13,4,230,"TrainSel CDmean (targeted, published)",NA,0.44412421714216,0.443049184695325,0.746010334532794
"Sorghum",13,4,230,"TrainSel CDmean (untargeted, published)",NA,0.410122558763435,0.364296197584447,0.662394442456179
"Sorghum",13,4,230,"Random (published)",NA,0.416471555236595,0.423986099616329,0.779415165495733
"Sorghum",13,4,230,"TSOpt default (targeted)",0.167000000000002,0.44360467070148,0.445150095450795,0.758903109213878
"Sorghum",13,4,230,"TSOpt (untargeted)",0.289999999999992,0.43031025110356,0.449856577352193,0.76630521861766
"Sorghum",13,5,305,"TrainSel CDmean (targeted, published)",NA,0.452889086078934,0.444686010452715,0.756963853134765
"Sorghum",13,5,305,"TrainSel CDmean (untargeted, published)",NA,0.437527057683076,0.424685430025059,0.744079017470339
"Sorghum",13,5,305,"Random (published)",NA,0.437785580711443,0.445254641778768,0.759012878939201
"Sorghum",13,5,305,"TSOpt default (targeted)",0.317000000000007,0.452409663686338,0.449687745229334,0.753700265998499
"Sorghum",13,5,305,"TSOpt (untargeted)",0.445999999999998,0.446980768637822,0.447682512077413,0.75311857751959
"Sorghum",14,1,40,"TrainSel CDmean (targeted, published)",NA,0.311192545496237,0.519503608742413,0.795744526862578
"Sorghum",14,1,40,"TrainSel CDmean (untargeted, published)",NA,0.272368225425109,0.447598310732072,0.743726246380004
"Sorghum",14,1,40,"Random (published)",NA,0.2468738710448,0.427838593626194,0.702195333576515
"Sorghum",14,1,40,"TSOpt default (targeted)",0.0240000000000009,0.31150655674971,0.462889370064374,0.76716313457449
"Sorghum",14,1,40,"TSOpt (untargeted)",0.0449999999999875,0.293789122515518,0.497190323288987,0.802725831121237
"Sorghum",14,2,75,"TrainSel CDmean (targeted, published)",NA,0.366904201610011,0.522748867555345,0.812209291755451
"Sorghum",14,2,75,"TrainSel CDmean (untargeted, published)",NA,0.322860979625078,0.462860266078295,0.746414537535744
"Sorghum",14,2,75,"Random (published)",NA,0.298972395810971,0.474062313442989,0.773726446927726
"Sorghum",14,2,75,"TSOpt default (targeted)",0.0430000000000064,0.366816957206995,0.526037222990339,0.80650487146533
"Sorghum",14,2,75,"TSOpt (untargeted)",0.063999999999993,0.345820061049227,0.499955458000624,0.782656877362309
"Sorghum",14,3,150,"TrainSel CDmean (targeted, published)",NA,0.411105268801224,0.563333948404504,0.80355391823588
"Sorghum",14,3,150,"TrainSel CDmean (untargeted, published)",NA,0.359855977323583,0.446347229938909,0.735206050102534
"Sorghum",14,3,150,"Random (published)",NA,0.364214526718651,0.501538643917607,0.757747850773819
"Sorghum",14,3,150,"TSOpt default (targeted)",0.078000000000003,0.41063551058483,0.561385109602726,0.801194670348733
"Sorghum",14,3,150,"TSOpt (untargeted)",0.144999999999982,0.392112800305375,0.549394881097693,0.768466777556201
"Sorghum",14,4,230,"TrainSel CDmean (targeted, published)",NA,0.43069485724447,0.549429913298207,0.80277157650748
"Sorghum",14,4,230,"TrainSel CDmean (untargeted, published)",NA,0.400522665937363,0.500385086510976,0.782328325775247
"Sorghum",14,4,230,"Random (published)",NA,0.40374103166006,0.572656598016647,0.817515621105357
"Sorghum",14,4,230,"TSOpt default (targeted)",0.162000000000006,0.430629189792956,0.552375645982307,0.80219815292626
"Sorghum",14,4,230,"TSOpt (untargeted)",0.268000000000001,0.414395982264464,0.516429314918022,0.779524790071418
"Sorghum",14,5,305,"TrainSel CDmean (targeted, published)",NA,0.439407752543242,0.554695596401521,0.796688634334669
"Sorghum",14,5,305,"TrainSel CDmean (untargeted, published)",NA,0.42518405918146,0.514636172614267,0.749905073779876
"Sorghum",14,5,305,"Random (published)",NA,0.426052674801374,0.53398645480944,0.811748693570603
"Sorghum",14,5,305,"TSOpt default (targeted)",0.315000000000026,0.439415683409821,0.548612595537883,0.79485509634222
"Sorghum",14,5,305,"TSOpt (untargeted)",0.456999999999994,0.43218783995888,0.542202214991201,0.777837916240921
"Sorghum",15,1,40,"TrainSel CDmean (targeted, published)",NA,0.310351320379927,0.421633072898556,0.773196591232793
"Sorghum",15,1,40,"TrainSel CDmean (untargeted, published)",NA,0.273593856122954,0.396325393112559,0.733812168538732
"Sorghum",15,1,40,"Random (published)",NA,0.208948107876071,0.248580014618004,0.611716444334544
"Sorghum",15,1,40,"TSOpt default (targeted)",0.0250000000000057,0.311058827568743,0.45650847938007,0.748397897664156
"Sorghum",15,1,40,"TSOpt (untargeted)",0.0519999999999925,0.285744857828823,0.456718916707789,0.777225153453098
"Sorghum",15,2,75,"TrainSel CDmean (targeted, published)",NA,0.363799449343616,0.492261161098618,0.77601031735007
"Sorghum",15,2,75,"TrainSel CDmean (untargeted, published)",NA,0.320985514853153,0.447826960111369,0.744215513906848
"Sorghum",15,2,75,"Random (published)",NA,0.286833196253271,0.453109043987213,0.775517279460535
"Sorghum",15,2,75,"TSOpt default (targeted)",0.0340000000000202,0.36140960294232,0.485841336059335,0.7322378262197
"Sorghum",15,2,75,"TSOpt (untargeted)",0.0759999999999934,0.339549763185468,0.501484113094465,0.777370685417956
"Sorghum",15,3,150,"TrainSel CDmean (targeted, published)",NA,0.40589965881689,0.509548608741285,0.76142234616668
"Sorghum",15,3,150,"TrainSel CDmean (untargeted, published)",NA,0.351243400898727,0.402219965151243,0.702575078811255
"Sorghum",15,3,150,"Random (published)",NA,0.350711165076599,0.453932759822275,0.757711219874362
"Sorghum",15,3,150,"TSOpt default (targeted)",0.0800000000000125,0.4042436731841,0.510781622939962,0.771497285780726
"Sorghum",15,3,150,"TSOpt (untargeted)",0.140999999999991,0.385696851836255,0.533177038827364,0.791041305426903
"Sorghum",15,4,230,"TrainSel CDmean (targeted, published)",NA,0.423852757005373,0.531335924378202,0.768664207592058
"Sorghum",15,4,230,"TrainSel CDmean (untargeted, published)",NA,0.390653185208194,0.462181874389906,0.735665631372804
"Sorghum",15,4,230,"Random (published)",NA,0.383033735880263,0.440018850192106,0.681155442628024
"Sorghum",15,4,230,"TSOpt default (targeted)",0.169999999999987,0.422834304179173,0.537769782013545,0.760217616932057
"Sorghum",15,4,230,"TSOpt (untargeted)",0.268000000000001,0.409009518911489,0.536290701913516,0.78075450058145
"Sorghum",15,5,305,"TrainSel CDmean (targeted, published)",NA,0.431647055541393,0.531981171338601,0.765018040832652
"Sorghum",15,5,305,"TrainSel CDmean (untargeted, published)",NA,0.41945670101786,0.54131970917624,0.769239135771859
"Sorghum",15,5,305,"Random (published)",NA,0.420467355053627,0.540177376550638,0.764569836391332
"Sorghum",15,5,305,"TSOpt default (targeted)",0.339999999999975,0.431554242946406,0.536358230023555,0.774141871265653
"Sorghum",15,5,305,"TSOpt (untargeted)",0.463999999999999,0.424702896129995,0.533822323662211,0.778731980091898
"Sorghum",16,1,40,"TrainSel CDmean (targeted, published)",NA,0.338330396444357,0.564209496698562,0.766704333914067
"Sorghum",16,1,40,"TrainSel CDmean (untargeted, published)",NA,0.300369237292662,0.523924485498207,0.798285475401393
"Sorghum",16,1,40,"Random (published)",NA,0.229717647242431,0.411515562671596,0.850591494325933
"Sorghum",16,1,40,"TSOpt default (targeted)",0.0250000000000057,0.338138845921852,0.580850611062493,0.77391848795974
"Sorghum",16,1,40,"TSOpt (untargeted)",0.0490000000000066,0.310970602085544,0.519455722783629,0.805233799780507
"Sorghum",16,2,75,"TrainSel CDmean (targeted, published)",NA,0.392727639912714,0.612996621320888,0.801419666064827
"Sorghum",16,2,75,"TrainSel CDmean (untargeted, published)",NA,0.343454834270338,0.565031647323486,0.856610232715959
"Sorghum",16,2,75,"Random (published)",NA,0.316082143622413,0.52175364204316,0.767326347932592
"Sorghum",16,2,75,"TSOpt default (targeted)",0.0339999999999918,0.392100022858156,0.632264717643261,0.811132003481655
"Sorghum",16,2,75,"TSOpt (untargeted)",0.0699999999999932,0.370693029764155,0.58470259444276,0.799210070142069
"Sorghum",16,3,150,"TrainSel CDmean (targeted, published)",NA,0.435807291712062,0.662813740792086,0.842376260903982
"Sorghum",16,3,150,"TrainSel CDmean (untargeted, published)",NA,0.380031902254789,0.603255226495848,0.881057097092667
"Sorghum",16,3,150,"Random (published)",NA,0.380895029588852,0.52713080311232,0.830912673982551
"Sorghum",16,3,150,"TSOpt default (targeted)",0.078000000000003,0.435572945197521,0.651357988336116,0.81867912727057
"Sorghum",16,3,150,"TSOpt (untargeted)",0.141999999999996,0.415126146699923,0.640196735295642,0.777007783024399
"Sorghum",16,4,230,"TrainSel CDmean (targeted, published)",NA,0.453665453921013,0.673558947862256,0.869960944186206
"Sorghum",16,4,230,"TrainSel CDmean (untargeted, published)",NA,0.416432922108606,0.63509130423515,0.872222458650408
"Sorghum",16,4,230,"Random (published)",NA,0.420619050084889,0.544943272453138,0.869416643166495
"Sorghum",16,4,230,"TSOpt default (targeted)",0.225999999999999,0.453607305801565,0.666368552735679,0.844166115322896
"Sorghum",16,4,230,"TSOpt (untargeted)",0.283999999999992,0.43770310883818,0.653608304285454,0.803881239802805
"Sorghum",16,5,305,"TrainSel CDmean (targeted, published)",NA,0.462275533565327,0.672355297722896,0.859507675788369
"Sorghum",16,5,305,"TrainSel CDmean (untargeted, published)",NA,0.440794362846345,0.636213583576112,0.853678482199536
"Sorghum",16,5,305,"Random (published)",NA,0.44395491258269,0.658788398765553,0.830973533558237
"Sorghum",16,5,305,"TSOpt default (targeted)",0.36699999999999,0.461906949216186,0.674428606340478,0.867352264106405
"Sorghum",16,5,305,"TSOpt (untargeted)",0.474000000000018,0.454270796701423,0.658525822694615,0.853757286559085
"Sorghum",17,1,40,"TrainSel CDmean (targeted, published)",NA,0.337316006967068,0.247022736754008,0.701676937174573
"Sorghum",17,1,40,"TrainSel CDmean (untargeted, published)",NA,0.306675703157692,0.243414542994404,0.633428811618504
"Sorghum",17,1,40,"Random (published)",NA,0.240343929126019,0.220232852317531,0.614958910815168
"Sorghum",17,1,40,"TSOpt default (targeted)",0.0260000000000105,0.335460464412783,0.279510544345661,0.680668619510609
"Sorghum",17,1,40,"TSOpt (untargeted)",0.0490000000000066,0.311766709283446,0.244271367563805,0.622296386412452
"Sorghum",17,2,75,"TrainSel CDmean (targeted, published)",NA,0.387427670820539,0.292059578172177,0.652066562160709
"Sorghum",17,2,75,"TrainSel CDmean (untargeted, published)",NA,0.346490602233634,0.314994457616641,0.676373093259608
"Sorghum",17,2,75,"Random (published)",NA,0.315174704157368,0.283196204904357,0.622416425495838
"Sorghum",17,2,75,"TSOpt default (targeted)",0.0339999999999918,0.385796682593637,0.317791021094622,0.672409918936454
"Sorghum",17,2,75,"TSOpt (untargeted)",0.0730000000000075,0.362545301425334,0.24973354686702,0.649136341588109
"Sorghum",17,3,150,"TrainSel CDmean (targeted, published)",NA,0.430186614781527,0.335644275676206,0.648734094072304
"Sorghum",17,3,150,"TrainSel CDmean (untargeted, published)",NA,0.3794486103886,0.266472597696716,0.652395321617114
"Sorghum",17,3,150,"Random (published)",NA,0.386559303781977,0.303888321733555,0.610556853225291
"Sorghum",17,3,150,"TSOpt default (targeted)",0.078000000000003,0.428733695363265,0.334673767387472,0.632065179687795
"Sorghum",17,3,150,"TSOpt (untargeted)",0.141999999999996,0.409522846462541,0.378755945273821,0.647350503798337
"Sorghum",17,4,230,"TrainSel CDmean (targeted, published)",NA,0.448415186387775,0.371243056171322,0.629041485915747
"Sorghum",17,4,230,"TrainSel CDmean (untargeted, published)",NA,0.412356003962166,0.378121256396072,0.710962000143186
"Sorghum",17,4,230,"Random (published)",NA,0.425563097549089,0.394510336428077,0.652459705745296
"Sorghum",17,4,230,"TSOpt default (targeted)",0.174000000000007,0.447631697913684,0.370513303224361,0.638416267809947
"Sorghum",17,4,230,"TSOpt (untargeted)",0.271000000000015,0.43356931290552,0.388551495372302,0.68028082891879
"Sorghum",17,5,305,"TrainSel CDmean (targeted, published)",NA,0.457542468595923,0.37726632436995,0.654843880675039
"Sorghum",17,5,305,"TrainSel CDmean (untargeted, published)",NA,0.436283669881588,0.385034265842859,0.681433934618532
"Sorghum",17,5,305,"Random (published)",NA,0.446103196471888,0.36947602224504,0.667737288134023
"Sorghum",17,5,305,"TSOpt default (targeted)",0.316000000000003,0.457161476975216,0.375136601369683,0.644374006433671
"Sorghum",17,5,305,"TSOpt (untargeted)",0.455999999999989,0.449905143035089,0.371274381837957,0.645933195005399
"Sorghum",18,1,40,"TrainSel CDmean (targeted, published)",NA,0.318220587676229,0.432334544651261,0.754626245174714
"Sorghum",18,1,40,"TrainSel CDmean (untargeted, published)",NA,0.28422837502608,0.356062163185604,0.754714172906933
"Sorghum",18,1,40,"Random (published)",NA,0.227901672137439,0.345830340974518,0.746256297915008
"Sorghum",18,1,40,"TSOpt default (targeted)",0.0250000000000057,0.317078654955468,0.450235754946575,0.742839479478324
"Sorghum",18,1,40,"TSOpt (untargeted)",0.046999999999997,0.302936430662005,0.444740835127298,0.774556674699614
"Sorghum",18,2,75,"TrainSel CDmean (targeted, published)",NA,0.372039914050308,0.499717611353326,0.76171537603977
"Sorghum",18,2,75,"TrainSel CDmean (untargeted, published)",NA,0.330156245988819,0.398859403619989,0.80392949372235
"Sorghum",18,2,75,"Random (published)",NA,0.312058507419453,0.391653564181153,0.710156683904577
"Sorghum",18,2,75,"TSOpt default (targeted)",0.0339999999999918,0.37141015789377,0.486899825055608,0.773788400813236
"Sorghum",18,2,75,"TSOpt (untargeted)",0.068000000000012,0.35450431837807,0.496477480646453,0.768486971995753
"Sorghum",18,3,150,"TrainSel CDmean (targeted, published)",NA,0.415954798100805,0.540710194272634,0.770289136642133
"Sorghum",18,3,150,"TrainSel CDmean (untargeted, published)",NA,0.366001737834122,0.523232702613712,0.83766284842509
"Sorghum",18,3,150,"Random (published)",NA,0.364953031863597,0.502553412643652,0.774707123211208
"Sorghum",18,3,150,"TSOpt default (targeted)",0.0870000000000175,0.415849964737471,0.538900801321294,0.766697768736958
"Sorghum",18,3,150,"TSOpt (untargeted)",0.143000000000001,0.397929565575453,0.541462049520117,0.764032914087125
"Sorghum",18,4,230,"TrainSel CDmean (targeted, published)",NA,0.435582777287837,0.57212866572499,0.758270304468847
"Sorghum",18,4,230,"TrainSel CDmean (untargeted, published)",NA,0.403611553105429,0.538097010764482,0.815801315627321
"Sorghum",18,4,230,"Random (published)",NA,0.401822301689714,0.541995569343112,0.75622323727457
"Sorghum",18,4,230,"TSOpt default (targeted)",0.179000000000002,0.435163646233614,0.57364345421796,0.761040260957561
"Sorghum",18,4,230,"TSOpt (untargeted)",0.275999999999982,0.420636462833019,0.555240018215817,0.806889385791102
"Sorghum",18,5,305,"TrainSel CDmean (targeted, published)",NA,0.444751240040307,0.582325736707632,0.760490424212396
"Sorghum",18,5,305,"TrainSel CDmean (untargeted, published)",NA,0.427535337436892,0.57022612418313,0.807112875833809
"Sorghum",18,5,305,"Random (published)",NA,0.436520486689276,0.570845063929742,0.749391668313477
"Sorghum",18,5,305,"TSOpt default (targeted)",0.312000000000012,0.444066402608634,0.593995454382594,0.754029740282458
"Sorghum",18,5,305,"TSOpt (untargeted)",0.466000000000008,0.437892050012139,0.566426126564521,0.764248175454936
"Sorghum",19,1,40,"TrainSel CDmean (targeted, published)",NA,0.339808642418406,0.469805512412236,0.846439043640464
"Sorghum",19,1,40,"TrainSel CDmean (untargeted, published)",NA,0.303007682478411,0.386460560358976,0.765418989598199
"Sorghum",19,1,40,"Random (published)",NA,0.247217056287986,0.331867559207371,0.765717855544805
"Sorghum",19,1,40,"TSOpt default (targeted)",0.0250000000000057,0.33880840457592,0.457705288159658,0.859976304264809
"Sorghum",19,1,40,"TSOpt (untargeted)",0.0429999999999779,0.319388206053819,0.401306593291935,0.831858232134515
"Sorghum",19,2,75,"TrainSel CDmean (targeted, published)",NA,0.389351548090559,0.556399002817441,0.848469517968768
"Sorghum",19,2,75,"TrainSel CDmean (untargeted, published)",NA,0.344541804118219,0.498695604128102,0.799573363673829
"Sorghum",19,2,75,"Random (published)",NA,0.327101491824974,0.404355797060375,0.773416264209757
"Sorghum",19,2,75,"TSOpt default (targeted)",0.0420000000000016,0.388787967583637,0.543166998452143,0.843963996409024
"Sorghum",19,2,75,"TSOpt (untargeted)",0.0640000000000214,0.365388891932818,0.464283212709312,0.862743082329106
"Sorghum",19,3,150,"TrainSel CDmean (targeted, published)",NA,0.429307477554684,0.538721510637774,0.847693847549831
"Sorghum",19,3,150,"TrainSel CDmean (untargeted, published)",NA,0.375277274109793,0.438787508771043,0.800933442128557
"Sorghum",19,3,150,"Random (published)",NA,0.38612496238782,0.405828310522658,0.671002324196901
"Sorghum",19,3,150,"TSOpt default (targeted)",0.078000000000003,0.428458561256684,0.534133821675335,0.83938767522686
"Sorghum",19,3,150,"TSOpt (untargeted)",0.145999999999987,0.410425515726994,0.511794554048706,0.867309250570587
"Sorghum",19,4,230,"TrainSel CDmean (targeted, published)",NA,0.44588975322482,0.555587331436951,0.853367152003992
"Sorghum",19,4,230,"TrainSel CDmean (untargeted, published)",NA,0.408165018734142,0.499088940047785,0.733170564333204
"Sorghum",19,4,230,"Random (published)",NA,0.427411815949485,0.536512353807882,0.812492329146524
"Sorghum",19,4,230,"TSOpt default (targeted)",0.163999999999987,0.445521200026744,0.566977676555363,0.86520725389914
"Sorghum",19,4,230,"TSOpt (untargeted)",0.265999999999991,0.42965348211795,0.540456278758671,0.835652291907828
"Sorghum",19,5,305,"TrainSel CDmean (targeted, published)",NA,0.454362795903351,0.554782027720254,0.824293601111058
"Sorghum",19,5,305,"TrainSel CDmean (untargeted, published)",NA,0.436132085216567,0.510895544582801,0.826667012909266
"Sorghum",19,5,305,"Random (published)",NA,0.444671896134252,0.547797880405507,0.811745559549271
"Sorghum",19,5,305,"TSOpt default (targeted)",0.317999999999984,0.454216376561686,0.561055474302109,0.862179024652409
"Sorghum",19,5,305,"TSOpt (untargeted)",0.451999999999998,0.447078721263508,0.578576694471652,0.863820646853671
"Sorghum",20,1,40,"TrainSel CDmean (targeted, published)",NA,0.334279987932091,0.473423223453121,0.749952137841616
"Sorghum",20,1,40,"TrainSel CDmean (untargeted, published)",NA,0.286837829956663,0.370995355432463,0.696274622497449
"Sorghum",20,1,40,"Random (published)",NA,0.211702465032575,0.242042404035682,0.733731126121598
"Sorghum",20,1,40,"TSOpt default (targeted)",0.032999999999987,0.334358638584494,0.464258034201923,0.729101246577784
"Sorghum",20,1,40,"TSOpt (untargeted)",0.0430000000000064,0.314688436235602,0.423446950669314,0.765610707814965
"Sorghum",20,2,75,"TrainSel CDmean (targeted, published)",NA,0.384066335817198,0.493162762438079,0.72640450778153
"Sorghum",20,2,75,"TrainSel CDmean (untargeted, published)",NA,0.334956991195667,0.359379178798287,0.722978225972027
"Sorghum",20,2,75,"Random (published)",NA,0.31895707634935,0.406656699313651,0.71141694074879
"Sorghum",20,2,75,"TSOpt default (targeted)",0.0420000000000016,0.384337902578279,0.496989263727116,0.718149472565131
"Sorghum",20,2,75,"TSOpt (untargeted)",0.0660000000000025,0.358241640170143,0.472992566252903,0.727632918427518
"Sorghum",20,3,150,"TrainSel CDmean (targeted, published)",NA,0.42598472777264,0.505280912867251,0.7522234555684
"Sorghum",20,3,150,"TrainSel CDmean (untargeted, published)",NA,0.37078731796677,0.423211865119713,0.755202911444246
"Sorghum",20,3,150,"Random (published)",NA,0.377166496104704,0.4782371780982,0.775504528736022
"Sorghum",20,3,150,"TSOpt default (targeted)",0.085000000000008,0.425855757885427,0.51381137285782,0.717994696637503
"Sorghum",20,3,150,"TSOpt (untargeted)",0.140999999999991,0.401810732097045,0.471359482789189,0.737489600353288
"Sorghum",20,4,230,"TrainSel CDmean (targeted, published)",NA,0.442583512982338,0.516254026632429,0.747993645710339
"Sorghum",20,4,230,"TrainSel CDmean (untargeted, published)",NA,0.406893773470021,0.467612211440723,0.764596607822171
"Sorghum",20,4,230,"Random (published)",NA,0.425066301813483,0.523210462019609,0.755651148419858
"Sorghum",20,4,230,"TSOpt default (targeted)",0.168000000000006,0.442332607738798,0.52472557296556,0.7485824122504
"Sorghum",20,4,230,"TSOpt (untargeted)",0.282999999999987,0.423785921055577,0.48005793479266,0.726850952697372
"Sorghum",20,5,305,"TrainSel CDmean (targeted, published)",NA,0.450676387091214,0.528760262233836,0.753647647802464
"Sorghum",20,5,305,"TrainSel CDmean (untargeted, published)",NA,0.434470464006083,0.531983234891616,0.763933580976095
"Sorghum",20,5,305,"Random (published)",NA,0.440211783803391,0.512820119746316,0.742418479398022
"Sorghum",20,5,305,"TSOpt default (targeted)",0.317000000000007,0.450581581706394,0.526422580500705,0.752741616580485
"Sorghum",20,5,305,"TSOpt (untargeted)",0.447999999999979,0.440968063333793,0.497995896817243,0.733554576562461
"Sorghum",21,1,40,"TrainSel CDmean (targeted, published)",NA,0.315314114848877,0.479310255567972,0.829785474555959
"Sorghum",21,1,40,"TrainSel CDmean (untargeted, published)",NA,0.293688835287144,0.429646785675028,0.83226298357172
"Sorghum",21,1,40,"Random (published)",NA,0.24531776145384,0.487246136908689,0.773046938801309
"Sorghum",21,1,40,"TSOpt default (targeted)",0.0240000000000009,0.313260125360813,0.475340246199205,0.832748292134735
"Sorghum",21,1,40,"TSOpt (untargeted)",0.046999999999997,0.295059943422736,0.41376646444917,0.816520704541729
"Sorghum",21,2,75,"TrainSel CDmean (targeted, published)",NA,0.370655142359128,0.462885046018008,0.796923156758477
"Sorghum",21,2,75,"TrainSel CDmean (untargeted, published)",NA,0.331678329671018,0.38111828319819,0.791992276903462
"Sorghum",21,2,75,"Random (published)",NA,0.305613777152019,0.480944009212928,0.767913955550013
"Sorghum",21,2,75,"TSOpt default (targeted)",0.0339999999999918,0.369559671589721,0.481971690196561,0.795041027087957
"Sorghum",21,2,75,"TSOpt (untargeted)",0.0670000000000073,0.350946534885312,0.47985800090922,0.849416807095589
"Sorghum",21,3,150,"TrainSel CDmean (targeted, published)",NA,0.41640432867123,0.491110613477803,0.826636427427401
"Sorghum",21,3,150,"TrainSel CDmean (untargeted, published)",NA,0.372511990130704,0.530641782341697,0.807329043166975
"Sorghum",21,3,150,"Random (published)",NA,0.369081973611315,0.408732276510215,0.753609726715267
"Sorghum",21,3,150,"TSOpt default (targeted)",0.0759999999999934,0.415567689842803,0.464190976344046,0.796356641362284
"Sorghum",21,3,150,"TSOpt (untargeted)",0.175000000000011,0.396337757849307,0.482274510641526,0.843784699760142
"Sorghum",21,4,230,"TrainSel CDmean (targeted, published)",NA,0.436403769265236,0.496305937077109,0.861196239594003
"Sorghum",21,4,230,"TrainSel CDmean (untargeted, published)",NA,0.404890692441083,0.480998190417722,0.78748274070548
"Sorghum",21,4,230,"Random (published)",NA,0.407999359786938,0.454217753529672,0.825286798874146
"Sorghum",21,4,230,"TSOpt default (targeted)",0.173000000000002,0.435667754984492,0.50004616862271,0.859837499654651
"Sorghum",21,4,230,"TSOpt (untargeted)",0.274000000000001,0.419979155536034,0.494312138974823,0.811294617769557
"Sorghum",21,5,305,"TrainSel CDmean (targeted, published)",NA,0.446062407822218,0.480211352766803,0.855088391372101
"Sorghum",21,5,305,"TrainSel CDmean (untargeted, published)",NA,0.429763075108548,0.44186520509011,0.854867010329272
"Sorghum",21,5,305,"Random (published)",NA,0.429942544881383,0.468713870562074,0.788271408598367
"Sorghum",21,5,305,"TSOpt default (targeted)",0.308999999999997,0.445456831986519,0.490938953439763,0.859792935425835
"Sorghum",21,5,305,"TSOpt (untargeted)",0.459000000000003,0.438310638038937,0.487765265367783,0.823424194742479
"Sorghum",22,1,40,"TrainSel CDmean (targeted, published)",NA,0.324671408350958,0.491503935780858,0.794193888636469
"Sorghum",22,1,40,"TrainSel CDmean (untargeted, published)",NA,0.292662193539614,0.447399474457103,0.747714343170734
"Sorghum",22,1,40,"Random (published)",NA,0.264811397114799,0.429015308750103,0.853951031512405
"Sorghum",22,1,40,"TSOpt default (targeted)",0.0360000000000014,0.324960494867103,0.473380898537303,0.780178143542883
"Sorghum",22,1,40,"TSOpt (untargeted)",0.0430000000000064,0.300470150839881,0.451224390918531,0.752845844548811
"Sorghum",22,2,75,"TrainSel CDmean (targeted, published)",NA,0.379750180258544,0.528990321653728,0.81818047001642
"Sorghum",22,2,75,"TrainSel CDmean (untargeted, published)",NA,0.333533238670386,0.494379892349762,0.774971385006248
"Sorghum",22,2,75,"Random (published)",NA,0.299832107958294,0.486770199170247,0.810260488410909
"Sorghum",22,2,75,"TSOpt default (targeted)",0.0360000000000014,0.37917104064516,0.514841178161803,0.796383069975795
"Sorghum",22,2,75,"TSOpt (untargeted)",0.0740000000000123,0.353374899417108,0.510745426115856,0.836810554601941
"Sorghum",22,3,150,"TrainSel CDmean (targeted, published)",NA,0.4240218826574,0.542490766528504,0.823184446942778
"Sorghum",22,3,150,"TrainSel CDmean (untargeted, published)",NA,0.371710648518603,0.540255870611196,0.817046141277121
"Sorghum",22,3,150,"Random (published)",NA,0.36652390548482,0.508685754114169,0.83732844617367
"Sorghum",22,3,150,"TSOpt default (targeted)",0.0800000000000125,0.423531586695316,0.551656089616426,0.830086742945827
"Sorghum",22,3,150,"TSOpt (untargeted)",0.141999999999996,0.404681054313708,0.555020372968427,0.824010172528961
"Sorghum",22,4,230,"TrainSel CDmean (targeted, published)",NA,0.442452015578889,0.569417897864044,0.83473018239485
"Sorghum",22,4,230,"TrainSel CDmean (untargeted, published)",NA,0.409874961545921,0.553050076505719,0.81814276009703
"Sorghum",22,4,230,"Random (published)",NA,0.41299324746675,0.555458494324229,0.859092782279792
"Sorghum",22,4,230,"TSOpt default (targeted)",0.173000000000002,0.441824752176805,0.564486174619391,0.830437598930461
"Sorghum",22,4,230,"TSOpt (untargeted)",0.268000000000001,0.426448238771778,0.550696053977451,0.835994814276654
"Sorghum",22,5,305,"TrainSel CDmean (targeted, published)",NA,0.451056287390244,0.56447183592472,0.847424579752303
"Sorghum",22,5,305,"TrainSel CDmean (untargeted, published)",NA,0.433355174934412,0.548668610233091,0.852609756332655
"Sorghum",22,5,305,"Random (published)",NA,0.438100832380333,0.567085996824723,0.841560142116577
"Sorghum",22,5,305,"TSOpt default (targeted)",0.317999999999984,0.450633503450667,0.565143872972102,0.846411882419108
"Sorghum",22,5,305,"TSOpt (untargeted)",0.461000000000013,0.444889033461759,0.550811166115417,0.848123497557936
"Sorghum",23,1,40,"TrainSel CDmean (targeted, published)",NA,0.32053770387258,0.51849694210763,0.81937060889949
"Sorghum",23,1,40,"TrainSel CDmean (untargeted, published)",NA,0.282360904002043,0.436785889505055,0.77997191347487
"Sorghum",23,1,40,"Random (published)",NA,0.2314034384334,0.417753378409429,0.676744215933923
"Sorghum",23,1,40,"TSOpt default (targeted)",0.0240000000000009,0.319060057297838,0.473553946047329,0.788446489350361
"Sorghum",23,1,40,"TSOpt (untargeted)",0.0490000000000066,0.302430302678159,0.462016354025508,0.787009233849875
"Sorghum",23,2,75,"TrainSel CDmean (targeted, published)",NA,0.36997034523026,0.524224926420859,0.77887754335674
"Sorghum",23,2,75,"TrainSel CDmean (untargeted, published)",NA,0.323049915708152,0.410257670679145,0.715807497576649
"Sorghum",23,2,75,"Random (published)",NA,0.302590023250812,0.432109573146751,0.758373088400683
"Sorghum",23,2,75,"TSOpt default (targeted)",0.0330000000000155,0.368548449843693,0.51280189792248,0.829215118210059
"Sorghum",23,2,75,"TSOpt (untargeted)",0.0689999999999884,0.350847660087939,0.51751496423068,0.788213465047066
"Sorghum",23,3,150,"TrainSel CDmean (targeted, published)",NA,0.410392020679978,0.517833330018252,0.761985519125131
"Sorghum",23,3,150,"TrainSel CDmean (untargeted, published)",NA,0.362770648896357,0.474173517254923,0.778999452461549
"Sorghum",23,3,150,"Random (published)",NA,0.365849731914211,0.480369448329421,0.775609813294057
"Sorghum",23,3,150,"TSOpt default (targeted)",0.0790000000000077,0.409171216247363,0.516905879803572,0.75450484865694
"Sorghum",23,3,150,"TSOpt (untargeted)",0.143000000000001,0.392116678703273,0.53201911073306,0.78500767637018
"Sorghum",23,4,230,"TrainSel CDmean (targeted, published)",NA,0.427788195888081,0.543154496579778,0.813171930895606
"Sorghum",23,4,230,"TrainSel CDmean (untargeted, published)",NA,0.39810373502352,0.524371756107035,0.791199405106422
"Sorghum",23,4,230,"Random (published)",NA,0.398262816119775,0.512113857123908,0.760120514347588
"Sorghum",23,4,230,"TSOpt default (targeted)",0.169000000000011,0.426678616832232,0.537049159533034,0.789243729688242
"Sorghum",23,4,230,"TSOpt (untargeted)",0.272999999999996,0.411101756199385,0.546710671930565,0.809973815472795
"Sorghum",23,5,305,"TrainSel CDmean (targeted, published)",NA,0.436241332066384,0.553638141507468,0.819487797213863
"Sorghum",23,5,305,"TrainSel CDmean (untargeted, published)",NA,0.420575828807473,0.535161527330457,0.838240421501565
"Sorghum",23,5,305,"Random (published)",NA,0.427150778693443,0.542388039024066,0.820668806688033
"Sorghum",23,5,305,"TSOpt default (targeted)",0.319999999999993,0.436117622842722,0.572819194284748,0.836046254132291
"Sorghum",23,5,305,"TSOpt (untargeted)",0.463999999999999,0.427891235674387,0.564044801362414,0.825306650102019
"Sorghum",24,1,40,"TrainSel CDmean (targeted, published)",NA,0.317854213450414,0.438672320184553,0.771854709675775
"Sorghum",24,1,40,"TrainSel CDmean (untargeted, published)",NA,0.281484846923995,0.363835160507851,0.698876788184571
"Sorghum",24,1,40,"Random (published)",NA,0.247185558484384,0.280150316150195,0.685057603155946
"Sorghum",24,1,40,"TSOpt default (targeted)",0.0240000000000009,0.317982742575726,0.462273095121379,0.777319693493976
"Sorghum",24,1,40,"TSOpt (untargeted)",0.0480000000000018,0.295224316549589,0.355537837757064,0.777224006563086
"Sorghum",24,2,75,"TrainSel CDmean (targeted, published)",NA,0.370660330049708,0.467039831378348,0.727443551999646
"Sorghum",24,2,75,"TrainSel CDmean (untargeted, published)",NA,0.321724964675036,0.332200759921034,0.672610213047357
"Sorghum",24,2,75,"Random (published)",NA,0.305062349944929,0.347271205387654,0.706476216264078
"Sorghum",24,2,75,"TSOpt default (targeted)",0.0339999999999918,0.370608905177106,0.463796243840945,0.706661041380637
"Sorghum",24,2,75,"TSOpt (untargeted)",0.068000000000012,0.350977975284945,0.447847141133193,0.759059949408802
"Sorghum",24,3,150,"TrainSel CDmean (targeted, published)",NA,0.412736159802763,0.51013662434212,0.776971753556545
"Sorghum",24,3,150,"TrainSel CDmean (untargeted, published)",NA,0.363125567090094,0.387167474415941,0.729579081523371
"Sorghum",24,3,150,"Random (published)",NA,0.350230415524763,0.369366460292519,0.76265543341877
"Sorghum",24,3,150,"TSOpt default (targeted)",0.0790000000000077,0.412591743598365,0.498609169129482,0.763369427700814
"Sorghum",24,3,150,"TSOpt (untargeted)",0.144999999999982,0.393774358235545,0.471959423765238,0.767491535858669
"Sorghum",24,4,230,"TrainSel CDmean (targeted, published)",NA,0.43023154984004,0.504916687328444,0.76379086990013
"Sorghum",24,4,230,"TrainSel CDmean (untargeted, published)",NA,0.397684710965896,0.487753237564885,0.739121343664487
"Sorghum",24,4,230,"Random (published)",NA,0.406453601927303,0.472585610814298,0.744931356688775
"Sorghum",24,4,230,"TSOpt default (targeted)",0.169000000000011,0.429870021118558,0.502114733450197,0.766968736959092
"Sorghum",24,4,230,"TSOpt (untargeted)",0.272999999999996,0.414162422033392,0.48754432424463,0.786158516823263
"Sorghum",24,5,305,"TrainSel CDmean (targeted, published)",NA,0.43895718579297,0.509595299956393,0.792027929978637
"Sorghum",24,5,305,"TrainSel CDmean (untargeted, published)",NA,0.423594962198763,0.507589605523442,0.776877600434596
"Sorghum",24,5,305,"Random (published)",NA,0.428248087180678,0.520945046880564,0.795387239370073
"Sorghum",24,5,305,"TSOpt default (targeted)",0.302999999999997,0.438912792843923,0.507059060237698,0.78166913818239
"Sorghum",24,5,305,"TSOpt (untargeted)",0.459000000000003,0.430724672426382,0.50356969461343,0.745386814526439
"Sorghum",25,1,40,"TrainSel CDmean (targeted, published)",NA,0.35953503772594,0.542697683567768,0.765155148102281
"Sorghum",25,1,40,"TrainSel CDmean (untargeted, published)",NA,0.316237137114503,0.444389689738401,0.753389004872982
"Sorghum",25,1,40,"Random (published)",NA,0.257193865241443,0.456729691674621,0.599741881959052
"Sorghum",25,1,40,"TSOpt default (targeted)",0.0250000000000057,0.361681178402706,0.494885363434906,0.710198180062633
"Sorghum",25,1,40,"TSOpt (untargeted)",0.046999999999997,0.335930381761556,0.444189014497818,0.749350459149247
"Sorghum",25,2,75,"TrainSel CDmean (targeted, published)",NA,0.416132882008028,0.528322316777247,0.71498396433838
"Sorghum",25,2,75,"TrainSel CDmean (untargeted, published)",NA,0.355543623004011,0.512018026069443,0.67627182048899
"Sorghum",25,2,75,"Random (published)",NA,0.302189822733181,0.474495739886307,0.731326798942481
"Sorghum",25,2,75,"TSOpt default (targeted)",0.0349999999999966,0.417179672223988,0.528453940321414,0.70850144240637
"Sorghum",25,2,75,"TSOpt (untargeted)",0.0700000000000216,0.391351165441019,0.511754868661558,0.749388472734788
"Sorghum",25,3,150,"TrainSel CDmean (targeted, published)",NA,0.457707135995686,0.571634385891023,0.754805625105137
"Sorghum",25,3,150,"TrainSel CDmean (untargeted, published)",NA,0.391759407946183,0.48391505694904,0.745560748197936
"Sorghum",25,3,150,"Random (published)",NA,0.40833055579765,0.591045959572102,0.7812826919899
"Sorghum",25,3,150,"TSOpt default (targeted)",0.0800000000000125,0.457960267068171,0.549982904457205,0.741307336663327
"Sorghum",25,3,150,"TSOpt (untargeted)",0.137999999999977,0.434721568020576,0.58418906222519,0.758782717511496
"Sorghum",25,4,230,"TrainSel CDmean (targeted, published)",NA,0.474455021132576,0.55974454734447,0.748769525964767
"Sorghum",25,4,230,"TrainSel CDmean (untargeted, published)",NA,0.434452403924238,0.550002088235801,0.78603888362644
"Sorghum",25,4,230,"Random (published)",NA,0.445029079828698,0.565015469188134,0.773002412050582
"Sorghum",25,4,230,"TSOpt default (targeted)",0.164000000000016,0.474582627706944,0.58396775080494,0.749932275737233
"Sorghum",25,4,230,"TSOpt (untargeted)",0.319999999999993,0.455716753681857,0.591982109029624,0.756220609404091
"Sorghum",25,5,305,"TrainSel CDmean (targeted, published)",NA,0.482605214867495,0.579912181187883,0.767591129416547
"Sorghum",25,5,305,"TrainSel CDmean (untargeted, published)",NA,0.460817979948488,0.550972009106083,0.8000409842282
"Sorghum",25,5,305,"Random (published)",NA,0.467753039636834,0.573408371057344,0.762046345620111
"Sorghum",25,5,305,"TSOpt default (targeted)",0.316000000000003,0.482486081569015,0.574592758473432,0.754324195671524
"Sorghum",25,5,305,"TSOpt (untargeted)",0.461000000000013,0.473213471352095,0.595289535248046,0.767064336008351
"Sorghum",26,1,40,"TrainSel CDmean (targeted, published)",NA,0.290487626365502,0.326578736017769,0.780502754022758
"Sorghum",26,1,40,"TrainSel CDmean (untargeted, published)",NA,0.25875664481306,0.315471156731922,0.786599093016597
"Sorghum",26,1,40,"Random (published)",NA,0.233572201486692,0.413250770237251,0.746400998058158
"Sorghum",26,1,40,"TSOpt default (targeted)",0.0250000000000057,0.289884466674692,0.318981975084404,0.702383782869584
"Sorghum",26,1,40,"TSOpt (untargeted)",0.0480000000000018,0.274767565984143,0.373563467000799,0.793453578003403
"Sorghum",26,2,75,"TrainSel CDmean (targeted, published)",NA,0.338795005328467,0.351477622099166,0.728667216887329
"Sorghum",26,2,75,"TrainSel CDmean (untargeted, published)",NA,0.307493011933653,0.415253037605447,0.805892993325771
"Sorghum",26,2,75,"Random (published)",NA,0.279032716080793,0.409172302814786,0.768230941494669
"Sorghum",26,2,75,"TSOpt default (targeted)",0.0339999999999918,0.337200655863612,0.377342314154001,0.778113829212225
"Sorghum",26,2,75,"TSOpt (untargeted)",0.070999999999998,0.320626839114226,0.428439749926269,0.78074766309062
"Sorghum",26,3,150,"TrainSel CDmean (targeted, published)",NA,0.380451403033297,0.429049599431988,0.769154711561063
"Sorghum",26,3,150,"TrainSel CDmean (untargeted, published)",NA,0.337376215470948,0.440260619420241,0.800566311928867
"Sorghum",26,3,150,"Random (published)",NA,0.341409771134774,0.355676034505191,0.696879580925602
"Sorghum",26,3,150,"TSOpt default (targeted)",0.085000000000008,0.379633710709285,0.421146200268578,0.748750638221855
"Sorghum",26,3,150,"TSOpt (untargeted)",0.143000000000001,0.36472340527365,0.477198560402796,0.81348028445854
"Sorghum",26,4,230,"TrainSel CDmean (targeted, published)",NA,0.398602138218479,0.48385036753141,0.804609136137344
"Sorghum",26,4,230,"TrainSel CDmean (untargeted, published)",NA,0.374272841813615,0.45090931811542,0.759833993092631
"Sorghum",26,4,230,"Random (published)",NA,0.376642440421579,0.480620595310559,0.807170600790935
"Sorghum",26,4,230,"TSOpt default (targeted)",0.177000000000021,0.397912538986456,0.46952392699679,0.806981790652832
"Sorghum",26,4,230,"TSOpt (untargeted)",0.270999999999987,0.387208535518386,0.494573248352662,0.804073453753427
"Sorghum",26,5,305,"TrainSel CDmean (targeted, published)",NA,0.407723137647275,0.502446839625146,0.788279476847614
"Sorghum",26,5,305,"TrainSel CDmean (untargeted, published)",NA,0.395978533011392,0.517221029922683,0.783933536026481
"Sorghum",26,5,305,"Random (published)",NA,0.3947159419462,0.503845252201547,0.803739211905904
"Sorghum",26,5,305,"TSOpt default (targeted)",0.320999999999998,0.406273698681677,0.49213823723515,0.787309690413446
"Sorghum",26,5,305,"TSOpt (untargeted)",0.454000000000008,0.401738340737447,0.500513586401512,0.771327496322218
"Sorghum",27,1,40,"TrainSel CDmean (targeted, published)",NA,0.329277412335124,0.458179120481278,0.805694488897878
"Sorghum",27,1,40,"TrainSel CDmean (untargeted, published)",NA,0.293052028287723,0.252270376813715,0.817023499364464
"Sorghum",27,1,40,"Random (published)",NA,0.25230908041022,0.251145786172655,0.677660266898547
"Sorghum",27,1,40,"TSOpt default (targeted)",0.0360000000000014,0.32999418913672,0.432849214556843,0.828419114422999
"Sorghum",27,1,40,"TSOpt (untargeted)",0.0430000000000064,0.307076488403699,0.363134904241855,0.819208156988466
"Sorghum",27,2,75,"TrainSel CDmean (targeted, published)",NA,0.38864973060772,0.475249976108206,0.80725644911788
"Sorghum",27,2,75,"TrainSel CDmean (untargeted, published)",NA,0.342670740648708,0.38280842296372,0.789357079416119
"Sorghum",27,2,75,"Random (published)",NA,0.298062895826648,0.330769746695794,0.804859214053456
"Sorghum",27,2,75,"TSOpt default (targeted)",0.0430000000000064,0.388614964884104,0.492997725156558,0.81867072320077
"Sorghum",27,2,75,"TSOpt (untargeted)",0.0629999999999882,0.366738599152249,0.446053080674731,0.808111229076776
"Sorghum",27,3,150,"TrainSel CDmean (targeted, published)",NA,0.433987500633778,0.531831691258957,0.792099587228859
"Sorghum",27,3,150,"TrainSel CDmean (untargeted, published)",NA,0.375998980815897,0.460892837713426,0.717426849019784
"Sorghum",27,3,150,"Random (published)",NA,0.382665452731331,0.469279940258873,0.829280264387365
"Sorghum",27,3,150,"TSOpt default (targeted)",0.0770000000000266,0.433673190082464,0.526500477352922,0.808553241556291
"Sorghum",27,3,150,"TSOpt (untargeted)",0.144999999999982,0.413727837733714,0.499803200180596,0.780619351002632
"Sorghum",27,4,230,"TrainSel CDmean (targeted, published)",NA,0.452511365420838,0.553938318779721,0.813013607158441
"Sorghum",27,4,230,"TrainSel CDmean (untargeted, published)",NA,0.416608009241566,0.481569779868625,0.784592287943573
"Sorghum",27,4,230,"Random (published)",NA,0.413075188463638,0.502308362480853,0.826598280820195
"Sorghum",27,4,230,"TSOpt default (targeted)",0.168000000000006,0.451791252851593,0.547347356691805,0.789308276807858
"Sorghum",27,4,230,"TSOpt (untargeted)",0.270999999999987,0.43989511400746,0.52998585556572,0.790531385824629
"Sorghum",27,5,305,"TrainSel CDmean (targeted, published)",NA,0.46155272097173,0.551567080934525,0.805387000613353
"Sorghum",27,5,305,"TrainSel CDmean (untargeted, published)",NA,0.444410950451196,0.556807573712894,0.827628162934791
"Sorghum",27,5,305,"Random (published)",NA,0.44958487161838,0.532209552036197,0.793688351920919
"Sorghum",27,5,305,"TSOpt default (targeted)",0.310000000000002,0.460573114843936,0.549181613526493,0.796378791558792
"Sorghum",27,5,305,"TSOpt (untargeted)",0.466000000000008,0.455593473566314,0.558465637702938,0.825323198944663
"Sorghum",28,1,40,"TrainSel CDmean (targeted, published)",NA,0.332158497663292,0.534433382287615,0.783664153476991
"Sorghum",28,1,40,"TrainSel CDmean (untargeted, published)",NA,0.295536159042331,0.404297803340736,0.710063796473886
"Sorghum",28,1,40,"Random (published)",NA,0.22938070739537,0.38788421412358,0.792113963281404
"Sorghum",28,1,40,"TSOpt default (targeted)",0.0300000000000011,0.332390056253561,0.517160723595261,0.764532430470207
"Sorghum",28,1,40,"TSOpt (untargeted)",0.0420000000000016,0.314769508616053,0.446603044097392,0.817666987828153
"Sorghum",28,2,75,"TrainSel CDmean (targeted, published)",NA,0.387019772390683,0.524324488564684,0.831440934187097
"Sorghum",28,2,75,"TrainSel CDmean (untargeted, published)",NA,0.339492215693636,0.51827087138104,0.831857502490884
"Sorghum",28,2,75,"Random (published)",NA,0.311284506801258,0.484543087173983,0.774179040024226
"Sorghum",28,2,75,"TSOpt default (targeted)",0.0400000000000205,0.38694490112108,0.539148355647364,0.84881171941877
"Sorghum",28,2,75,"TSOpt (untargeted)",0.063999999999993,0.360826434444901,0.531827499342347,0.853021128654154
"Sorghum",28,3,150,"TrainSel CDmean (targeted, published)",NA,0.430595589404984,0.563636629786383,0.868751450273327
"Sorghum",28,3,150,"TrainSel CDmean (untargeted, published)",NA,0.377184839533703,0.56310501456245,0.866460168878841
"Sorghum",28,3,150,"Random (published)",NA,0.385836825737802,0.500464805365226,0.710125884667846
"Sorghum",28,3,150,"TSOpt default (targeted)",0.0759999999999934,0.430145277815458,0.552196158380165,0.853530903463541
"Sorghum",28,3,150,"TSOpt (untargeted)",0.169000000000011,0.412715819387425,0.556469690682122,0.898044304146335
"Sorghum",28,4,230,"TrainSel CDmean (targeted, published)",NA,0.448577710320348,0.571002747546297,0.859685357792614
"Sorghum",28,4,230,"TrainSel CDmean (untargeted, published)",NA,0.414787979943175,0.51332647449026,0.83827991124894
"Sorghum",28,4,230,"Random (published)",NA,0.418679989819338,0.552404290257474,0.873945877154885
"Sorghum",28,4,230,"TSOpt default (targeted)",0.167000000000002,0.448105843883446,0.567990408027809,0.843536822948512
"Sorghum",28,4,230,"TSOpt (untargeted)",0.280000000000001,0.435447173555947,0.53958787882789,0.886723103031489
"Sorghum",28,5,305,"TrainSel CDmean (targeted, published)",NA,0.457293454302681,0.571010162796447,0.891342482037014
"Sorghum",28,5,305,"TrainSel CDmean (untargeted, published)",NA,0.443022108359319,0.577513499794707,0.905808369927463
"Sorghum",28,5,305,"Random (published)",NA,0.444202480468667,0.577961938110777,0.899235098437407
"Sorghum",28,5,305,"TSOpt default (targeted)",0.324999999999989,0.456680722662467,0.578454005178317,0.871396832235416
"Sorghum",28,5,305,"TSOpt (untargeted)",0.453000000000003,0.451328971924397,0.554817979361511,0.876446486950896
"Sorghum",29,1,40,"TrainSel CDmean (targeted, published)",NA,0.322511932508601,0.430844792081345,0.797292370129649
"Sorghum",29,1,40,"TrainSel CDmean (untargeted, published)",NA,0.292283979098693,0.35025085550982,0.75946792389875
"Sorghum",29,1,40,"Random (published)",NA,0.236566190254632,0.258040267252943,0.742576047978125
"Sorghum",29,1,40,"TSOpt default (targeted)",0.0250000000000057,0.322573495435336,0.447065784560459,0.81275412557607
"Sorghum",29,1,40,"TSOpt (untargeted)",0.0459999999999923,0.299896613571399,0.364442662444063,0.767816027426342
"Sorghum",29,2,75,"TrainSel CDmean (targeted, published)",NA,0.37452809994339,0.452117712644683,0.803981118998836
"Sorghum",29,2,75,"TrainSel CDmean (untargeted, published)",NA,0.330032724747247,0.374438421078396,0.768872934977046
"Sorghum",29,2,75,"Random (published)",NA,0.311622001430201,0.330940742245175,0.704204702941259
"Sorghum",29,2,75,"TSOpt default (targeted)",0.0369999999999777,0.373939066858,0.452032806130629,0.796420442596725
"Sorghum",29,2,75,"TSOpt (untargeted)",0.0670000000000073,0.353582819821839,0.436963582196845,0.783183110239171
"Sorghum",29,3,150,"TrainSel CDmean (targeted, published)",NA,0.417102794653473,0.513009469992457,0.794074718159844
"Sorghum",29,3,150,"TrainSel CDmean (untargeted, published)",NA,0.363502692013904,0.432984629210018,0.785301596890356
"Sorghum",29,3,150,"Random (published)",NA,0.367718630037769,0.414739195783551,0.727599617124721
"Sorghum",29,3,150,"TSOpt default (targeted)",0.115999999999985,0.416606397084885,0.500455380353553,0.786174312579699
"Sorghum",29,3,150,"TSOpt (untargeted)",0.146000000000015,0.398495803669297,0.461811077136597,0.749177721735373
"Sorghum",29,4,230,"TrainSel CDmean (targeted, published)",NA,0.435495742209099,0.51486541285059,0.78183513122117
"Sorghum",29,4,230,"TrainSel CDmean (untargeted, published)",NA,0.399327939015147,0.492534493318023,0.802115941825645
"Sorghum",29,4,230,"Random (published)",NA,0.413881298395377,0.473806336579202,0.759797168306181
"Sorghum",29,4,230,"TSOpt default (targeted)",0.174000000000007,0.434639147234857,0.50251938794093,0.787251988699961
"Sorghum",29,4,230,"TSOpt (untargeted)",0.270999999999987,0.419073066534623,0.483814358165509,0.758113071184852
"Sorghum",29,5,305,"TrainSel CDmean (targeted, published)",NA,0.444332901260786,0.506528254082855,0.776822642649404
"Sorghum",29,5,305,"TrainSel CDmean (untargeted, published)",NA,0.419592565933375,0.461112508348899,0.775564897699189
"Sorghum",29,5,305,"Random (published)",NA,0.429041110853684,0.52110224410449,0.781894487028967
"Sorghum",29,5,305,"TSOpt default (targeted)",0.311000000000007,0.443606959025999,0.505010900515857,0.776547399624292
"Sorghum",29,5,305,"TSOpt (untargeted)",0.455999999999989,0.435856832128884,0.49706627158334,0.781010919487777
"Sorghum",30,1,40,"TrainSel CDmean (targeted, published)",NA,0.308422241150934,0.391329387534877,0.773873117934614
"Sorghum",30,1,40,"TrainSel CDmean (untargeted, published)",NA,0.274333643063297,0.347862871897924,0.790211487621058
"Sorghum",30,1,40,"Random (published)",NA,0.225083694897675,0.337065836174394,0.768993735781653
"Sorghum",30,1,40,"TSOpt default (targeted)",0.0250000000000057,0.306892914289644,0.414114176435347,0.849379477446248
"Sorghum",30,1,40,"TSOpt (untargeted)",0.0409999999999968,0.289516963667338,0.331252509062269,0.778149011601812
"Sorghum",30,2,75,"TrainSel CDmean (targeted, published)",NA,0.358484181092503,0.402441178955612,0.782590698771431
"Sorghum",30,2,75,"TrainSel CDmean (untargeted, published)",NA,0.315225364473404,0.371217009798802,0.77523490648141
"Sorghum",30,2,75,"Random (published)",NA,0.29404868569946,0.416341654832157,0.780990110102781
"Sorghum",30,2,75,"TSOpt default (targeted)",0.032999999999987,0.357603531397138,0.415573176499584,0.801314103063759
"Sorghum",30,2,75,"TSOpt (untargeted)",0.0649999999999977,0.337386404148689,0.37384340859371,0.829824171602203
"Sorghum",30,3,150,"TrainSel CDmean (targeted, published)",NA,0.400803597140342,0.455791292919595,0.836958072648165
"Sorghum",30,3,150,"TrainSel CDmean (untargeted, published)",NA,0.354850533912132,0.41492342447159,0.77021137180384
"Sorghum",30,3,150,"Random (published)",NA,0.359511801614164,0.451476495228176,0.805572982984756
"Sorghum",30,3,150,"TSOpt default (targeted)",0.0720000000000027,0.400280135058162,0.466886779216544,0.849296644764816
"Sorghum",30,3,150,"TSOpt (untargeted)",0.157000000000011,0.38422425255131,0.423369745683294,0.785215958227353
"Sorghum",30,4,230,"TrainSel CDmean (targeted, published)",NA,0.418545664902826,0.463849908652094,0.837819787198829
"Sorghum",30,4,230,"TrainSel CDmean (untargeted, published)",NA,0.387943335964642,0.470642470025642,0.832827477321532
"Sorghum",30,4,230,"Random (published)",NA,0.392539641481723,0.44354767813693,0.85332016109129
"Sorghum",30,4,230,"TSOpt default (targeted)",0.173999999999978,0.417968438406728,0.461211837926049,0.849504450597474
"Sorghum",30,4,230,"TSOpt (untargeted)",0.27800000000002,0.40679066302399,0.447810903116417,0.821695352126223
"Sorghum",30,5,305,"TrainSel CDmean (targeted, published)",NA,0.426724864783054,0.473810028228425,0.859294337568937
"Sorghum",30,5,305,"TrainSel CDmean (untargeted, published)",NA,0.414453043079952,0.472253508381265,0.834587543159409
"Sorghum",30,5,305,"Random (published)",NA,0.412623884650736,0.412290263668558,0.821552002379484
"Sorghum",30,5,305,"TSOpt default (targeted)",0.350000000000023,0.426058543183757,0.470747196460562,0.866092567058749
"Sorghum",30,5,305,"TSOpt (untargeted)",0.47999999999999,0.42163493365643,0.450391477837608,0.821146146052932
"Sorghum",31,1,40,"TrainSel CDmean (targeted, published)",NA,0.337432061904556,0.431033122866952,0.766802542585755
"Sorghum",31,1,40,"TrainSel CDmean (untargeted, published)",NA,0.303994167077514,0.338435511707239,0.744286923621165
"Sorghum",31,1,40,"Random (published)",NA,0.270432447841055,0.296433652875769,0.733551306437792
"Sorghum",31,1,40,"TSOpt default (targeted)",0.0320000000000107,0.334324705949001,0.439419472799991,0.746252712396982
"Sorghum",31,1,40,"TSOpt (untargeted)",0.0459999999999923,0.312047455311169,0.432043431774478,0.7183779904096
"Sorghum",31,2,75,"TrainSel CDmean (targeted, published)",NA,0.392129977177097,0.416186299436516,0.783396049600305
"Sorghum",31,2,75,"TrainSel CDmean (untargeted, published)",NA,0.340591911660295,0.356766138257674,0.699082590818805
"Sorghum",31,2,75,"Random (published)",NA,0.313101021486178,0.325298401237323,0.793750157602505
"Sorghum",31,2,75,"TSOpt default (targeted)",0.0430000000000064,0.389759665335844,0.440225370495444,0.776727163927387
"Sorghum",31,2,75,"TSOpt (untargeted)",0.0669999999999789,0.362783219493834,0.390667429748259,0.748998545577905
"Sorghum",31,3,150,"TrainSel CDmean (targeted, published)",NA,0.433602871729345,0.422313278857812,0.772327613831705
"Sorghum",31,3,150,"TrainSel CDmean (untargeted, published)",NA,0.37966694768046,0.330544260376796,0.696593358064669
"Sorghum",31,3,150,"Random (published)",NA,0.387603090547132,0.365363937835519,0.731014415568698
"Sorghum",31,3,150,"TSOpt default (targeted)",0.085000000000008,0.43266710859621,0.437875819606555,0.762402489228274
"Sorghum",31,3,150,"TSOpt (untargeted)",0.143000000000001,0.41201132523234,0.408609092528763,0.735883461146744
"Sorghum",31,4,230,"TrainSel CDmean (targeted, published)",NA,0.451226564460555,0.434828088293746,0.75969692876941
"Sorghum",31,4,230,"TrainSel CDmean (untargeted, published)",NA,0.41471274065486,0.399764919494116,0.779995615462191
"Sorghum",31,4,230,"Random (published)",NA,0.417224435724568,0.339310707479,0.701819790737181
"Sorghum",31,4,230,"TSOpt default (targeted)",0.16500000000002,0.450128379599874,0.437794460439275,0.746405879769496
"Sorghum",31,4,230,"TSOpt (untargeted)",0.274999999999977,0.433517572882794,0.424591341609583,0.759587820835225
"Sorghum",31,5,305,"TrainSel CDmean (targeted, published)",NA,0.459398543528957,0.438128578906498,0.754937942090699
"Sorghum",31,5,305,"TrainSel CDmean (untargeted, published)",NA,0.441009229552416,0.430243134643899,0.780565956791468
"Sorghum",31,5,305,"Random (published)",NA,0.441928995032981,0.433513140268863,0.722633909232893
"Sorghum",31,5,305,"TSOpt default (targeted)",0.329000000000008,0.459106274436513,0.439767922816402,0.754641525872201
"Sorghum",31,5,305,"TSOpt (untargeted)",0.475999999999999,0.449167275387847,0.4392635458287,0.797921586781418
"Sorghum",32,1,40,"TrainSel CDmean (targeted, published)",NA,0.30857516930302,0.46386495600318,0.773147850278963
"Sorghum",32,1,40,"TrainSel CDmean (untargeted, published)",NA,0.284106822955899,0.364870361694344,0.730864252760608
"Sorghum",32,1,40,"Random (published)",NA,0.203968100134251,0.272011082073305,0.722311755284951
"Sorghum",32,1,40,"TSOpt default (targeted)",0.0269999999999868,0.308675367158665,0.434014047723301,0.738832126616909
"Sorghum",32,1,40,"TSOpt (untargeted)",0.0560000000000116,0.290762250026154,0.357997508975657,0.747793020753862
"Sorghum",32,2,75,"TrainSel CDmean (targeted, published)",NA,0.357728899765932,0.463372078407375,0.722914326435489
"Sorghum",32,2,75,"TrainSel CDmean (untargeted, published)",NA,0.320181141925781,0.401905370369323,0.718973189513011
"Sorghum",32,2,75,"Random (published)",NA,0.312116444433831,0.434507312576485,0.755161843959624
"Sorghum",32,2,75,"TSOpt default (targeted)",0.0339999999999918,0.357762272777563,0.442254764081547,0.727492080398412
"Sorghum",32,2,75,"TSOpt (untargeted)",0.0730000000000075,0.338666866446433,0.475221120894898,0.724320219881566
"Sorghum",32,3,150,"TrainSel CDmean (targeted, published)",NA,0.401693779515808,0.459594830960454,0.702749597602048
"Sorghum",32,3,150,"TrainSel CDmean (untargeted, published)",NA,0.357882657689084,0.475383168491831,0.667105757390353
"Sorghum",32,3,150,"Random (published)",NA,0.363914746567519,0.457022910096026,0.769594665965546
"Sorghum",32,3,150,"TSOpt default (targeted)",0.0769999999999982,0.401142121858873,0.47997457332839,0.735343426323253
"Sorghum",32,3,150,"TSOpt (untargeted)",0.151999999999987,0.382880453600498,0.453949379175573,0.706604188662288
"Sorghum",32,4,230,"TrainSel CDmean (targeted, published)",NA,0.420290048925916,0.471758491309917,0.69170894049419
"Sorghum",32,4,230,"TrainSel CDmean (untargeted, published)",NA,0.387311109203583,0.444866480552478,0.676265876773433
"Sorghum",32,4,230,"Random (published)",NA,0.394143817233401,0.432494405943923,0.719866332602053
"Sorghum",32,4,230,"TSOpt default (targeted)",0.215000000000003,0.420113474790506,0.474208000852889,0.716537718774811
"Sorghum",32,4,230,"TSOpt (untargeted)",0.287000000000006,0.406126025401815,0.475742377535351,0.735715729356172
"Sorghum",32,5,305,"TrainSel CDmean (targeted, published)",NA,0.429489088575682,0.480499503726572,0.70467123195028
"Sorghum",32,5,305,"TrainSel CDmean (untargeted, published)",NA,0.412392085203159,0.497919501662633,0.729822125404321
"Sorghum",32,5,305,"Random (published)",NA,0.419063782927205,0.476813968185163,0.709589006339044
"Sorghum",32,5,305,"TSOpt default (targeted)",0.325999999999993,0.429133181085077,0.486945717838967,0.702242657021958
"Sorghum",32,5,305,"TSOpt (untargeted)",0.479000000000013,0.422379897802629,0.488982468597084,0.716017098500597
"Sorghum",33,1,40,"TrainSel CDmean (targeted, published)",NA,0.346541663905075,0.33246503921247,0.808559530807431
"Sorghum",33,1,40,"TrainSel CDmean (untargeted, published)",NA,0.312376349619945,0.381504061205289,0.72244620767399
"Sorghum",33,1,40,"Random (published)",NA,0.251756616343591,0.22103561280765,0.776212149333477
"Sorghum",33,1,40,"TSOpt default (targeted)",0.025999999999982,0.347396340024533,0.393227788381475,0.807507587824773
"Sorghum",33,1,40,"TSOpt (untargeted)",0.0490000000000066,0.32495896089455,0.371708224792271,0.793350644715422
"Sorghum",33,2,75,"TrainSel CDmean (targeted, published)",NA,0.400142069650731,0.482499291665821,0.813631401772654
"Sorghum",33,2,75,"TrainSel CDmean (untargeted, published)",NA,0.352667386391921,0.411898929540317,0.744095268200215
"Sorghum",33,2,75,"Random (published)",NA,0.314119943998706,0.44330641729802,0.798612306729118
"Sorghum",33,2,75,"TSOpt default (targeted)",0.0360000000000014,0.399619247020657,0.489209632170989,0.796746883748905
"Sorghum",33,2,75,"TSOpt (untargeted)",0.0840000000000032,0.378861815163915,0.435466483127,0.819626777353016
"Sorghum",33,3,150,"TrainSel CDmean (targeted, published)",NA,0.444776585084676,0.545727532290686,0.81636016866036
"Sorghum",33,3,150,"TrainSel CDmean (untargeted, published)",NA,0.38210740351642,0.432948454661807,0.768782036588914
"Sorghum",33,3,150,"Random (published)",NA,0.40376668220628,0.485876817085399,0.791946377789651
"Sorghum",33,3,150,"TSOpt default (targeted)",0.0879999999999939,0.44394585236658,0.547265599895363,0.833800486283718
"Sorghum",33,3,150,"TSOpt (untargeted)",0.14700000000002,0.424024737279605,0.479254629497713,0.774451689656725
"Sorghum",33,4,230,"TrainSel CDmean (targeted, published)",NA,0.463726855077038,0.562214428861809,0.822359678245564
"Sorghum",33,4,230,"TrainSel CDmean (untargeted, published)",NA,0.425850150071649,0.529397033807407,0.801972383125277
"Sorghum",33,4,230,"Random (published)",NA,0.437539956620243,0.52768773053623,0.861391285280729
"Sorghum",33,4,230,"TSOpt default (targeted)",0.177999999999997,0.462998103445977,0.559381295278004,0.817960916344879
"Sorghum",33,4,230,"TSOpt (untargeted)",0.288000000000011,0.447923142414782,0.520094586216257,0.787290277908787
"Sorghum",33,5,305,"TrainSel CDmean (targeted, published)",NA,0.472786181579915,0.567694267779698,0.847039434332871
"Sorghum",33,5,305,"TrainSel CDmean (untargeted, published)",NA,0.453043411609093,0.5819192815362,0.845328102050821
"Sorghum",33,5,305,"Random (published)",NA,0.458258054807011,0.552740931386536,0.794310941288992
"Sorghum",33,5,305,"TSOpt default (targeted)",0.324999999999989,0.472118331032249,0.562089684327566,0.838721745339628
"Sorghum",33,5,305,"TSOpt (untargeted)",0.487000000000023,0.464243060867352,0.537766979953223,0.793104511490755
"Sorghum",34,1,40,"TrainSel CDmean (targeted, published)",NA,0.333018885823088,0.416117266862958,0.718066230605723
"Sorghum",34,1,40,"TrainSel CDmean (untargeted, published)",NA,0.293605170278537,0.223719820319489,0.64788803989888
"Sorghum",34,1,40,"Random (published)",NA,0.264970560053415,0.361084536844012,0.79945854660408
"Sorghum",34,1,40,"TSOpt default (targeted)",0.032999999999987,0.329096962435788,0.38090236298004,0.682287788915565
"Sorghum",34,1,40,"TSOpt (untargeted)",0.0440000000000111,0.309575257553825,0.345515172196909,0.720752379849798
"Sorghum",34,2,75,"TrainSel CDmean (targeted, published)",NA,0.386818486524996,0.406507901903957,0.727696842277436
"Sorghum",34,2,75,"TrainSel CDmean (untargeted, published)",NA,0.337006902217358,0.365539952510436,0.753596643249476
"Sorghum",34,2,75,"Random (published)",NA,0.318694673834891,0.285357968152883,0.755139194499772
"Sorghum",34,2,75,"TSOpt default (targeted)",0.0339999999999918,0.384854302938688,0.40806611556481,0.76635847238172
"Sorghum",34,2,75,"TSOpt (untargeted)",0.0769999999999982,0.361568350206392,0.341813205116082,0.746114728578326
"Sorghum",34,3,150,"TrainSel CDmean (targeted, published)",NA,0.429536806144793,0.421107976014869,0.765295086461847
"Sorghum",34,3,150,"TrainSel CDmean (untargeted, published)",NA,0.377200517287248,0.322636908483438,0.731522645209494
"Sorghum",34,3,150,"Random (published)",NA,0.38977337550618,0.408400326244044,0.772725244304449
"Sorghum",34,3,150,"TSOpt default (targeted)",0.0799999999999841,0.428783207527284,0.401641422289499,0.728865191961688
"Sorghum",34,3,150,"TSOpt (untargeted)",0.167000000000002,0.407918684507774,0.419797754348426,0.798968550914038
"Sorghum",34,4,230,"TrainSel CDmean (targeted, published)",NA,0.44765091652177,0.412916725868995,0.765087564901151
"Sorghum",34,4,230,"TrainSel CDmean (untargeted, published)",NA,0.415186546727297,0.37074439134545,0.774159451101713
"Sorghum",34,4,230,"Random (published)",NA,0.421621921389522,0.392775054449009,0.787279848662432
"Sorghum",34,4,230,"TSOpt default (targeted)",0.168999999999983,0.447060059626514,0.425603864109626,0.770287807392194
"Sorghum",34,4,230,"TSOpt (untargeted)",0.274000000000001,0.430302371602363,0.428974216982472,0.769384972078411
"Sorghum",34,5,305,"TrainSel CDmean (targeted, published)",NA,0.456561451286567,0.41668382523718,0.773261527439342
"Sorghum",34,5,305,"TrainSel CDmean (untargeted, published)",NA,0.437718128044609,0.36946158704227,0.744978722021745
"Sorghum",34,5,305,"Random (published)",NA,0.444416430272625,0.417970248790268,0.776886684516377
"Sorghum",34,5,305,"TSOpt default (targeted)",0.326000000000022,0.455935513003306,0.411161924737269,0.760485043699562
"Sorghum",34,5,305,"TSOpt (untargeted)",0.479999999999961,0.448057907328348,0.448300190902949,0.769481624991261
"Sorghum",35,1,40,"TrainSel CDmean (targeted, published)",NA,0.334551004487339,0.612733328786847,0.870018766997591
"Sorghum",35,1,40,"TrainSel CDmean (untargeted, published)",NA,0.297277895141744,0.360337835941917,0.877599692202907
"Sorghum",35,1,40,"Random (published)",NA,0.246042901330096,0.478697402636072,0.773670375975132
"Sorghum",35,1,40,"TSOpt default (targeted)",0.0260000000000105,0.33521372992372,0.586398339377932,0.861827338119036
"Sorghum",35,1,40,"TSOpt (untargeted)",0.0470000000000255,0.308814182225673,0.474029360051773,0.850455984077814
"Sorghum",35,2,75,"TrainSel CDmean (targeted, published)",NA,0.387669394790425,0.631520374880376,0.86198457048293
"Sorghum",35,2,75,"TrainSel CDmean (untargeted, published)",NA,0.344615898845712,0.513837379320503,0.84391470221833
"Sorghum",35,2,75,"Random (published)",NA,0.332312049740963,0.457371720118925,0.854943467068724
"Sorghum",35,2,75,"TSOpt default (targeted)",0.035000000000025,0.38778194184621,0.629458186501191,0.889778543994829
"Sorghum",35,2,75,"TSOpt (untargeted)",0.0709999999999695,0.370983271646464,0.608290072382991,0.808438066176466
"Sorghum",35,3,150,"TrainSel CDmean (targeted, published)",NA,0.430871833450901,0.6431659452029,0.87561148268558
"Sorghum",35,3,150,"TrainSel CDmean (untargeted, published)",NA,0.377384894436784,0.522415475044504,0.867917807329482
"Sorghum",35,3,150,"Random (published)",NA,0.385775918170237,0.604130974842134,0.878831922139079
"Sorghum",35,3,150,"TSOpt default (targeted)",0.0799999999999841,0.430601467410038,0.643046427028083,0.902989853085968
"Sorghum",35,3,150,"TSOpt (untargeted)",0.144999999999982,0.41340998147492,0.617952056942125,0.843030214308631
"Sorghum",35,4,230,"TrainSel CDmean (targeted, published)",NA,0.449636995067996,0.640973563876283,0.858195249561432
"Sorghum",35,4,230,"TrainSel CDmean (untargeted, published)",NA,0.414626901142564,0.551638417523067,0.861013971046249
"Sorghum",35,4,230,"Random (published)",NA,0.424935888342273,0.586643151750889,0.863545727233201
"Sorghum",35,4,230,"TSOpt default (targeted)",0.176000000000045,0.449694746300273,0.647243044495587,0.87588196199305
"Sorghum",35,4,230,"TSOpt (untargeted)",0.274999999999977,0.434191264466202,0.626367532074667,0.84909669453395
"Sorghum",35,5,305,"TrainSel CDmean (targeted, published)",NA,0.459004961585876,0.634389022646544,0.864487811426094
"Sorghum",35,5,305,"TrainSel CDmean (untargeted, published)",NA,0.440596577398411,0.596454910812066,0.844304070829155
"Sorghum",35,5,305,"Random (published)",NA,0.44243882068157,0.611948664973894,0.89082948648759
"Sorghum",35,5,305,"TSOpt default (targeted)",0.319000000000017,0.458537011564477,0.64290041414176,0.873940129683836
"Sorghum",35,5,305,"TSOpt (untargeted)",0.466999999999985,0.45149269329029,0.623118632685447,0.855910641750909
"Sorghum",36,1,40,"TrainSel CDmean (targeted, published)",NA,0.281311317538997,0.466003002523175,0.834690959141217
"Sorghum",36,1,40,"TrainSel CDmean (untargeted, published)",NA,0.253774960773924,0.376083930188234,0.804168503675369
"Sorghum",36,1,40,"Random (published)",NA,0.2165315574375,0.147941518217656,0.628551681162383
"Sorghum",36,1,40,"TSOpt default (targeted)",0.0269999999999868,0.282091904680165,0.490744112236915,0.774064606063003
"Sorghum",36,1,40,"TSOpt (untargeted)",0.05600000000004,0.264449504915873,0.447222819471705,0.789698969188392
"Sorghum",36,2,75,"TrainSel CDmean (targeted, published)",NA,0.331815750542121,0.509307500202501,0.797191322650661
"Sorghum",36,2,75,"TrainSel CDmean (untargeted, published)",NA,0.296451224753656,0.457260981183785,0.771070468277071
"Sorghum",36,2,75,"Random (published)",NA,0.281831777686744,0.360144843524905,0.740183686070687
"Sorghum",36,2,75,"TSOpt default (targeted)",0.0360000000000014,0.331944138319984,0.50955699495992,0.800157857468272
"Sorghum",36,2,75,"TSOpt (untargeted)",0.0740000000000123,0.317481393636632,0.464458724985583,0.773381323336886
"Sorghum",36,3,150,"TrainSel CDmean (targeted, published)",NA,0.374823867882697,0.514146436679342,0.774016743981971
"Sorghum",36,3,150,"TrainSel CDmean (untargeted, published)",NA,0.330525521293201,0.45818276985062,0.79293509739002
"Sorghum",36,3,150,"Random (published)",NA,0.327362879681785,0.421781425347569,0.782757046275168
"Sorghum",36,3,150,"TSOpt default (targeted)",0.0809999999999604,0.374231527096318,0.518350158081536,0.808768306223698
"Sorghum",36,3,150,"TSOpt (untargeted)",0.144000000000005,0.360044696090388,0.495891937381042,0.777869329872819
"Sorghum",36,4,230,"TrainSel CDmean (targeted, published)",NA,0.393912143666231,0.53128760520055,0.796166295733601
"Sorghum",36,4,230,"TrainSel CDmean (untargeted, published)",NA,0.370449504978381,0.485466815026975,0.779950366762073
"Sorghum",36,4,230,"Random (published)",NA,0.373694974049717,0.474561392880356,0.806275286685698
"Sorghum",36,4,230,"TSOpt default (targeted)",0.168999999999983,0.393686438104432,0.497326248714443,0.797293865993957
"Sorghum",36,4,230,"TSOpt (untargeted)",0.27800000000002,0.382043695869567,0.511967474686858,0.788231560221145
"Sorghum",36,5,305,"TrainSel CDmean (targeted, published)",NA,0.403594400245252,0.509701018174616,0.78606906165789
"Sorghum",36,5,305,"TrainSel CDmean (untargeted, published)",NA,0.392701365397233,0.492328623837992,0.79366771773339
"Sorghum",36,5,305,"Random (published)",NA,0.391236069606722,0.466420591733217,0.792772587798416
"Sorghum",36,5,305,"TSOpt default (targeted)",0.350999999999999,0.403219201054494,0.51648802396344,0.791491670037096
"Sorghum",36,5,305,"TSOpt (untargeted)",0.491999999999962,0.397412071597863,0.51447131023285,0.791180984102711
"Sorghum",37,1,40,"TrainSel CDmean (targeted, published)",NA,0.320524885051309,0.358338249634039,0.699903152882141
"Sorghum",37,1,40,"TrainSel CDmean (untargeted, published)",NA,0.285286773610882,0.360751918927534,0.817250628906971
"Sorghum",37,1,40,"Random (published)",NA,0.247602782292845,0.292468453236853,0.787053711735624
"Sorghum",37,1,40,"TSOpt default (targeted)",0.0269999999999868,0.320355307337504,0.340278337388707,0.721082032003221
"Sorghum",37,1,40,"TSOpt (untargeted)",0.0520000000000209,0.303955168161534,0.402264602747783,0.798062357386312
"Sorghum",37,2,75,"TrainSel CDmean (targeted, published)",NA,0.374097981552891,0.445904455285248,0.711566271627865
"Sorghum",37,2,75,"TrainSel CDmean (untargeted, published)",NA,0.330483748652491,0.426120445084951,0.802800873648204
"Sorghum",37,2,75,"Random (published)",NA,0.303834971960821,0.413180691613276,0.818198791271833
"Sorghum",37,2,75,"TSOpt default (targeted)",0.0339999999999918,0.372435618244225,0.45817829055942,0.734823110797517
"Sorghum",37,2,75,"TSOpt (untargeted)",0.0730000000000359,0.358033254453149,0.482458823343509,0.769761555985521
"Sorghum",37,3,150,"TrainSel CDmean (targeted, published)",NA,0.418082008728135,0.484437165322285,0.766329905756837
"Sorghum",37,3,150,"TrainSel CDmean (untargeted, published)",NA,0.366359107610504,0.418237887661276,0.707065554240134
"Sorghum",37,3,150,"Random (published)",NA,0.374468708439244,0.47146266168176,0.745692555797967
"Sorghum",37,3,150,"TSOpt default (targeted)",0.0799999999999841,0.417061244222163,0.480109985977503,0.756956179172093
"Sorghum",37,3,150,"TSOpt (untargeted)",0.146999999999991,0.400214047141416,0.488254488424595,0.810636138395264
"Sorghum",37,4,230,"TrainSel CDmean (targeted, published)",NA,0.436635326492309,0.501391127460114,0.776247302822865
"Sorghum",37,4,230,"TrainSel CDmean (untargeted, published)",NA,0.401741224644345,0.517290098656166,0.767855175072895
"Sorghum",37,4,230,"Random (published)",NA,0.408196749778031,0.497288242671679,0.777925268149673
"Sorghum",37,4,230,"TSOpt default (targeted)",0.172000000000025,0.435706393771907,0.493368453659515,0.770756017523182
"Sorghum",37,4,230,"TSOpt (untargeted)",0.293000000000006,0.421608956739773,0.496869620908242,0.771991391304352
"Sorghum",37,5,305,"TrainSel CDmean (targeted, published)",NA,0.445754872207555,0.509976995920658,0.779177456825947
"Sorghum",37,5,305,"TrainSel CDmean (untargeted, published)",NA,0.429924919084077,0.532567491444484,0.813434198586205
"Sorghum",37,5,305,"Random (published)",NA,0.433907539161323,0.515638085044747,0.788926689478198
"Sorghum",37,5,305,"TSOpt default (targeted)",0.327999999999975,0.44440695844862,0.50718408760081,0.805571729313723
"Sorghum",37,5,305,"TSOpt (untargeted)",0.475999999999999,0.43799341783074,0.502809688237506,0.787282166030734
"Sorghum",38,1,40,"TrainSel CDmean (targeted, published)",NA,0.313878198451438,0.38856552741934,0.790278591628934
"Sorghum",38,1,40,"TrainSel CDmean (untargeted, published)",NA,0.26692777885382,0.32134283431635,0.65975278443862
"Sorghum",38,1,40,"Random (published)",NA,0.23336865155428,0.298307459129223,0.733506686895004
"Sorghum",38,1,40,"TSOpt default (targeted)",0.0349999999999682,0.314828275268324,0.377188721867943,0.77571687473079
"Sorghum",38,1,40,"TSOpt (untargeted)",0.04200000000003,0.293809581457988,0.339785418746205,0.69867175383381
"Sorghum",38,2,75,"TrainSel CDmean (targeted, published)",NA,0.368508265494594,0.429336068112393,0.785891259980926
"Sorghum",38,2,75,"TrainSel CDmean (untargeted, published)",NA,0.31124185746026,0.348270261633979,0.660954242068397
"Sorghum",38,2,75,"Random (published)",NA,0.300613129464704,0.388119826323194,0.756761986982983
"Sorghum",38,2,75,"TSOpt default (targeted)",0.04200000000003,0.367745298303687,0.403035389053378,0.790612882169593
"Sorghum",38,2,75,"TSOpt (untargeted)",0.0649999999999977,0.34407993324885,0.403961894765336,0.746616399907634
"Sorghum",38,3,150,"TrainSel CDmean (targeted, published)",NA,0.409341343311148,0.426401640919155,0.773018083371119
"Sorghum",38,3,150,"TrainSel CDmean (untargeted, published)",NA,0.360374715104809,0.464951904797574,0.732673163464277
"Sorghum",38,3,150,"Random (published)",NA,0.350630649227728,0.3715591178949,0.743037700641878
"Sorghum",38,3,150,"TSOpt default (targeted)",0.0840000000000032,0.409188917504183,0.474703323576185,0.797147323618256
"Sorghum",38,3,150,"TSOpt (untargeted)",0.14100000000002,0.392580462131287,0.421304558913745,0.7918681313102
"Sorghum",38,4,230,"TrainSel CDmean (targeted, published)",NA,0.426336110032923,0.459110158469912,0.748607567306975
"Sorghum",38,4,230,"TrainSel CDmean (untargeted, published)",NA,0.394411113064087,0.473771329554966,0.76385779231955
"Sorghum",38,4,230,"Random (published)",NA,0.402128403053622,0.437474358506849,0.783597680398455
"Sorghum",38,4,230,"TSOpt default (targeted)",0.173000000000002,0.42601132180811,0.455203163817495,0.744032764695803
"Sorghum",38,4,230,"TSOpt (untargeted)",0.283000000000015,0.413265637616219,0.472763491915618,0.81407256432051
"Sorghum",38,5,305,"TrainSel CDmean (targeted, published)",NA,0.4340186395823,0.475256917878541,0.797066028715452
"Sorghum",38,5,305,"TrainSel CDmean (untargeted, published)",NA,0.41897224681941,0.455093317405866,0.763319409210493
"Sorghum",38,5,305,"Random (published)",NA,0.404516862029592,0.455585907214985,0.748453213728165
"Sorghum",38,5,305,"TSOpt default (targeted)",0.324999999999989,0.433858028214001,0.476654615787917,0.760933603300167
"Sorghum",38,5,305,"TSOpt (untargeted)",0.452999999999975,0.427223756010534,0.473521868785242,0.78582218827746
"Sorghum",39,1,40,"TrainSel CDmean (targeted, published)",NA,0.316972732969735,0.48756515985395,0.852908335252262
"Sorghum",39,1,40,"TrainSel CDmean (untargeted, published)",NA,0.272265496580429,0.368099249021174,0.731815176898811
"Sorghum",39,1,40,"Random (published)",NA,0.227827392207724,0.337817699850787,0.784258471293933
"Sorghum",39,1,40,"TSOpt default (targeted)",0.0259999999999536,0.316916226098098,0.548417419575822,0.824599448045327
"Sorghum",39,1,40,"TSOpt (untargeted)",0.0540000000000305,0.295100873599744,0.396371882311056,0.804325315249535
"Sorghum",39,2,75,"TrainSel CDmean (targeted, published)",NA,0.367928636124934,0.474835821351213,0.832189800241948
"Sorghum",39,2,75,"TrainSel CDmean (untargeted, published)",NA,0.324330884554314,0.438864230367404,0.815881433475454
"Sorghum",39,2,75,"Random (published)",NA,0.293876767620502,0.354863464356516,0.713120742239428
"Sorghum",39,2,75,"TSOpt default (targeted)",0.0339999999999918,0.366779466143237,0.472866086685902,0.843893341092798
"Sorghum",39,2,75,"TSOpt (untargeted)",0.0720000000000027,0.343039577478081,0.4908611714333,0.861999922196548
"Sorghum",39,3,150,"TrainSel CDmean (targeted, published)",NA,0.409022832621546,0.527385230015754,0.831616289338571
"Sorghum",39,3,150,"TrainSel CDmean (untargeted, published)",NA,0.354626950865004,0.420049127358162,0.785245326097802
"Sorghum",39,3,150,"Random (published)",NA,0.365050811557069,0.449322377060329,0.785674436715852
"Sorghum",39,3,150,"TSOpt default (targeted)",0.0780000000000314,0.407755093747655,0.518174041213811,0.843810018347805
"Sorghum",39,3,150,"TSOpt (untargeted)",0.139999999999986,0.386730002529358,0.495343957148408,0.869714270253219
"Sorghum",39,4,230,"TrainSel CDmean (targeted, published)",NA,0.425665558580196,0.539843137865141,0.836781829389912
"Sorghum",39,4,230,"TrainSel CDmean (untargeted, published)",NA,0.390304722966303,0.514959121050504,0.84381997837452
"Sorghum",39,4,230,"Random (published)",NA,0.391939970050634,0.46736532782316,0.828787136160595
"Sorghum",39,4,230,"TSOpt default (targeted)",0.175000000000011,0.42465061742608,0.543132514069725,0.837193260449582
"Sorghum",39,4,230,"TSOpt (untargeted)",0.283999999999992,0.409501027886781,0.529881393829511,0.857288234101676
"Sorghum",39,5,305,"TrainSel CDmean (targeted, published)",NA,0.433359702476326,0.534883180978974,0.832758873875166
"Sorghum",39,5,305,"TrainSel CDmean (untargeted, published)",NA,0.416058025401002,0.509756349510254,0.852717550173787
"Sorghum",39,5,305,"Random (published)",NA,0.4232576008424,0.491353974264184,0.849592867882898
"Sorghum",39,5,305,"TSOpt default (targeted)",0.311000000000035,0.43313392244187,0.535943609662798,0.83889470132361
"Sorghum",39,5,305,"TSOpt (untargeted)",0.456999999999994,0.425725085059241,0.531422200912303,0.836676139599116
"Sorghum",40,1,40,"TrainSel CDmean (targeted, published)",NA,0.345218126115481,0.431639658724353,0.73325479103737
"Sorghum",40,1,40,"TrainSel CDmean (untargeted, published)",NA,0.301950440572848,0.347541367567461,0.780431219789053
"Sorghum",40,1,40,"Random (published)",NA,0.255886902571911,0.403032719724651,0.770532157177667
"Sorghum",40,1,40,"TSOpt default (targeted)",0.0240000000000009,0.345481012054433,0.406705733264099,0.727921828156163
"Sorghum",40,1,40,"TSOpt (untargeted)",0.0480000000000018,0.323160674796032,0.3688908566724,0.789047947618683
"Sorghum",40,2,75,"TrainSel CDmean (targeted, published)",NA,0.399784945537922,0.530554026420426,0.760329860653672
"Sorghum",40,2,75,"TrainSel CDmean (untargeted, published)",NA,0.350021262134138,0.427196337495088,0.753220671307268
"Sorghum",40,2,75,"Random (published)",NA,0.331501210579522,0.446018548273318,0.756855108315641
"Sorghum",40,2,75,"TSOpt default (targeted)",0.035000000000025,0.400623788496071,0.491609336232805,0.732744463611023
"Sorghum",40,2,75,"TSOpt (untargeted)",0.0690000000000168,0.376167444237486,0.449742499012045,0.776251224628542
"Sorghum",40,3,150,"TrainSel CDmean (targeted, published)",NA,0.444670391245818,0.559516844812835,0.745952049835964
"Sorghum",40,3,150,"TrainSel CDmean (untargeted, published)",NA,0.389245116189652,0.466486918434369,0.842875186463644
"Sorghum",40,3,150,"Random (published)",NA,0.397084188208057,0.506764940335487,0.754932245518597
"Sorghum",40,3,150,"TSOpt default (targeted)",0.0840000000000032,0.443815281118994,0.547620082308295,0.761277587303569
"Sorghum",40,3,150,"TSOpt (untargeted)",0.144000000000005,0.425178211470031,0.503458230643747,0.792826924791704
"Sorghum",40,4,230,"TrainSel CDmean (targeted, published)",NA,0.463740550961366,0.573491803500835,0.788182066409524
"Sorghum",40,4,230,"TrainSel CDmean (untargeted, published)",NA,0.426427723308201,0.583633077324244,0.828533095842311
"Sorghum",40,4,230,"Random (published)",NA,0.437253846747691,0.561823025236673,0.81399111741047
"Sorghum",40,4,230,"TSOpt default (targeted)",0.166999999999973,0.462662874987801,0.568346463914536,0.777333481501192
"Sorghum",40,4,230,"TSOpt (untargeted)",0.27600000000001,0.447071870042653,0.529395572819801,0.799566035286703
"Sorghum",40,5,305,"TrainSel CDmean (targeted, published)",NA,0.472648383363711,0.565323323492394,0.829309284268122
"Sorghum",40,5,305,"TrainSel CDmean (untargeted, published)",NA,0.455683298103188,0.563198794324304,0.816723040091364
"Sorghum",40,5,305,"Random (published)",NA,0.460587406077132,0.587218160715477,0.803927059813693
"Sorghum",40,5,305,"TSOpt default (targeted)",0.313999999999965,0.472222088488035,0.578974853380467,0.826962009858674
"Sorghum",40,5,305,"TSOpt (untargeted)",0.463000000000022,0.465729409460627,0.561951183091331,0.818748549047621
