"dataset","rep","size","n","method","seconds","cdmean","pa","ndcg10"
"Spruce",1,1,145,"TrainSel CDmean (targeted, published)",NA,0.301247114836705,0.234208097362963,0.67757347303475
"Spruce",1,1,145,"TrainSel CDmean (untargeted, published)",NA,0.284045141354017,0.19658385521689,0.609305882381639
"Spruce",1,1,145,"Random (published)",NA,0.259969036675592,0.210899341429069,0.618289381248258
"Spruce",1,1,145,"TSOpt default (targeted)",0.383,0.306326815764522,0.315250485081277,0.655016581189543
"Spruce",1,1,145,"TSOpt (untargeted)",1.268,0.294537638005264,0.307759448815712,0.690311968380213
"Spruce",1,2,290,"TrainSel CDmean (targeted, published)",NA,0.374427097537162,0.296775395697157,0.657183152694561
"Spruce",1,2,290,"TrainSel CDmean (untargeted, published)",NA,0.357766620041586,0.324323485094212,0.673461576464031
"Spruce",1,2,290,"Random (published)",NA,0.34260611775863,0.243266924973068,0.630977592784645
"Spruce",1,2,290,"TSOpt default (targeted)",0.764,0.380416179719055,0.339982645136466,0.632183627069868
"Spruce",1,2,290,"TSOpt (untargeted)",2.702,0.366633083559775,0.331233923512546,0.689277343460754
"Spruce",1,3,585,"TrainSel CDmean (targeted, published)",NA,0.442100055192311,0.30878828216877,0.634686106878771
"Spruce",1,3,585,"TrainSel CDmean (untargeted, published)",NA,0.42108924201744,0.330245633377869,0.68164599959632
"Spruce",1,3,585,"Random (published)",NA,0.423314857065477,0.335421815525436,0.690131150721873
"Spruce",1,3,585,"TSOpt default (targeted)",3.041,0.449344775166047,0.354571595047367,0.674933411480458
"Spruce",1,3,585,"TSOpt (untargeted)",7.778,0.434454699598621,0.348373027232535,0.707331781031057
"Spruce",1,4,875,"TrainSel CDmean (targeted, published)",NA,0.480473607272794,0.360119250746981,0.663965035187024
"Spruce",1,4,875,"TrainSel CDmean (untargeted, published)",NA,0.46569874604862,0.31425816900518,0.662245649386775
"Spruce",1,4,875,"Random (published)",NA,0.46865101084822,0.31720189021927,0.649450739321677
"Spruce",1,4,875,"TSOpt default (targeted)",7.913,0.486320754413048,0.337651805474285,0.662882196936506
"Spruce",1,4,875,"TSOpt (untargeted)",14.226,0.474658192893563,0.345916364545328,0.67834945084853
"Spruce",1,5,1170,"TrainSel CDmean (targeted, published)",NA,0.507339246813829,0.331522491810491,0.664665351027023
"Spruce",1,5,1170,"TrainSel CDmean (untargeted, published)",NA,0.500626944454698,0.322321439436371,0.663429762425231
"Spruce",1,5,1170,"Random (published)",NA,0.501194474888507,0.315511979599003,0.659867030416428
"Spruce",1,5,1170,"TSOpt default (targeted)",16.582,0.511318853801406,0.329896139378348,0.656985092414868
"Spruce",1,5,1170,"TSOpt (untargeted)",27.231,0.505101689856864,0.343246406226224,0.667836956483878
"Spruce",2,1,145,"TrainSel CDmean (targeted, published)",NA,0.296033003393296,0.185792396734719,0.550648548854752
"Spruce",2,1,145,"TrainSel CDmean (untargeted, published)",NA,0.276735854250902,0.142550305526775,0.58915499359033
"Spruce",2,1,145,"Random (published)",NA,0.256543689623767,0.187677044634123,0.590187284207122
"Spruce",2,1,145,"TSOpt default (targeted)",0.459000000000003,0.300907689752384,0.135097894146785,0.545915289078504
"Spruce",2,1,145,"TSOpt (untargeted)",1.358,0.28490646218627,0.168322124751011,0.594865183890166
"Spruce",2,2,290,"TrainSel CDmean (targeted, published)",NA,0.369028341798004,0.236181015757368,0.63089011102546
"Spruce",2,2,290,"TrainSel CDmean (untargeted, published)",NA,0.347750133092869,0.224634927810173,0.623550587618978
"Spruce",2,2,290,"Random (published)",NA,0.338768136829954,0.246058161923909,0.639003416316038
"Spruce",2,2,290,"TSOpt default (targeted)",0.85499999999999,0.37473141422837,0.240559689312331,0.627658922556492
"Spruce",2,2,290,"TSOpt (untargeted)",2.76500000000001,0.358571764872065,0.25414198949945,0.629240741365338
"Spruce",2,3,585,"TrainSel CDmean (targeted, published)",NA,0.4363309684494,0.274047461875299,0.6548835030679
"Spruce",2,3,585,"TrainSel CDmean (untargeted, published)",NA,0.415157002764975,0.294296301215411,0.664979159011231
"Spruce",2,3,585,"Random (published)",NA,0.413259533894494,0.302646695769212,0.666768106962859
"Spruce",2,3,585,"TSOpt default (targeted)",3.04900000000001,0.443068976938255,0.296608834317933,0.658915252411616
"Spruce",2,3,585,"TSOpt (untargeted)",7.22999999999999,0.426638117082799,0.290789385856646,0.694045610774843
"Spruce",2,4,875,"TrainSel CDmean (targeted, published)",NA,0.473896663484565,0.328883621008751,0.678889416767623
"Spruce",2,4,875,"TrainSel CDmean (untargeted, published)",NA,0.460752984674461,0.319284129374571,0.700546149014749
"Spruce",2,4,875,"Random (published)",NA,0.460660562538468,0.294369788262798,0.678355240340024
"Spruce",2,4,875,"TSOpt default (targeted)",8.124,0.479335072394974,0.321127658584366,0.720504330375754
"Spruce",2,4,875,"TSOpt (untargeted)",14.385,0.467150581073592,0.318804288619014,0.69632300273768
"Spruce",2,5,1170,"TrainSel CDmean (targeted, published)",NA,0.500141690183177,0.308205326061047,0.669687718704702
"Spruce",2,5,1170,"TrainSel CDmean (untargeted, published)",NA,0.493759275109626,0.336766592369581,0.707147493681467
"Spruce",2,5,1170,"Random (published)",NA,0.49210323955048,0.34115636830828,0.720291779631561
"Spruce",2,5,1170,"TSOpt default (targeted)",16.759,0.503262651671798,0.335047337898662,0.707795893484796
"Spruce",2,5,1170,"TSOpt (untargeted)",27.139,0.498029125584586,0.344045306757048,0.729995108367994
"Spruce",3,1,145,"TrainSel CDmean (targeted, published)",NA,0.298917482343139,0.196356344964571,0.640042338982162
"Spruce",3,1,145,"TrainSel CDmean (untargeted, published)",NA,0.279676896808632,0.269072166884199,0.683272049412242
"Spruce",3,1,145,"Random (published)",NA,0.245802259096974,0.220093210620343,0.659962819511916
"Spruce",3,1,145,"TSOpt default (targeted)",0.431999999999988,0.303739906332274,0.213932146777708,0.609854140037387
"Spruce",3,1,145,"TSOpt (untargeted)",1.29300000000001,0.288430684489026,0.2301336394198,0.660605574507505
"Spruce",3,2,290,"TrainSel CDmean (targeted, published)",NA,0.371952171657499,0.30817878684846,0.654549582456028
"Spruce",3,2,290,"TrainSel CDmean (untargeted, published)",NA,0.350617527525625,0.314018249881314,0.68585440227955
"Spruce",3,2,290,"Random (published)",NA,0.332550116518923,0.302225033025706,0.679805597568735
"Spruce",3,2,290,"TSOpt default (targeted)",0.783999999999992,0.377440894561764,0.249789800605847,0.613424999725984
"Spruce",3,2,290,"TSOpt (untargeted)",2.678,0.361537080392948,0.315461666462751,0.682403128816369
"Spruce",3,3,585,"TrainSel CDmean (targeted, published)",NA,0.437742778120376,0.350594355613431,0.69543637455952
"Spruce",3,3,585,"TrainSel CDmean (untargeted, published)",NA,0.416382133161352,0.260868330054964,0.646432165703929
"Spruce",3,3,585,"Random (published)",NA,0.415620846644059,0.283549957063756,0.652210230916785
"Spruce",3,3,585,"TSOpt default (targeted)",3.00999999999999,0.444970531777618,0.305830613570321,0.638169980197919
"Spruce",3,3,585,"TSOpt (untargeted)",7.03800000000001,0.430043006582627,0.368840864960344,0.731815577905904
"Spruce",3,4,875,"TrainSel CDmean (targeted, published)",NA,0.475190822566658,0.331298085657113,0.688594318352548
"Spruce",3,4,875,"TrainSel CDmean (untargeted, published)",NA,0.46187521544973,0.299190256266792,0.672678959456123
"Spruce",3,4,875,"Random (published)",NA,0.45997305350366,0.336161372890244,0.656679871401007
"Spruce",3,4,875,"TSOpt default (targeted)",7.868,0.480977494771582,0.350921556505675,0.65816011194859
"Spruce",3,4,875,"TSOpt (untargeted)",14.681,0.469419011396225,0.342888255351419,0.722872503920719
"Spruce",3,5,1170,"TrainSel CDmean (targeted, published)",NA,0.501398095867314,0.339853765786154,0.693466514961973
"Spruce",3,5,1170,"TrainSel CDmean (untargeted, published)",NA,0.494168181477224,0.346382577883816,0.684994175063659
"Spruce",3,5,1170,"Random (published)",NA,0.494407596434653,0.349753699967498,0.695616550010789
"Spruce",3,5,1170,"TSOpt default (targeted)",16.515,0.505084681368685,0.330945533905189,0.676620540180718
"Spruce",3,5,1170,"TSOpt (untargeted)",26.263,0.499189139347341,0.347121843855254,0.685396799821173
"Spruce",4,1,145,"TrainSel CDmean (targeted, published)",NA,0.295672774938297,0.246435338499705,0.661837092375509
"Spruce",4,1,145,"TrainSel CDmean (untargeted, published)",NA,0.277508993006335,0.25729836074612,0.633717769469997
"Spruce",4,1,145,"Random (published)",NA,0.259367720364391,0.259171421530376,0.683694187186343
"Spruce",4,1,145,"TSOpt default (targeted)",0.406999999999982,0.300521266205975,0.229199539762269,0.639321030666557
"Spruce",4,1,145,"TSOpt (untargeted)",1.29000000000002,0.284995041447739,0.204173951209022,0.620834275198037
"Spruce",4,2,290,"TrainSel CDmean (targeted, published)",NA,0.369447777157801,0.30070962613956,0.705659301339502
"Spruce",4,2,290,"TrainSel CDmean (untargeted, published)",NA,0.347477558045116,0.356421642443977,0.685085945660825
"Spruce",4,2,290,"Random (published)",NA,0.333200845539155,0.233323450377398,0.652154332528562
"Spruce",4,2,290,"TSOpt default (targeted)",0.781999999999982,0.374732029427986,0.28737214733578,0.694621331085755
"Spruce",4,2,290,"TSOpt (untargeted)",2.69200000000001,0.359028019804525,0.317500666646493,0.714765034259808
"Spruce",4,3,585,"TrainSel CDmean (targeted, published)",NA,0.435434147513244,0.333368506574409,0.683252852611819
"Spruce",4,3,585,"TrainSel CDmean (untargeted, published)",NA,0.415691443471834,0.320368268317308,0.697260377529969
"Spruce",4,3,585,"Random (published)",NA,0.414050318845256,0.312200507717803,0.687921128507341
"Spruce",4,3,585,"TSOpt default (targeted)",3.00900000000001,0.442625292634684,0.322034092570658,0.693539581551128
"Spruce",4,3,585,"TSOpt (untargeted)",7.00199999999995,0.427941018588599,0.338269813816806,0.695705633927932
"Spruce",4,4,875,"TrainSel CDmean (targeted, published)",NA,0.473375536217653,0.35681851802786,0.693584033594926
"Spruce",4,4,875,"TrainSel CDmean (untargeted, published)",NA,0.461079472390067,0.336001680088092,0.689914492822178
"Spruce",4,4,875,"Random (published)",NA,0.459771639847388,0.363461757462704,0.700507124695361
"Spruce",4,4,875,"TSOpt default (targeted)",7.70699999999999,0.478881178541072,0.35253754742867,0.714404026583643
"Spruce",4,4,875,"TSOpt (untargeted)",14.216,0.468080701352003,0.351927974635695,0.703930189282256
"Spruce",4,5,1170,"TrainSel CDmean (targeted, published)",NA,0.499876906394831,0.358293471619366,0.69597810413048
"Spruce",4,5,1170,"TrainSel CDmean (untargeted, published)",NA,0.493822698872891,0.377488901365975,0.705448984460391
"Spruce",4,5,1170,"Random (published)",NA,0.493974786189983,0.365150167566037,0.705715934064932
"Spruce",4,5,1170,"TSOpt default (targeted)",16.297,0.50322175043736,0.364597498141053,0.70045891604476
"Spruce",4,5,1170,"TSOpt (untargeted)",26.327,0.497621691304717,0.366413541853768,0.694567416976207
"Spruce",5,1,145,"TrainSel CDmean (targeted, published)",NA,0.304132593055511,0.265321207814718,0.687946885186746
"Spruce",5,1,145,"TrainSel CDmean (untargeted, published)",NA,0.282758388283449,0.196736342766094,0.670906264826232
"Spruce",5,1,145,"Random (published)",NA,0.252077473259029,0.242617134835377,0.719860504075875
"Spruce",5,1,145,"TSOpt default (targeted)",0.375,0.309284458973772,0.263584315536762,0.645592230590207
"Spruce",5,1,145,"TSOpt (untargeted)",1.322,0.294478368889291,0.243482637205277,0.682324965228157
"Spruce",5,2,290,"TrainSel CDmean (targeted, published)",NA,0.376890967812694,0.322737367395189,0.694275044620789
"Spruce",5,2,290,"TrainSel CDmean (untargeted, published)",NA,0.356460656659763,0.288619358159246,0.700040827107284
"Spruce",5,2,290,"Random (published)",NA,0.342753936942731,0.246001966046291,0.679281396935101
"Spruce",5,2,290,"TSOpt default (targeted)",0.774000000000001,0.382769862427177,0.356070851741366,0.70691513342661
"Spruce",5,2,290,"TSOpt (untargeted)",2.67500000000001,0.367588892888491,0.315843788799901,0.704689129157213
"Spruce",5,3,585,"TrainSel CDmean (targeted, published)",NA,0.443723075803227,0.331354599304824,0.683406150026755
"Spruce",5,3,585,"TrainSel CDmean (untargeted, published)",NA,0.42102873771277,0.3427147177536,0.708900836773933
"Spruce",5,3,585,"Random (published)",NA,0.420097047151809,0.280067240161107,0.686793976154286
"Spruce",5,3,585,"TSOpt default (targeted)",2.88600000000002,0.45074319420769,0.361277672381375,0.715787854970447
"Spruce",5,3,585,"TSOpt (untargeted)",6.90199999999999,0.435046326259489,0.323299293706165,0.704223213660217
"Spruce",5,4,875,"TrainSel CDmean (targeted, published)",NA,0.481098546336666,0.329368413890314,0.69235461346239
"Spruce",5,4,875,"TrainSel CDmean (untargeted, published)",NA,0.466241341806931,0.332991054978317,0.710724463175374
"Spruce",5,4,875,"Random (published)",NA,0.466964992487607,0.34313359412857,0.721454646705644
"Spruce",5,4,875,"TSOpt default (targeted)",7.51600000000002,0.486953814289052,0.350747677113569,0.698029376695425
"Spruce",5,4,875,"TSOpt (untargeted)",14.206,0.474326891564967,0.348326539185866,0.710688596800386
"Spruce",5,5,1170,"TrainSel CDmean (targeted, published)",NA,0.508251064403084,0.358767727899902,0.714310416686308
"Spruce",5,5,1170,"TrainSel CDmean (untargeted, published)",NA,0.499736121735312,0.347426496643966,0.706156968113184
"Spruce",5,5,1170,"Random (published)",NA,0.499214614210135,0.350245825952063,0.706130619431466
"Spruce",5,5,1170,"TSOpt default (targeted)",16.379,0.511087484496621,0.338311319411746,0.702341584732373
"Spruce",5,5,1170,"TSOpt (untargeted)",26.057,0.505070289710545,0.360008169796782,0.712253895326318
"Spruce",6,1,145,"TrainSel CDmean (targeted, published)",NA,0.3018190869162,0.125389609542091,0.596149965303373
"Spruce",6,1,145,"TrainSel CDmean (untargeted, published)",NA,0.282715188640545,0.170626630104109,0.581714048982254
"Spruce",6,1,145,"Random (published)",NA,0.259212596731169,0.112674432005145,0.624520586337344
"Spruce",6,1,145,"TSOpt default (targeted)",0.370000000000005,0.306921606591225,0.184624700453777,0.629122409221813
"Spruce",6,1,145,"TSOpt (untargeted)",1.36799999999994,0.290781473676821,0.217081272600819,0.633945482255307
"Spruce",6,2,290,"TrainSel CDmean (targeted, published)",NA,0.37461312334959,0.237414912024503,0.653127067804774
"Spruce",6,2,290,"TrainSel CDmean (untargeted, published)",NA,0.354452783734878,0.222506808100508,0.650421454746967
"Spruce",6,2,290,"Random (published)",NA,0.339682704412335,0.204117162416969,0.671632127552438
"Spruce",6,2,290,"TSOpt default (targeted)",0.776000000000067,0.380550998297235,0.24439619923382,0.671252592067249
"Spruce",6,2,290,"TSOpt (untargeted)",2.70600000000002,0.364365177543249,0.249308768633206,0.691011099136379
"Spruce",6,3,585,"TrainSel CDmean (targeted, published)",NA,0.441157769955491,0.255205683317835,0.625675382500793
"Spruce",6,3,585,"TrainSel CDmean (untargeted, published)",NA,0.417285439643494,0.247566440019448,0.650047426781669
"Spruce",6,3,585,"Random (published)",NA,0.416321329313235,0.280687582487306,0.691692861544551
"Spruce",6,3,585,"TSOpt default (targeted)",3.09500000000003,0.44791408947079,0.24843531818425,0.673571842642558
"Spruce",6,3,585,"TSOpt (untargeted)",7.04499999999996,0.432029728538066,0.269412728621315,0.703370847249445
"Spruce",6,4,875,"TrainSel CDmean (targeted, published)",NA,0.478173678658915,0.255315750247258,0.65751596982881
"Spruce",6,4,875,"TrainSel CDmean (untargeted, published)",NA,0.463466986999789,0.242456003089095,0.642945266831218
"Spruce",6,4,875,"Random (published)",NA,0.463355467035685,0.225801755102311,0.623995051136979
"Spruce",6,4,875,"TSOpt default (targeted)",7.69600000000003,0.483949515915567,0.257570462374072,0.690774536165383
"Spruce",6,4,875,"TSOpt (untargeted)",14.359,0.472643512011063,0.281814861684674,0.710522602787828
"Spruce",6,5,1170,"TrainSel CDmean (targeted, published)",NA,0.504880145686145,0.252580585768509,0.63894449483896
"Spruce",6,5,1170,"TrainSel CDmean (untargeted, published)",NA,0.498135572876524,0.280150977027701,0.659172340812879
"Spruce",6,5,1170,"Random (published)",NA,0.497605435093632,0.264511581075681,0.669220608950669
"Spruce",6,5,1170,"TSOpt default (targeted)",16.224,0.508137620637849,0.254551001582991,0.638620004109154
"Spruce",6,5,1170,"TSOpt (untargeted)",25.789,0.502779368374241,0.284926013042011,0.688805196857217
"Spruce",7,1,145,"TrainSel CDmean (targeted, published)",NA,0.295911712143046,0.222804873830963,0.593373550498199
"Spruce",7,1,145,"TrainSel CDmean (untargeted, published)",NA,0.277872685430992,0.331836290246817,0.711280289572564
"Spruce",7,1,145,"Random (published)",NA,0.255285912977228,0.186434277705055,0.651715175520432
"Spruce",7,1,145,"TSOpt default (targeted)",0.432999999999993,0.301349442631944,0.238585671292457,0.643544743114204
"Spruce",7,1,145,"TSOpt (untargeted)",1.28899999999999,0.286425025982838,0.29560955608765,0.686905350802705
"Spruce",7,2,290,"TrainSel CDmean (targeted, published)",NA,0.369059326288519,0.315516429605391,0.687641810738497
"Spruce",7,2,290,"TrainSel CDmean (untargeted, published)",NA,0.348815762706791,0.340564728141702,0.683952099533243
"Spruce",7,2,290,"Random (published)",NA,0.3350166334505,0.345941062774911,0.686798179361485
"Spruce",7,2,290,"TSOpt default (targeted)",0.745000000000005,0.374723838457617,0.302139406270623,0.662031171905837
"Spruce",7,2,290,"TSOpt (untargeted)",2.60500000000002,0.358744367690714,0.326339090362972,0.656525667151452
"Spruce",7,3,585,"TrainSel CDmean (targeted, published)",NA,0.435900466013213,0.35583341829948,0.699801598780736
"Spruce",7,3,585,"TrainSel CDmean (untargeted, published)",NA,0.415301477214303,0.355281782899202,0.741339603537726
"Spruce",7,3,585,"Random (published)",NA,0.414115954906075,0.351538855981996,0.6772819383308
"Spruce",7,3,585,"TSOpt default (targeted)",3.27999999999997,0.44295507796965,0.34477462961812,0.691418071132608
"Spruce",7,3,585,"TSOpt (untargeted)",6.649,0.427951274992775,0.350689817798353,0.692090792504214
"Spruce",7,4,875,"TrainSel CDmean (targeted, published)",NA,0.473339457443342,0.356301028484705,0.712977005044857
"Spruce",7,4,875,"TrainSel CDmean (untargeted, published)",NA,0.460426647553618,0.349894611359568,0.712859584065449
"Spruce",7,4,875,"Random (published)",NA,0.459101158242998,0.358719360712113,0.748072734771971
"Spruce",7,4,875,"TSOpt default (targeted)",7.06399999999996,0.479013220860993,0.36777143900445,0.705175494566637
"Spruce",7,4,875,"TSOpt (untargeted)",14.13,0.467418154020722,0.352241242620682,0.68825583586666
"Spruce",7,5,1170,"TrainSel CDmean (targeted, published)",NA,0.500222640107452,0.363845708217206,0.697811207866723
"Spruce",7,5,1170,"TrainSel CDmean (untargeted, published)",NA,0.493358143379091,0.365902124470556,0.67347210604182
"Spruce",7,5,1170,"Random (published)",NA,0.493329522921873,0.379306379386033,0.728541820411289
"Spruce",7,5,1170,"TSOpt default (targeted)",15.533,0.503414499556682,0.367021194227835,0.696117076269817
"Spruce",7,5,1170,"TSOpt (untargeted)",24.7429999999999,0.497748529131496,0.362345700412332,0.691775908989525
"Spruce",8,1,145,"TrainSel CDmean (targeted, published)",NA,0.296878924836845,0.20463502452967,0.680388080597377
"Spruce",8,1,145,"TrainSel CDmean (untargeted, published)",NA,0.279308554658386,0.224506703211917,0.669461022562643
"Spruce",8,1,145,"Random (published)",NA,0.259078263632838,0.253159671862667,0.708905498529874
"Spruce",8,1,145,"TSOpt default (targeted)",0.356000000000108,0.300996117915207,0.1607411708573,0.667825068828632
"Spruce",8,1,145,"TSOpt (untargeted)",1.25699999999995,0.285720058697545,0.183711402669488,0.617284005935296
"Spruce",8,2,290,"TrainSel CDmean (targeted, published)",NA,0.368498069650823,0.266951343365467,0.669023057065391
"Spruce",8,2,290,"TrainSel CDmean (untargeted, published)",NA,0.351263298014494,0.251053173647707,0.677253980440083
"Spruce",8,2,290,"Random (published)",NA,0.33680906593987,0.20814425588204,0.626740739794333
"Spruce",8,2,290,"TSOpt default (targeted)",0.735000000000014,0.374424485849942,0.251779358684262,0.686870058451954
"Spruce",8,2,290,"TSOpt (untargeted)",2.51699999999994,0.35951645299124,0.236817701730527,0.644347173062437
"Spruce",8,3,585,"TrainSel CDmean (targeted, published)",NA,0.436616093950536,0.268376609146842,0.673605852389473
"Spruce",8,3,585,"TrainSel CDmean (untargeted, published)",NA,0.416060684710734,0.295954010193403,0.695017255183015
"Spruce",8,3,585,"Random (published)",NA,0.416061454075285,0.276591431070614,0.692304952574445
"Spruce",8,3,585,"TSOpt default (targeted)",2.69799999999998,0.442902214412834,0.246902035777249,0.666498364502746
"Spruce",8,3,585,"TSOpt (untargeted)",6.54700000000003,0.427765102173155,0.269549115981801,0.655999942121055
"Spruce",8,4,875,"TrainSel CDmean (targeted, published)",NA,0.47396057366225,0.283549675612219,0.689352982654084
"Spruce",8,4,875,"TrainSel CDmean (untargeted, published)",NA,0.460792552818384,0.32175847886791,0.679863659520696
"Spruce",8,4,875,"Random (published)",NA,0.459987649101172,0.271407464604299,0.662224981934126
"Spruce",8,4,875,"TSOpt default (targeted)",7.27499999999998,0.479686850339577,0.285953433481763,0.680266630269159
"Spruce",8,4,875,"TSOpt (untargeted)",13.6840000000001,0.468440012096344,0.290370613558385,0.674834002785049
"Spruce",8,5,1170,"TrainSel CDmean (targeted, published)",NA,0.500693985501251,0.298727694251934,0.670074128610851
"Spruce",8,5,1170,"TrainSel CDmean (untargeted, published)",NA,0.49409422968957,0.322789603658793,0.695897373449372
"Spruce",8,5,1170,"Random (published)",NA,0.493152791124699,0.303885199072536,0.68847630318777
"Spruce",8,5,1170,"TSOpt default (targeted)",14.974,0.504577813754075,0.315029924027407,0.689642019413032
"Spruce",8,5,1170,"TSOpt (untargeted)",24.4789999999999,0.498888396213834,0.295838955230533,0.681936357976462
"Spruce",9,1,145,"TrainSel CDmean (targeted, published)",NA,0.294428731952341,0.260694061216797,0.674419784944307
"Spruce",9,1,145,"TrainSel CDmean (untargeted, published)",NA,0.276071131296629,0.175500752217127,0.580638974557369
"Spruce",9,1,145,"Random (published)",NA,0.251589500760385,0.205240716396289,0.599238132059477
"Spruce",9,1,145,"TSOpt default (targeted)",0.352000000000089,0.298936397066631,0.248111031698565,0.657602031736708
"Spruce",9,1,145,"TSOpt (untargeted)",1.32599999999991,0.283590251273552,0.185693376836063,0.648377592528477
"Spruce",9,2,290,"TrainSel CDmean (targeted, published)",NA,0.366924180828724,0.277542254808413,0.671721412248346
"Spruce",9,2,290,"TrainSel CDmean (untargeted, published)",NA,0.347253023443993,0.215458307763724,0.615923818461545
"Spruce",9,2,290,"Random (published)",NA,0.334157928677949,0.268443710305005,0.610668546487364
"Spruce",9,2,290,"TSOpt default (targeted)",0.762000000000057,0.372348784525829,0.250399205592801,0.617560799505709
"Spruce",9,2,290,"TSOpt (untargeted)",2.65800000000002,0.35722641491081,0.218927210498992,0.667636846231196
"Spruce",9,3,585,"TrainSel CDmean (targeted, published)",NA,0.432584551264933,0.286095818793637,0.650989483504511
"Spruce",9,3,585,"TrainSel CDmean (untargeted, published)",NA,0.413183233009741,0.252061779322204,0.645875022240832
"Spruce",9,3,585,"Random (published)",NA,0.411535435955399,0.286800512815887,0.606919357443088
"Spruce",9,3,585,"TSOpt default (targeted)",2.79700000000003,0.440111450510541,0.271006084612473,0.625463575650081
"Spruce",9,3,585,"TSOpt (untargeted)",6.67999999999995,0.425768625729955,0.268600003552505,0.650368617996547
"Spruce",9,4,875,"TrainSel CDmean (targeted, published)",NA,0.470386217479213,0.301282244127376,0.666854701283258
"Spruce",9,4,875,"TrainSel CDmean (untargeted, published)",NA,0.458264730932427,0.260208772469684,0.636200433436233
"Spruce",9,4,875,"Random (published)",NA,0.455940659317136,0.28189729755253,0.661055967302947
"Spruce",9,4,875,"TSOpt default (targeted)",7.15099999999995,0.476357620640819,0.273931208088114,0.647817597809315
"Spruce",9,4,875,"TSOpt (untargeted)",13.349,0.466173993023708,0.256062984235495,0.652705174546627
"Spruce",9,5,1170,"TrainSel CDmean (targeted, published)",NA,0.497487898809369,0.272209658082306,0.649906766438069
"Spruce",9,5,1170,"TrainSel CDmean (untargeted, published)",NA,0.49132078279665,0.278294835225708,0.645928717666811
"Spruce",9,5,1170,"Random (published)",NA,0.491058571378055,0.264079639941789,0.63456161445032
"Spruce",9,5,1170,"TSOpt default (targeted)",15.401,0.500681521888161,0.29721179534925,0.651926162900003
"Spruce",9,5,1170,"TSOpt (untargeted)",26.5710000000001,0.49587704201925,0.273704759384372,0.633167812732758
"Spruce",10,1,145,"TrainSel CDmean (targeted, published)",NA,0.293438299306759,0.20576858163478,0.654442031552297
"Spruce",10,1,145,"TrainSel CDmean (untargeted, published)",NA,0.272308387366872,0.200355800879194,0.679192587681065
"Spruce",10,1,145,"Random (published)",NA,0.250935878014263,0.19384822771711,0.557496685882015
"Spruce",10,1,145,"TSOpt default (targeted)",0.353000000000065,0.296947875927316,0.254850862901768,0.688905398708649
"Spruce",10,1,145,"TSOpt (untargeted)",1.24700000000007,0.283605325570732,0.237231861532439,0.663447628276526
"Spruce",10,2,290,"TrainSel CDmean (targeted, published)",NA,0.364023270956307,0.315757447766777,0.7388817155575
"Spruce",10,2,290,"TrainSel CDmean (untargeted, published)",NA,0.34399191141538,0.267799485293157,0.670783622362808
"Spruce",10,2,290,"Random (published)",NA,0.333206606929432,0.288112670513397,0.697913574531141
"Spruce",10,2,290,"TSOpt default (targeted)",0.73700000000008,0.369512850092446,0.293336901536363,0.693279953393032
"Spruce",10,2,290,"TSOpt (untargeted)",2.59799999999996,0.35449159426502,0.272234345627996,0.690843346698583
"Spruce",10,3,585,"TrainSel CDmean (targeted, published)",NA,0.430041656195707,0.330895861227478,0.703234231631681
"Spruce",10,3,585,"TrainSel CDmean (untargeted, published)",NA,0.409609733124918,0.310735230065058,0.663727511198843
"Spruce",10,3,585,"Random (published)",NA,0.408376677959493,0.303771991866894,0.639270715536041
"Spruce",10,3,585,"TSOpt default (targeted)",2.68799999999987,0.436669091719929,0.324346200321393,0.691629319344717
"Spruce",10,3,585,"TSOpt (untargeted)",6.49099999999999,0.423322619980964,0.314242828295338,0.699518702786654
"Spruce",10,4,875,"TrainSel CDmean (targeted, published)",NA,0.467658451213514,0.329259701289529,0.698129302330452
"Spruce",10,4,875,"TrainSel CDmean (untargeted, published)",NA,0.453773464340422,0.319423777533503,0.669420198966617
"Spruce",10,4,875,"Random (published)",NA,0.453423234903809,0.327876745098346,0.681153474417558
"Spruce",10,4,875,"TSOpt default (targeted)",6.99199999999996,0.472849075820732,0.343398142112438,0.700606408386189
"Spruce",10,4,875,"TSOpt (untargeted)",13.383,0.463075107702086,0.331860571656591,0.676817170344252
"Spruce",10,5,1170,"TrainSel CDmean (targeted, published)",NA,0.494057539724131,0.334281828838954,0.688307420912654
"Spruce",10,5,1170,"TrainSel CDmean (untargeted, published)",NA,0.486101433622263,0.319267278753766,0.661552892959083
"Spruce",10,5,1170,"Random (published)",NA,0.487071230908525,0.346706407051245,0.667467111965433
"Spruce",10,5,1170,"TSOpt default (targeted)",15.3910000000001,0.497134294078554,0.345642725835952,0.68008531927398
"Spruce",10,5,1170,"TSOpt (untargeted)",24.579,0.492179917460897,0.345045016286127,0.676830406556702
"Spruce",11,1,145,"TrainSel CDmean (targeted, published)",NA,0.30605023721821,0.225795494368825,0.649386683259068
"Spruce",11,1,145,"TrainSel CDmean (untargeted, published)",NA,0.283026103156416,0.230616163905129,0.658785940492126
"Spruce",11,1,145,"Random (published)",NA,0.255069406405892,0.156445404859195,0.612801411191338
"Spruce",11,1,145,"TSOpt default (targeted)",0.358999999999924,0.310840325297306,0.254543531371424,0.642793500362838
"Spruce",11,1,145,"TSOpt (untargeted)",1.22800000000007,0.293608103359085,0.256212538216429,0.665508112583652
"Spruce",11,2,290,"TrainSel CDmean (targeted, published)",NA,0.376820377771511,0.255470778907452,0.632634541594
"Spruce",11,2,290,"TrainSel CDmean (untargeted, published)",NA,0.35288210121223,0.196636895895874,0.655586828672497
"Spruce",11,2,290,"Random (published)",NA,0.339114129419944,0.249397147932106,0.684896034690385
"Spruce",11,2,290,"TSOpt default (targeted)",0.722999999999956,0.38342565250903,0.278800312542265,0.634260586257392
"Spruce",11,2,290,"TSOpt (untargeted)",2.56700000000001,0.36779718841674,0.287353135643146,0.691544761064895
"Spruce",11,3,585,"TrainSel CDmean (targeted, published)",NA,0.443271297019703,0.293438624963602,0.625282255435507
"Spruce",11,3,585,"TrainSel CDmean (untargeted, published)",NA,0.419258654572912,0.293089125916887,0.646997745106971
"Spruce",11,3,585,"Random (published)",NA,0.415287399838913,0.225454290646986,0.627362894904807
"Spruce",11,3,585,"TSOpt default (targeted)",2.673,0.450216127340296,0.30281871009452,0.674497302539403
"Spruce",11,3,585,"TSOpt (untargeted)",6.46499999999992,0.434235217011386,0.285421493974479,0.655055649204897
"Spruce",11,4,875,"TrainSel CDmean (targeted, published)",NA,0.479697470695901,0.313817121657735,0.654812235205634
"Spruce",11,4,875,"TrainSel CDmean (untargeted, published)",NA,0.46571154703485,0.269962411746243,0.66312599634073
"Spruce",11,4,875,"Random (published)",NA,0.466182134667903,0.284951513408546,0.653779094425769
"Spruce",11,4,875,"TSOpt default (targeted)",7.221,0.486103933260347,0.300970024435145,0.65301818163368
"Spruce",11,4,875,"TSOpt (untargeted)",13.9440000000002,0.473674868533238,0.311427231443223,0.653910492683766
"Spruce",11,5,1170,"TrainSel CDmean (targeted, published)",NA,0.506281698545292,0.3218550840318,0.661845179424913
"Spruce",11,5,1170,"TrainSel CDmean (untargeted, published)",NA,0.498465379065651,0.312706269301699,0.668706902561266
"Spruce",11,5,1170,"Random (published)",NA,0.49798944350372,0.314309398790071,0.688869011883419
"Spruce",11,5,1170,"TSOpt default (targeted)",16.934,0.510145184397453,0.306488674663337,0.661091018674983
"Spruce",11,5,1170,"TSOpt (untargeted)",26.3519999999999,0.503363617980703,0.322682132676661,0.676950066694813
"Spruce",12,1,145,"TrainSel CDmean (targeted, published)",NA,0.296333288303675,0.218269089531074,0.634307105917699
"Spruce",12,1,145,"TrainSel CDmean (untargeted, published)",NA,0.277168509319501,0.21477937080404,0.623276115176464
"Spruce",12,1,145,"Random (published)",NA,0.251637008715364,0.208841959151042,0.685693675683078
"Spruce",12,1,145,"TSOpt default (targeted)",0.391000000000076,0.301005725657395,0.250157947523776,0.639141169803376
"Spruce",12,1,145,"TSOpt (untargeted)",1.38499999999999,0.286645318355977,0.19855079595618,0.646447049849774
"Spruce",12,2,290,"TrainSel CDmean (targeted, published)",NA,0.369189793308785,0.297226615056594,0.665287357534213
"Spruce",12,2,290,"TrainSel CDmean (untargeted, published)",NA,0.350835522989001,0.283323684182461,0.689909717756614
"Spruce",12,2,290,"Random (published)",NA,0.335390409019193,0.26806742452979,0.679478495922073
"Spruce",12,2,290,"TSOpt default (targeted)",0.769000000000005,0.375434471055256,0.302199089719544,0.626393664395259
"Spruce",12,2,290,"TSOpt (untargeted)",2.93599999999992,0.362153016981217,0.261344346895295,0.719974466265258
"Spruce",12,3,585,"TrainSel CDmean (targeted, published)",NA,0.437370644609697,0.323019970821691,0.661566292435098
"Spruce",12,3,585,"TrainSel CDmean (untargeted, published)",NA,0.418337629246963,0.350538847322869,0.694933968561024
"Spruce",12,3,585,"Random (published)",NA,0.416439301443273,0.305978442255684,0.694285123929484
"Spruce",12,3,585,"TSOpt default (targeted)",3.125,0.444511998008317,0.344453287209849,0.710691063468752
"Spruce",12,3,585,"TSOpt (untargeted)",7.22599999999989,0.430296161028944,0.320552488236107,0.703402114911919
"Spruce",12,4,875,"TrainSel CDmean (targeted, published)",NA,0.475569365961834,0.330158160062949,0.705712977080221
"Spruce",12,4,875,"TrainSel CDmean (untargeted, published)",NA,0.463121554278404,0.331268872745265,0.670902881572616
"Spruce",12,4,875,"Random (published)",NA,0.460768168823336,0.347629544762213,0.705537059939594
"Spruce",12,4,875,"TSOpt default (targeted)",7.49000000000001,0.481226648695577,0.348396021777906,0.700497648357237
"Spruce",12,4,875,"TSOpt (untargeted)",14.3790000000001,0.470764557305915,0.334427454299717,0.679579275238673
"Spruce",12,5,1170,"TrainSel CDmean (targeted, published)",NA,0.502376320022826,0.332517019951849,0.685334187567306
"Spruce",12,5,1170,"TrainSel CDmean (untargeted, published)",NA,0.495952245816352,0.35479654121848,0.69877550801531
"Spruce",12,5,1170,"Random (published)",NA,0.49509442538978,0.321665411678566,0.683409351992133
"Spruce",12,5,1170,"TSOpt default (targeted)",15.2459999999999,0.505974979255224,0.346877066339032,0.694760633478783
"Spruce",12,5,1170,"TSOpt (untargeted)",24.9740000000002,0.500558032262044,0.363524053744709,0.696977495569916
"Spruce",13,1,145,"TrainSel CDmean (targeted, published)",NA,0.293860838255227,0.215848271847382,0.668177244059275
"Spruce",13,1,145,"TrainSel CDmean (untargeted, published)",NA,0.274252444031187,0.232869483400282,0.679078431582757
"Spruce",13,1,145,"Random (published)",NA,0.258816522310655,0.220134607403887,0.67645403145928
"Spruce",13,1,145,"TSOpt default (targeted)",0.353000000000065,0.298520432496194,0.212628761637938,0.661228931324795
"Spruce",13,1,145,"TSOpt (untargeted)",1.25299999999993,0.284147863988878,0.207826822983044,0.681059473680276
"Spruce",13,2,290,"TrainSel CDmean (targeted, published)",NA,0.366067260322012,0.25453291928712,0.697475583258981
"Spruce",13,2,290,"TrainSel CDmean (untargeted, published)",NA,0.346923864289572,0.275503530129983,0.671829428300892
"Spruce",13,2,290,"Random (published)",NA,0.334961149847642,0.263049493553896,0.703705485098499
"Spruce",13,2,290,"TSOpt default (targeted)",0.740000000000009,0.371278333462329,0.268926342142783,0.681972172602391
"Spruce",13,2,290,"TSOpt (untargeted)",2.596,0.358026083246029,0.282804433670712,0.679896321804983
"Spruce",13,3,585,"TrainSel CDmean (targeted, published)",NA,0.432233297507554,0.272667251100113,0.684840608375702
"Spruce",13,3,585,"TrainSel CDmean (untargeted, published)",NA,0.411822746105175,0.259546101148859,0.655043217733531
"Spruce",13,3,585,"Random (published)",NA,0.412580569473523,0.260415732073041,0.673498861377738
"Spruce",13,3,585,"TSOpt default (targeted)",2.71600000000012,0.439227569634568,0.268862416494963,0.686792186135594
"Spruce",13,3,585,"TSOpt (untargeted)",6.53999999999996,0.42482063458515,0.2930710942165,0.675055644520073
"Spruce",13,4,875,"TrainSel CDmean (targeted, published)",NA,0.469988649281469,0.249107328267277,0.678967807187261
"Spruce",13,4,875,"TrainSel CDmean (untargeted, published)",NA,0.456900390474027,0.250615503666006,0.675900471234965
"Spruce",13,4,875,"Random (published)",NA,0.457493787553303,0.288700971602534,0.669722716580262
"Spruce",13,4,875,"TSOpt default (targeted)",7.10300000000007,0.475552951495063,0.26405059575273,0.689199102925785
"Spruce",13,4,875,"TSOpt (untargeted)",13.451,0.464306559510134,0.295586977653752,0.68218112933898
"Spruce",13,5,1170,"TrainSel CDmean (targeted, published)",NA,0.496793991570047,0.279765238860133,0.666042848331078
"Spruce",13,5,1170,"TrainSel CDmean (untargeted, published)",NA,0.491076997913322,0.289334900247155,0.668665371722342
"Spruce",13,5,1170,"Random (published)",NA,0.490837239251509,0.297373112287095,0.684532195232003
"Spruce",13,5,1170,"TSOpt default (targeted)",15.605,0.499839689063832,0.276385217803307,0.664561196698396
"Spruce",13,5,1170,"TSOpt (untargeted)",24.3990000000001,0.494345481088143,0.282769312009853,0.680949390481712
"Spruce",14,1,145,"TrainSel CDmean (targeted, published)",NA,0.301202054896904,0.215039191916931,0.626847302214009
"Spruce",14,1,145,"TrainSel CDmean (untargeted, published)",NA,0.281472529005448,0.198331079950147,0.650656379926928
"Spruce",14,1,145,"Random (published)",NA,0.261907088712974,0.214536288956831,0.698136860233425
"Spruce",14,1,145,"TSOpt default (targeted)",0.370999999999867,0.304114275397365,0.219431891242623,0.631933962474015
"Spruce",14,1,145,"TSOpt (untargeted)",1.28800000000001,0.291560851636023,0.206755788634407,0.672244649394933
"Spruce",14,2,290,"TrainSel CDmean (targeted, published)",NA,0.372294637588673,0.271960690844597,0.647064171632759
"Spruce",14,2,290,"TrainSel CDmean (untargeted, published)",NA,0.352878922789083,0.333143294368837,0.716197960008006
"Spruce",14,2,290,"Random (published)",NA,0.338231577773114,0.280757765390557,0.686611112880825
"Spruce",14,2,290,"TSOpt default (targeted)",0.733000000000175,0.378208932507618,0.272345836942852,0.66487410405936
"Spruce",14,2,290,"TSOpt (untargeted)",2.54399999999987,0.364861146364677,0.298965526636321,0.721633401206848
"Spruce",14,3,585,"TrainSel CDmean (targeted, published)",NA,0.439189616777894,0.289241228109301,0.684714996252259
"Spruce",14,3,585,"TrainSel CDmean (untargeted, published)",NA,0.419712802389231,0.318109934129245,0.675229472636424
"Spruce",14,3,585,"Random (published)",NA,0.417632627279559,0.281165750239181,0.674133463438595
"Spruce",14,3,585,"TSOpt default (targeted)",2.63300000000004,0.446069842525305,0.316707192146665,0.66571998524807
"Spruce",14,3,585,"TSOpt (untargeted)",7.91300000000001,0.432814191601041,0.321372340835072,0.706216786814995
"Spruce",14,4,875,"TrainSel CDmean (targeted, published)",NA,0.476606833039873,0.295831213406762,0.697481589256919
"Spruce",14,4,875,"TrainSel CDmean (untargeted, published)",NA,0.46416929484402,0.308627735816355,0.691475979974322
"Spruce",14,4,875,"Random (published)",NA,0.46303054098713,0.327113246187355,0.692186413219265
"Spruce",14,4,875,"TSOpt default (targeted)",8.00200000000018,0.482062765003681,0.337968181256933,0.689711151010397
"Spruce",14,4,875,"TSOpt (untargeted)",14.1809999999998,0.471080880206752,0.346730978397972,0.684516439324784
"Spruce",14,5,1170,"TrainSel CDmean (targeted, published)",NA,0.502872245924349,0.318007171081836,0.676682682760936
"Spruce",14,5,1170,"TrainSel CDmean (untargeted, published)",NA,0.497041617447531,0.329588350974642,0.696562418652382
"Spruce",14,5,1170,"Random (published)",NA,0.496592609851261,0.323542882790491,0.674394387895751
"Spruce",14,5,1170,"TSOpt default (targeted)",15.421,0.506114808230976,0.345668050571484,0.692981249576431
"Spruce",14,5,1170,"TSOpt (untargeted)",25.2719999999999,0.500666593989059,0.344030415887207,0.685859528136191
"Spruce",15,1,145,"TrainSel CDmean (targeted, published)",NA,0.304030899825098,0.180704008944681,0.622148343885138
"Spruce",15,1,145,"TrainSel CDmean (untargeted, published)",NA,0.286140968534531,0.225592080540276,0.584943036142993
"Spruce",15,1,145,"Random (published)",NA,0.261685068156132,0.194885027086666,0.606118536155693
"Spruce",15,1,145,"TSOpt default (targeted)",0.458000000000084,0.307919463878451,0.146922286387207,0.535179889949589
"Spruce",15,1,145,"TSOpt (untargeted)",1.3130000000001,0.294887384469839,0.19515523880048,0.659824065546317
"Spruce",15,2,290,"TrainSel CDmean (targeted, published)",NA,0.376910074003358,0.249670262721725,0.674104458758942
"Spruce",15,2,290,"TrainSel CDmean (untargeted, published)",NA,0.357379767534469,0.2468037000954,0.637771689484789
"Spruce",15,2,290,"Random (published)",NA,0.339052920458689,0.246227786207914,0.664975577420468
"Spruce",15,2,290,"TSOpt default (targeted)",0.827999999999975,0.383776324900443,0.221004101907844,0.641575320353623
"Spruce",15,2,290,"TSOpt (untargeted)",2.64899999999989,0.370018030013581,0.194151435439922,0.653624049894321
"Spruce",15,3,585,"TrainSel CDmean (targeted, published)",NA,0.445203814032902,0.283389567233075,0.679357130196193
"Spruce",15,3,585,"TrainSel CDmean (untargeted, published)",NA,0.422729836101619,0.247728483152684,0.680814732264328
"Spruce",15,3,585,"Random (published)",NA,0.426533910770042,0.283514227408746,0.687299102756622
"Spruce",15,3,585,"TSOpt default (targeted)",2.92200000000003,0.452569017015661,0.278115930480912,0.655047888277319
"Spruce",15,3,585,"TSOpt (untargeted)",6.61500000000001,0.438497921223745,0.243162849616629,0.638575709208741
"Spruce",15,4,875,"TrainSel CDmean (targeted, published)",NA,0.483128545974102,0.296960635579152,0.663697239415163
"Spruce",15,4,875,"TrainSel CDmean (untargeted, published)",NA,0.468855906822652,0.270524586658032,0.631802176158126
"Spruce",15,4,875,"Random (published)",NA,0.470071704682316,0.2754271023912,0.660546500420956
"Spruce",15,4,875,"TSOpt default (targeted)",7.43999999999983,0.48917707413269,0.301285737359204,0.668458752904294
"Spruce",15,4,875,"TSOpt (untargeted)",13.7,0.478164955060435,0.260798967920732,0.616974783212272
"Spruce",15,5,1170,"TrainSel CDmean (targeted, published)",NA,0.510336033161876,0.2932950888001,0.651464040824366
"Spruce",15,5,1170,"TrainSel CDmean (untargeted, published)",NA,0.503345708501593,0.284714760700465,0.661285910270127
"Spruce",15,5,1170,"Random (published)",NA,0.50339043316717,0.281334241791088,0.650346555596824
"Spruce",15,5,1170,"TSOpt default (targeted)",16.749,0.513978738244005,0.299167620164355,0.650517124799081
"Spruce",15,5,1170,"TSOpt (untargeted)",26.096,0.508406342809647,0.286554735535479,0.640882876944469
"Spruce",16,1,145,"TrainSel CDmean (targeted, published)",NA,0.29330081368799,0.214259940673018,0.631793679072056
"Spruce",16,1,145,"TrainSel CDmean (untargeted, published)",NA,0.27349554851638,0.209533281518357,0.637527053310385
"Spruce",16,1,145,"Random (published)",NA,0.248743115141913,0.176990811897368,0.623213649367598
"Spruce",16,1,145,"TSOpt default (targeted)",0.360000000000127,0.296825811768392,0.24502849155541,0.65111380869428
"Spruce",16,1,145,"TSOpt (untargeted)",1.29500000000007,0.28423366545204,0.209093611809399,0.583827715549686
"Spruce",16,2,290,"TrainSel CDmean (targeted, published)",NA,0.364341529941327,0.270725939592051,0.670136074120371
"Spruce",16,2,290,"TrainSel CDmean (untargeted, published)",NA,0.345729844695414,0.223004380785493,0.644067659617325
"Spruce",16,2,290,"Random (published)",NA,0.331428454493913,0.208075246981114,0.640135402466393
"Spruce",16,2,290,"TSOpt default (targeted)",0.785999999999831,0.369736609771051,0.271796835837105,0.641927888204486
"Spruce",16,2,290,"TSOpt (untargeted)",2.78099999999995,0.354571213661207,0.254089471451782,0.636804809155711
"Spruce",16,3,585,"TrainSel CDmean (targeted, published)",NA,0.430901275386895,0.266113459102559,0.643459500510039
"Spruce",16,3,585,"TrainSel CDmean (untargeted, published)",NA,0.411214004722959,0.222483197629208,0.637257628030731
"Spruce",16,3,585,"Random (published)",NA,0.411020441150547,0.266392099681267,0.677927903632384
"Spruce",16,3,585,"TSOpt default (targeted)",2.94100000000003,0.437197707170594,0.296778478982481,0.671458176619031
"Spruce",16,3,585,"TSOpt (untargeted)",6.73900000000003,0.423352218840888,0.297348741688892,0.66211342916139
"Spruce",16,4,875,"TrainSel CDmean (targeted, published)",NA,0.467809364944954,0.290755333346914,0.682291078328427
"Spruce",16,4,875,"TrainSel CDmean (untargeted, published)",NA,0.456103107175191,0.269700784391218,0.664678348256685
"Spruce",16,4,875,"Random (published)",NA,0.453975541355872,0.315771984847535,0.686619725662422
"Spruce",16,4,875,"TSOpt default (targeted)",8.721,0.473649384417416,0.284376489133231,0.665408532861509
"Spruce",16,4,875,"TSOpt (untargeted)",14.6280000000002,0.462493651560977,0.300574318962995,0.680394998387763
"Spruce",16,5,1170,"TrainSel CDmean (targeted, published)",NA,0.494946687857354,0.282003944569461,0.660508782027633
"Spruce",16,5,1170,"TrainSel CDmean (untargeted, published)",NA,0.488597244976048,0.279106046855822,0.670396507526254
"Spruce",16,5,1170,"Random (published)",NA,0.488585730585106,0.287963408629816,0.672289444454475
"Spruce",16,5,1170,"TSOpt default (targeted)",17.1390000000001,0.497996930362947,0.297306308575129,0.679878022681504
"Spruce",16,5,1170,"TSOpt (untargeted)",27.3409999999999,0.492539228355337,0.300268031550602,0.682456653241379
"Spruce",17,1,145,"TrainSel CDmean (targeted, published)",NA,0.303084022502116,0.214272341939702,0.627421728135631
"Spruce",17,1,145,"TrainSel CDmean (untargeted, published)",NA,0.277932859432364,0.216323170673141,0.647816037611537
"Spruce",17,1,145,"Random (published)",NA,0.254393018952131,0.236625129699988,0.639399879671464
"Spruce",17,1,145,"TSOpt default (targeted)",0.440000000000055,0.307975900761197,0.240199783827411,0.662059507334557
"Spruce",17,1,145,"TSOpt (untargeted)",1.38999999999987,0.290048330230732,0.27594602197711,0.654534786619669
"Spruce",17,2,290,"TrainSel CDmean (targeted, published)",NA,0.373346553621961,0.288381809529301,0.667428690332036
"Spruce",17,2,290,"TrainSel CDmean (untargeted, published)",NA,0.34691804167605,0.267550551466193,0.656909693992299
"Spruce",17,2,290,"Random (published)",NA,0.3369623652758,0.255547720082664,0.649296875940815
"Spruce",17,2,290,"TSOpt default (targeted)",0.819999999999936,0.379114232239152,0.252521618203394,0.667593852694687
"Spruce",17,2,290,"TSOpt (untargeted)",2.84899999999993,0.362243504098402,0.333838500845125,0.7000695304703
"Spruce",17,3,585,"TrainSel CDmean (targeted, published)",NA,0.438713799212864,0.338072205226819,0.701650070126289
"Spruce",17,3,585,"TrainSel CDmean (untargeted, published)",NA,0.417249656394291,0.289468483789709,0.68292478025494
"Spruce",17,3,585,"Random (published)",NA,0.417327297701355,0.316751316207046,0.702984250269999
"Spruce",17,3,585,"TSOpt default (targeted)",3.40300000000002,0.445547074325861,0.330325694108183,0.703885418019877
"Spruce",17,3,585,"TSOpt (untargeted)",7.41199999999981,0.429383593984018,0.329588267901807,0.681219990355697
"Spruce",17,4,875,"TrainSel CDmean (targeted, published)",NA,0.475237181078273,0.372261471884247,0.711530352986455
"Spruce",17,4,875,"TrainSel CDmean (untargeted, published)",NA,0.45877583933133,0.326846588776046,0.699950051703102
"Spruce",17,4,875,"Random (published)",NA,0.461083963456838,0.331604955660397,0.691730358872035
"Spruce",17,4,875,"TSOpt default (targeted)",8.90699999999993,0.480963386374037,0.330371148199201,0.698102158923701
"Spruce",17,4,875,"TSOpt (untargeted)",15.4639999999999,0.469060662355781,0.338597292311248,0.700390434753112
"Spruce",17,5,1170,"TrainSel CDmean (targeted, published)",NA,0.501140350815756,0.349071384684943,0.700606757977673
"Spruce",17,5,1170,"TrainSel CDmean (untargeted, published)",NA,0.49300266515797,0.347334659872181,0.708681200640077
"Spruce",17,5,1170,"Random (published)",NA,0.493411056622841,0.349371834689662,0.720262787243939
"Spruce",17,5,1170,"TSOpt default (targeted)",17.8040000000001,0.504976909862072,0.341948984138991,0.717522127668719
"Spruce",17,5,1170,"TSOpt (untargeted)",29.9379999999999,0.498617778078295,0.346219164329325,0.702733601001599
"Spruce",18,1,145,"TrainSel CDmean (targeted, published)",NA,0.298773257501744,0.26854840935093,0.692835975815558
"Spruce",18,1,145,"TrainSel CDmean (untargeted, published)",NA,0.277995846460339,0.187286187533926,0.6321102637337
"Spruce",18,1,145,"Random (published)",NA,0.246285913042382,0.182122212936424,0.610686385824663
"Spruce",18,1,145,"TSOpt default (targeted)",0.376999999999953,0.301995896757647,0.288153794246113,0.643752476261094
"Spruce",18,1,145,"TSOpt (untargeted)",1.36200000000008,0.28492028338101,0.228899102567443,0.66802320983139
"Spruce",18,2,290,"TrainSel CDmean (targeted, published)",NA,0.369364942741222,0.284870839246201,0.692815716657368
"Spruce",18,2,290,"TrainSel CDmean (untargeted, published)",NA,0.349484502290715,0.271949793660488,0.691482827153292
"Spruce",18,2,290,"Random (published)",NA,0.336771736040651,0.249756185235904,0.638312933691129
"Spruce",18,2,290,"TSOpt default (targeted)",0.797000000000025,0.375125809045503,0.269232312058237,0.646555315234557
"Spruce",18,2,290,"TSOpt (untargeted)",2.78600000000006,0.360270176543745,0.293500009639478,0.688039384677291
"Spruce",18,3,585,"TrainSel CDmean (targeted, published)",NA,0.435850191067638,0.318460753026919,0.669766699227907
"Spruce",18,3,585,"TrainSel CDmean (untargeted, published)",NA,0.416223323099234,0.286561377838719,0.64759042689181
"Spruce",18,3,585,"Random (published)",NA,0.41256574163352,0.313643677958422,0.642385850802017
"Spruce",18,3,585,"TSOpt default (targeted)",3.03600000000006,0.442562640371549,0.31293472221017,0.660470075199255
"Spruce",18,3,585,"TSOpt (untargeted)",7.2059999999999,0.427743550069587,0.30731275102842,0.694344437772815
"Spruce",18,4,875,"TrainSel CDmean (targeted, published)",NA,0.473288119366437,0.307197780599567,0.669193518693206
"Spruce",18,4,875,"TrainSel CDmean (untargeted, published)",NA,0.460197819499259,0.279458790313806,0.638433949004852
"Spruce",18,4,875,"Random (published)",NA,0.458910966440676,0.302259199423233,0.65830259521113
"Spruce",18,4,875,"TSOpt default (targeted)",8.8159999999998,0.47904906471132,0.322542197205292,0.672377396238372
"Spruce",18,4,875,"TSOpt (untargeted)",17.0440000000003,0.467202203406007,0.308650524868677,0.674907736721053
"Spruce",18,5,1170,"TrainSel CDmean (targeted, published)",NA,0.500128676169411,0.316378847473246,0.668407517062783
"Spruce",18,5,1170,"TrainSel CDmean (untargeted, published)",NA,0.493486070847407,0.316543580576617,0.670246404317302
"Spruce",18,5,1170,"Random (published)",NA,0.493206841744488,0.296498171294652,0.657193596693384
"Spruce",18,5,1170,"TSOpt default (targeted)",19.607,0.503473496300099,0.32493228086557,0.67028469980149
"Spruce",18,5,1170,"TSOpt (untargeted)",27.1880000000001,0.497875035296056,0.309001183815884,0.665038472317797
"Spruce",19,1,145,"TrainSel CDmean (targeted, published)",NA,0.295277939331157,0.141235154386919,0.609481207334422
"Spruce",19,1,145,"TrainSel CDmean (untargeted, published)",NA,0.276259130582674,0.221727282498793,0.684891803324554
"Spruce",19,1,145,"Random (published)",NA,0.253419110731905,0.155911209779444,0.667740026055072
"Spruce",19,1,145,"TSOpt default (targeted)",0.43100000000004,0.299804967813302,0.188285735289771,0.661977962330783
"Spruce",19,1,145,"TSOpt (untargeted)",1.48900000000003,0.284917055118053,0.266949292824184,0.691381068374525
"Spruce",19,2,290,"TrainSel CDmean (targeted, published)",NA,0.367337358107931,0.301412493547682,0.690157534515913
"Spruce",19,2,290,"TrainSel CDmean (untargeted, published)",NA,0.349900698570869,0.248800456725586,0.70309036712532
"Spruce",19,2,290,"Random (published)",NA,0.333045863172478,0.270043794567239,0.683093863491218
"Spruce",19,2,290,"TSOpt default (targeted)",0.898000000000138,0.37285793892827,0.2321230224864,0.666592513866385
"Spruce",19,2,290,"TSOpt (untargeted)",2.904,0.358510177623304,0.288344972369516,0.700405663033694
"Spruce",19,3,585,"TrainSel CDmean (targeted, published)",NA,0.434832438478411,0.297881466284564,0.684288976905355
"Spruce",19,3,585,"TrainSel CDmean (untargeted, published)",NA,0.415465825069369,0.255634695500841,0.650788091569593
"Spruce",19,3,585,"Random (published)",NA,0.413908755143934,0.322951096611256,0.702456315351771
"Spruce",19,3,585,"TSOpt default (targeted)",3.56700000000001,0.44168329513894,0.29127925340155,0.673355958850876
"Spruce",19,3,585,"TSOpt (untargeted)",7.3109999999997,0.427870678726249,0.279708474399561,0.706630678160112
"Spruce",19,4,875,"TrainSel CDmean (targeted, published)",NA,0.47275925258306,0.301987372981221,0.665077328034716
"Spruce",19,4,875,"TrainSel CDmean (untargeted, published)",NA,0.459918532097,0.307449732586978,0.64466331995947
"Spruce",19,4,875,"Random (published)",NA,0.459906182465911,0.308222849403084,0.682003538689492
"Spruce",19,4,875,"TSOpt default (targeted)",9.56799999999976,0.478738167424087,0.318401921975899,0.662630782424325
"Spruce",19,4,875,"TSOpt (untargeted)",16.203,0.467879653450426,0.299302560006644,0.699150042940064
"Spruce",19,5,1170,"TrainSel CDmean (targeted, published)",NA,0.49970425179868,0.315297400701997,0.686126437864174
"Spruce",19,5,1170,"TrainSel CDmean (untargeted, published)",NA,0.493883086474284,0.324989208209156,0.697320616455048
"Spruce",19,5,1170,"Random (published)",NA,0.493432231942411,0.304837702439008,0.674620340280902
"Spruce",19,5,1170,"TSOpt default (targeted)",18.6370000000002,0.50353492710794,0.3124001647708,0.690805974884416
"Spruce",19,5,1170,"TSOpt (untargeted)",28.857,0.498073331349191,0.318795057488777,0.683054492881842
"Spruce",20,1,145,"TrainSel CDmean (targeted, published)",NA,0.30535498138153,0.187955756831845,0.684037574595039
"Spruce",20,1,145,"TrainSel CDmean (untargeted, published)",NA,0.286710255740181,0.150815875174447,0.646792974402915
"Spruce",20,1,145,"Random (published)",NA,0.267225990543388,0.0957604330753578,0.645320757789135
"Spruce",20,1,145,"TSOpt default (targeted)",0.404999999999745,0.310589862730307,0.189585690781895,0.662536891106499
"Spruce",20,1,145,"TSOpt (untargeted)",1.82099999999991,0.29505894274124,0.140441954513374,0.663473921801382
"Spruce",20,2,290,"TrainSel CDmean (targeted, published)",NA,0.378410285610971,0.230637696379809,0.648329466259867
"Spruce",20,2,290,"TrainSel CDmean (untargeted, published)",NA,0.356226132987125,0.255945097557204,0.679123593248645
"Spruce",20,2,290,"Random (published)",NA,0.339622722200311,0.203439335426078,0.665323019270329
"Spruce",20,2,290,"TSOpt default (targeted)",0.812000000000353,0.383424661802639,0.24884031131953,0.688501693100037
"Spruce",20,2,290,"TSOpt (untargeted)",2.72399999999971,0.368803672943268,0.208220696004221,0.664233370574168
"Spruce",20,3,585,"TrainSel CDmean (targeted, published)",NA,0.444023400837149,0.281236303112642,0.656884065615805
"Spruce",20,3,585,"TrainSel CDmean (untargeted, published)",NA,0.423954046543969,0.220352904557302,0.666903168227973
"Spruce",20,3,585,"Random (published)",NA,0.420966151948556,0.256113115121002,0.669865717642915
"Spruce",20,3,585,"TSOpt default (targeted)",3.0920000000001,0.451531745802162,0.287273904927671,0.689720862308931
"Spruce",20,3,585,"TSOpt (untargeted)",8.0909999999999,0.436743766517824,0.26765185309345,0.659486880175665
"Spruce",20,4,875,"TrainSel CDmean (targeted, published)",NA,0.482007921768088,0.271001717604522,0.686261689694164
"Spruce",20,4,875,"TrainSel CDmean (untargeted, published)",NA,0.467490524355659,0.27943604716848,0.683034976563527
"Spruce",20,4,875,"Random (published)",NA,0.469644497752927,0.281817117854017,0.662512400221227
"Spruce",20,4,875,"TSOpt default (targeted)",8.99099999999999,0.487914108680422,0.302195620518088,0.671323874410314
"Spruce",20,4,875,"TSOpt (untargeted)",14.54,0.476319444535648,0.281772053218065,0.68506238952014
"Spruce",20,5,1170,"TrainSel CDmean (targeted, published)",NA,0.508845381854137,0.284838639783468,0.666848467749493
"Spruce",20,5,1170,"TrainSel CDmean (untargeted, published)",NA,0.501787698935355,0.301359945411328,0.689511032324332
"Spruce",20,5,1170,"Random (published)",NA,0.501587972702086,0.298171251852588,0.683390512880527
"Spruce",20,5,1170,"TSOpt default (targeted)",19.3009999999999,0.512365717395823,0.280827623536201,0.680654374098238
"Spruce",20,5,1170,"TSOpt (untargeted)",27.7860000000001,0.507020979091389,0.289413322978305,0.68220948554043
"Spruce",21,1,145,"TrainSel CDmean (targeted, published)",NA,0.29764574137912,0.191315896377125,0.621317898648795
"Spruce",21,1,145,"TrainSel CDmean (untargeted, published)",NA,0.279844088558907,0.276992945764278,0.655182632138818
"Spruce",21,1,145,"Random (published)",NA,0.258111630298948,0.244767885952282,0.676868766157057
"Spruce",21,1,145,"TSOpt default (targeted)",0.550999999999931,0.301257985502134,0.247604599398489,0.680753340299916
"Spruce",21,1,145,"TSOpt (untargeted)",1.39899999999989,0.287607880516926,0.266436320844985,0.677820977635576
"Spruce",21,2,290,"TrainSel CDmean (targeted, published)",NA,0.368646189906386,0.288728714424653,0.688794408746821
"Spruce",21,2,290,"TrainSel CDmean (untargeted, published)",NA,0.351132520690415,0.282499688101493,0.688552558431515
"Spruce",21,2,290,"Random (published)",NA,0.340929238036793,0.239543731904621,0.676216205436492
"Spruce",21,2,290,"TSOpt default (targeted)",1.13700000000017,0.374859251129874,0.291276299202398,0.655911168290642
"Spruce",21,2,290,"TSOpt (untargeted)",2.94399999999996,0.360134626618475,0.314696231902409,0.698356894208398
"Spruce",21,3,585,"TrainSel CDmean (targeted, published)",NA,0.435584826856354,0.303439584437753,0.673967608652928
"Spruce",21,3,585,"TrainSel CDmean (untargeted, published)",NA,0.415414305202246,0.35342677966035,0.736076595975764
"Spruce",21,3,585,"Random (published)",NA,0.414504047492292,0.292570397418476,0.663765126986821
"Spruce",21,3,585,"TSOpt default (targeted)",3.06999999999971,0.442603223758558,0.33342705136581,0.686596478575292
"Spruce",21,3,585,"TSOpt (untargeted)",7.8430000000003,0.427725970628361,0.329399550295722,0.732347383152969
"Spruce",21,4,875,"TrainSel CDmean (targeted, published)",NA,0.473392757331877,0.355018389990721,0.708360324655217
"Spruce",21,4,875,"TrainSel CDmean (untargeted, published)",NA,0.460211984169719,0.345591875841615,0.66423326985059
"Spruce",21,4,875,"Random (published)",NA,0.459105310869894,0.355509154939849,0.695112000000522
"Spruce",21,4,875,"TSOpt default (targeted)",8.66200000000026,0.478937031915844,0.33948151532402,0.685533976215223
"Spruce",21,4,875,"TSOpt (untargeted)",15.3249999999998,0.46745615991763,0.338653770629414,0.720293734724141
"Spruce",21,5,1170,"TrainSel CDmean (targeted, published)",NA,0.499843460405296,0.34413776062093,0.715524272314513
"Spruce",21,5,1170,"TrainSel CDmean (untargeted, published)",NA,0.492883535152522,0.348575435544718,0.69174981025141
"Spruce",21,5,1170,"Random (published)",NA,0.493418477720812,0.343084636264285,0.705266499962862
"Spruce",21,5,1170,"TSOpt default (targeted)",19.1689999999999,0.503091467479851,0.354574570781723,0.698893297458938
"Spruce",21,5,1170,"TSOpt (untargeted)",28.453,0.49731609288987,0.351852697125954,0.708015823613069
"Spruce",22,1,145,"TrainSel CDmean (targeted, published)",NA,0.296885802586567,0.179621246644258,0.577465599157227
"Spruce",22,1,145,"TrainSel CDmean (untargeted, published)",NA,0.276099252571421,0.133675281157011,0.574601646917075
"Spruce",22,1,145,"Random (published)",NA,0.255037368778567,0.276274684655499,0.675561533744689
"Spruce",22,1,145,"TSOpt default (targeted)",0.414999999999964,0.300324374700013,0.236346858435482,0.642993080303488
"Spruce",22,1,145,"TSOpt (untargeted)",1.69200000000001,0.287168495027886,0.255602186330683,0.703953160291356
"Spruce",22,2,290,"TrainSel CDmean (targeted, published)",NA,0.367282043957337,0.283621005621043,0.62882630865077
"Spruce",22,2,290,"TrainSel CDmean (untargeted, published)",NA,0.347231810184368,0.241813758838378,0.672216226163761
"Spruce",22,2,290,"Random (published)",NA,0.332352705315561,0.150257820828757,0.609923315210016
"Spruce",22,2,290,"TSOpt default (targeted)",1.01600000000008,0.372895369210838,0.280132329886732,0.646997696542938
"Spruce",22,2,290,"TSOpt (untargeted)",3.06400000000031,0.359737235736042,0.253963128142203,0.679117373711868
"Spruce",22,3,585,"TrainSel CDmean (targeted, published)",NA,0.432860728765887,0.34026379817941,0.607231926300618
"Spruce",22,3,585,"TrainSel CDmean (untargeted, published)",NA,0.413087975038107,0.317001448455555,0.668457187925612
"Spruce",22,3,585,"Random (published)",NA,0.411291948670887,0.284291481501467,0.679708820092613
"Spruce",22,3,585,"TSOpt default (targeted)",3.50999999999976,0.439320820069852,0.316524127964534,0.666656476650119
"Spruce",22,3,585,"TSOpt (untargeted)",7.73500000000013,0.42562618173462,0.31956054041696,0.667621842678111
"Spruce",22,4,875,"TrainSel CDmean (targeted, published)",NA,0.469568435721037,0.346179502597412,0.692629482975612
"Spruce",22,4,875,"TrainSel CDmean (untargeted, published)",NA,0.456410693922104,0.297896084667231,0.686213488262644
"Spruce",22,4,875,"Random (published)",NA,0.455138685167142,0.288373666815122,0.670378018716393
"Spruce",22,4,875,"TSOpt default (targeted)",9.94000000000005,0.474401934678516,0.345282593477863,0.667572501789931
"Spruce",22,4,875,"TSOpt (untargeted)",16.846,0.464869263759964,0.32781575207334,0.698943148758085
"Spruce",22,5,1170,"TrainSel CDmean (targeted, published)",NA,0.495820328310518,0.343313245199791,0.690617791559524
"Spruce",22,5,1170,"TrainSel CDmean (untargeted, published)",NA,0.490282432123387,0.3607843613369,0.701027298812237
"Spruce",22,5,1170,"Random (published)",NA,0.489396757703087,0.34065746414014,0.678553018109288
"Spruce",22,5,1170,"TSOpt default (targeted)",18.9069999999997,0.498316233735247,0.353721272108275,0.691742597989976
"Spruce",22,5,1170,"TSOpt (untargeted)",30.8040000000001,0.494500104317702,0.341972755511657,0.68089165267484
"Spruce",23,1,145,"TrainSel CDmean (targeted, published)",NA,0.313973151911253,0.27805357722801,0.67891427303383
"Spruce",23,1,145,"TrainSel CDmean (untargeted, published)",NA,0.288051677215717,0.250388744784686,0.659363698493641
"Spruce",23,1,145,"Random (published)",NA,0.260902909464594,0.222048183670677,0.594412201876286
"Spruce",23,1,145,"TSOpt default (targeted)",0.401000000000295,0.318260453157287,0.259997213207481,0.610694230712403
"Spruce",23,1,145,"TSOpt (untargeted)",1.48499999999967,0.30001144174535,0.228703602254124,0.635578964143172
"Spruce",23,2,290,"TrainSel CDmean (targeted, published)",NA,0.386367858316694,0.30310130322844,0.653592554728079
"Spruce",23,2,290,"TrainSel CDmean (untargeted, published)",NA,0.36209179090914,0.219609433290546,0.635799295192655
"Spruce",23,2,290,"Random (published)",NA,0.34474905211202,0.219589364302154,0.656774011081081
"Spruce",23,2,290,"TSOpt default (targeted)",0.865999999999985,0.39161505127847,0.330672236501677,0.666539392352801
"Spruce",23,2,290,"TSOpt (untargeted)",2.92299999999977,0.37412120804864,0.285025233100873,0.66237429374203
"Spruce",23,3,585,"TrainSel CDmean (targeted, published)",NA,0.450906887574089,0.343446552909343,0.664665014658726
"Spruce",23,3,585,"TrainSel CDmean (untargeted, published)",NA,0.425935878606987,0.320520813249706,0.659717761912477
"Spruce",23,3,585,"Random (published)",NA,0.4273319650336,0.281152075476544,0.645319887915143
"Spruce",23,3,585,"TSOpt default (targeted)",3.32400000000007,0.45871224561057,0.346996890196859,0.672529823354644
"Spruce",23,3,585,"TSOpt (untargeted)",8.346,0.441480091313825,0.316502709668016,0.676104876598057
"Spruce",23,4,875,"TrainSel CDmean (targeted, published)",NA,0.487790780260812,0.349759241564883,0.687258541559466
"Spruce",23,4,875,"TrainSel CDmean (untargeted, published)",NA,0.471323115711327,0.357692290904131,0.674459655834511
"Spruce",23,4,875,"Random (published)",NA,0.47264929510714,0.344968862232607,0.698355165304639
"Spruce",23,4,875,"TSOpt default (targeted)",7.46099999999979,0.494366284397221,0.346543487626506,0.688491354852285
"Spruce",23,4,875,"TSOpt (untargeted)",15.462,0.481030029555864,0.304899352702239,0.667943061376233
"Spruce",23,5,1170,"TrainSel CDmean (targeted, published)",NA,0.514059826146847,0.346701043522046,0.694436143314019
"Spruce",23,5,1170,"TrainSel CDmean (untargeted, published)",NA,0.505034999299627,0.337129126759367,0.677242359069764
"Spruce",23,5,1170,"Random (published)",NA,0.50653678403771,0.353733840401272,0.6802996602341
"Spruce",23,5,1170,"TSOpt default (targeted)",16.1530000000002,0.517906858856257,0.341507862705841,0.677272867763166
"Spruce",23,5,1170,"TSOpt (untargeted)",25.4139999999998,0.511126500350035,0.34773979689849,0.689488275384073
"Spruce",24,1,145,"TrainSel CDmean (targeted, published)",NA,0.303996796985281,0.179615796753356,0.538362175651374
"Spruce",24,1,145,"TrainSel CDmean (untargeted, published)",NA,0.282401942028725,0.225734450760173,0.675265191658646
"Spruce",24,1,145,"Random (published)",NA,0.260575652585976,0.149222981903056,0.602314399104163
"Spruce",24,1,145,"TSOpt default (targeted)",0.402000000000044,0.308037511937701,0.232183662759521,0.715399665818034
"Spruce",24,1,145,"TSOpt (untargeted)",1.30200000000013,0.294365667169726,0.258567142003895,0.674522586560755
"Spruce",24,2,290,"TrainSel CDmean (targeted, published)",NA,0.376800999565053,0.298061713209272,0.665610086957073
"Spruce",24,2,290,"TrainSel CDmean (untargeted, published)",NA,0.354046755067857,0.26144594730003,0.683962244565985
"Spruce",24,2,290,"Random (published)",NA,0.340488748664957,0.247055896404747,0.631743139572712
"Spruce",24,2,290,"TSOpt default (targeted)",0.867999999999938,0.381563117776143,0.273486366689112,0.678082714728305
"Spruce",24,2,290,"TSOpt (untargeted)",2.73399999999992,0.366381638315999,0.318139548376672,0.738625197753708
"Spruce",24,3,585,"TrainSel CDmean (targeted, published)",NA,0.441194735907031,0.358014784789199,0.718548971953362
"Spruce",24,3,585,"TrainSel CDmean (untargeted, published)",NA,0.418905416515005,0.296715896455148,0.643788412440196
"Spruce",24,3,585,"Random (published)",NA,0.416864546800195,0.263062516235143,0.69453783173442
"Spruce",24,3,585,"TSOpt default (targeted)",3.05999999999995,0.448291237480928,0.337078608121961,0.690385076191717
"Spruce",24,3,585,"TSOpt (untargeted)",6.71000000000004,0.433707225311893,0.317262098276604,0.715716344744934
"Spruce",24,4,875,"TrainSel CDmean (targeted, published)",NA,0.478430580496096,0.348101676147706,0.700349495876271
"Spruce",24,4,875,"TrainSel CDmean (untargeted, published)",NA,0.463627574329864,0.289362228279386,0.666335854161686
"Spruce",24,4,875,"Random (published)",NA,0.4649883852821,0.3212518577803,0.712429281285255
"Spruce",24,4,875,"TSOpt default (targeted)",7.86200000000008,0.483890519599789,0.338875059346629,0.676566138679343
"Spruce",24,4,875,"TSOpt (untargeted)",14.8019999999997,0.472788095924376,0.333999436510692,0.696643325543636
"Spruce",24,5,1170,"TrainSel CDmean (targeted, published)",NA,0.50490197042342,0.358267387945744,0.700265706353085
"Spruce",24,5,1170,"TrainSel CDmean (untargeted, published)",NA,0.498366224487304,0.310018761584835,0.661661049865502
"Spruce",24,5,1170,"Random (published)",NA,0.498411908170304,0.331736920481731,0.703242373820001
"Spruce",24,5,1170,"TSOpt default (targeted)",17.3090000000002,0.507776707603943,0.353594819130588,0.712713210782497
"Spruce",24,5,1170,"TSOpt (untargeted)",27.5949999999998,0.502384255947634,0.342136563272295,0.71236300439685
"Spruce",25,1,145,"TrainSel CDmean (targeted, published)",NA,0.303543761692073,0.269884558866242,0.71102573976056
"Spruce",25,1,145,"TrainSel CDmean (untargeted, published)",NA,0.282295116968034,0.270131938063718,0.70327964937855
"Spruce",25,1,145,"Random (published)",NA,0.25972247298144,0.22989802178502,0.654005368818419
"Spruce",25,1,145,"TSOpt default (targeted)",0.364000000000033,0.307978549998449,0.282999690066758,0.683442789939745
"Spruce",25,1,145,"TSOpt (untargeted)",1.28200000000015,0.292709310574181,0.231706012134468,0.700366426637836
"Spruce",25,2,290,"TrainSel CDmean (targeted, published)",NA,0.377338075021619,0.317712648481089,0.720894294836048
"Spruce",25,2,290,"TrainSel CDmean (untargeted, published)",NA,0.357822643536016,0.343416761674862,0.706477858985252
"Spruce",25,2,290,"Random (published)",NA,0.339937439654572,0.280230250257307,0.694673675364366
"Spruce",25,2,290,"TSOpt default (targeted)",0.758000000000266,0.382938400833374,0.34730169180825,0.734022577986577
"Spruce",25,2,290,"TSOpt (untargeted)",2.55199999999968,0.367022300024353,0.326972053602137,0.75642485200393
"Spruce",25,3,585,"TrainSel CDmean (targeted, published)",NA,0.444011647932579,0.384996851842903,0.749394560565317
"Spruce",25,3,585,"TrainSel CDmean (untargeted, published)",NA,0.420286568574266,0.35479117864792,0.697233982462306
"Spruce",25,3,585,"Random (published)",NA,0.42266651119055,0.350403951043852,0.730997465857583
"Spruce",25,3,585,"TSOpt default (targeted)",3.39499999999998,0.451309232729351,0.353108292653404,0.742495833961063
"Spruce",25,3,585,"TSOpt (untargeted)",7.5329999999999,0.435115832099825,0.347330688742699,0.74930216175074
"Spruce",25,4,875,"TrainSel CDmean (targeted, published)",NA,0.481449898596539,0.396070804915019,0.748383139901567
"Spruce",25,4,875,"TrainSel CDmean (untargeted, published)",NA,0.467648261432593,0.345944786281808,0.709020493689264
"Spruce",25,4,875,"Random (published)",NA,0.466501968538756,0.382817053893171,0.730068514816088
"Spruce",25,4,875,"TSOpt default (targeted)",8.19500000000016,0.487515476129202,0.390411398500812,0.747359977208844
"Spruce",25,4,875,"TSOpt (untargeted)",15.0259999999998,0.476039762919635,0.383394561127868,0.764557136281033
"Spruce",25,5,1170,"TrainSel CDmean (targeted, published)",NA,0.508000326973146,0.390061286283665,0.745569707565769
"Spruce",25,5,1170,"TrainSel CDmean (untargeted, published)",NA,0.500418337999538,0.370551312398944,0.716865154857149
"Spruce",25,5,1170,"Random (published)",NA,0.50137156569477,0.37899495142408,0.728914448413252
"Spruce",25,5,1170,"TSOpt default (targeted)",16.3789999999999,0.511590843416104,0.388073881342936,0.726430108815907
"Spruce",25,5,1170,"TSOpt (untargeted)",27.1740000000004,0.505773588526797,0.377296976081509,0.749194403238909
"Spruce",26,1,145,"TrainSel CDmean (targeted, published)",NA,0.297942776766215,0.214951461689052,0.634233048074241
"Spruce",26,1,145,"TrainSel CDmean (untargeted, published)",NA,0.278507946223165,0.178209340708723,0.62263665288742
"Spruce",26,1,145,"Random (published)",NA,0.255935424424185,0.196471973074726,0.596805806112255
"Spruce",26,1,145,"TSOpt default (targeted)",0.429000000000087,0.301560821155521,0.189953476615694,0.668655364087572
"Spruce",26,1,145,"TSOpt (untargeted)",1.32999999999993,0.286724610019899,0.21757782463168,0.680931732575146
"Spruce",26,2,290,"TrainSel CDmean (targeted, published)",NA,0.368405924170458,0.234019550322443,0.706417118363015
"Spruce",26,2,290,"TrainSel CDmean (untargeted, published)",NA,0.347341365482687,0.212505593311688,0.679447449573118
"Spruce",26,2,290,"Random (published)",NA,0.338207946219057,0.224903563744146,0.650295571556771
"Spruce",26,2,290,"TSOpt default (targeted)",0.766999999999825,0.373852210086663,0.239290579104605,0.67990379744918
"Spruce",26,2,290,"TSOpt (untargeted)",2.58699999999999,0.357920972622176,0.236807393627477,0.732157560658599
"Spruce",26,3,585,"TrainSel CDmean (targeted, published)",NA,0.433592750728595,0.276754505962295,0.71907047277337
"Spruce",26,3,585,"TrainSel CDmean (untargeted, published)",NA,0.41424074495286,0.25146720967676,0.687818475779742
"Spruce",26,3,585,"Random (published)",NA,0.410412885656182,0.241405886774759,0.699709980540997
"Spruce",26,3,585,"TSOpt default (targeted)",2.91100000000006,0.440805927086969,0.251830628016692,0.692050220693498
"Spruce",26,3,585,"TSOpt (untargeted)",6.7840000000001,0.426287470017622,0.255533602885074,0.719768021059477
"Spruce",26,4,875,"TrainSel CDmean (targeted, published)",NA,0.47114834598501,0.258907613269135,0.706608838241055
"Spruce",26,4,875,"TrainSel CDmean (untargeted, published)",NA,0.457735480867978,0.288309120259294,0.67626868865085
"Spruce",26,4,875,"Random (published)",NA,0.458227229287936,0.273737677279945,0.689505916948012
"Spruce",26,4,875,"TSOpt default (targeted)",7.64400000000023,0.476722792266102,0.283908018289866,0.70343617698253
"Spruce",26,4,875,"TSOpt (untargeted)",13.8849999999998,0.466288374775936,0.265162879329169,0.732841104342982
"Spruce",26,5,1170,"TrainSel CDmean (targeted, published)",NA,0.497744696751387,0.29133806999592,0.709381514236306
"Spruce",26,5,1170,"TrainSel CDmean (untargeted, published)",NA,0.491573999010888,0.276962862067152,0.696007530112874
"Spruce",26,5,1170,"Random (published)",NA,0.490993354259987,0.283402444758015,0.687842844313997
"Spruce",26,5,1170,"TSOpt default (targeted)",17.828,0.501056246302001,0.283434426665653,0.708807837312449
"Spruce",26,5,1170,"TSOpt (untargeted)",27.29,0.495476190353719,0.297107889256512,0.713648306699961
"Spruce",27,1,145,"TrainSel CDmean (targeted, published)",NA,0.298570337527031,0.243537378013267,0.667202199887433
"Spruce",27,1,145,"TrainSel CDmean (untargeted, published)",NA,0.277444747470181,0.197490002135851,0.6423879881294
"Spruce",27,1,145,"Random (published)",NA,0.253902143161243,0.254361679593719,0.670934005617741
"Spruce",27,1,145,"TSOpt default (targeted)",0.425999999999931,0.302803849684573,0.237524189926259,0.648295032409162
"Spruce",27,1,145,"TSOpt (untargeted)",1.34799999999996,0.28535203980272,0.237711812389008,0.62573851666439
"Spruce",27,2,290,"TrainSel CDmean (targeted, published)",NA,0.369815679699028,0.274408158981881,0.655551282003488
"Spruce",27,2,290,"TrainSel CDmean (untargeted, published)",NA,0.350184243811647,0.263333558599312,0.625676944926182
"Spruce",27,2,290,"Random (published)",NA,0.339188756582427,0.244808868889566,0.648459898334815
"Spruce",27,2,290,"TSOpt default (targeted)",0.945999999999913,0.375707092160157,0.304557099578743,0.677884358459165
"Spruce",27,2,290,"TSOpt (untargeted)",2.87300000000005,0.36102207374843,0.270327572832914,0.662277562676078
"Spruce",27,3,585,"TrainSel CDmean (targeted, published)",NA,0.436345502832677,0.281365094595431,0.660026848368988
"Spruce",27,3,585,"TrainSel CDmean (untargeted, published)",NA,0.414575712717762,0.267244659381015,0.62122904680158
"Spruce",27,3,585,"Random (published)",NA,0.413794837384336,0.277948270283547,0.664779913470512
"Spruce",27,3,585,"TSOpt default (targeted)",3.30300000000034,0.443136269007352,0.315066687868321,0.674743520758318
"Spruce",27,3,585,"TSOpt (untargeted)",7.15200000000004,0.428494114518819,0.28698454542503,0.642786986036138
"Spruce",27,4,875,"TrainSel CDmean (targeted, published)",NA,0.473023020647046,0.329215099792113,0.661673065721894
"Spruce",27,4,875,"TrainSel CDmean (untargeted, published)",NA,0.460303929646873,0.274243644542032,0.658043722115137
"Spruce",27,4,875,"Random (published)",NA,0.460048415871307,0.298358188842395,0.644737207145941
"Spruce",27,4,875,"TSOpt default (targeted)",8.32999999999993,0.479046549401243,0.320898479197447,0.657806268244634
"Spruce",27,4,875,"TSOpt (untargeted)",15.1660000000002,0.468267451655598,0.307635438422505,0.666853498344864
"Spruce",27,5,1170,"TrainSel CDmean (targeted, published)",NA,0.499842478025892,0.295344229406055,0.63817304922408
"Spruce",27,5,1170,"TrainSel CDmean (untargeted, published)",NA,0.493155317111745,0.303223261429772,0.659747128830593
"Spruce",27,5,1170,"Random (published)",NA,0.491474985759181,0.301117902571185,0.66858655261606
"Spruce",27,5,1170,"TSOpt default (targeted)",18.1909999999998,0.503023813983433,0.295321266172007,0.636967241037241
"Spruce",27,5,1170,"TSOpt (untargeted)",27.924,0.497789955281309,0.307513933920558,0.64688300322121
"Spruce",28,1,145,"TrainSel CDmean (targeted, published)",NA,0.290913891159936,0.246707827492624,0.643712738187785
"Spruce",28,1,145,"TrainSel CDmean (untargeted, published)",NA,0.269621313089548,0.223599892064392,0.661325615474519
"Spruce",28,1,145,"Random (published)",NA,0.244589960023166,0.233236573820505,0.640297722458928
"Spruce",28,1,145,"TSOpt default (targeted)",0.534000000000106,0.295496937159359,0.268521086467828,0.645829109771337
"Spruce",28,1,145,"TSOpt (untargeted)",1.55799999999999,0.279976192729035,0.24354590797686,0.676020222117318
"Spruce",28,2,290,"TrainSel CDmean (targeted, published)",NA,0.362688847384216,0.274060982118564,0.636049406548658
"Spruce",28,2,290,"TrainSel CDmean (untargeted, published)",NA,0.341200321225205,0.296267647731699,0.709602300065908
"Spruce",28,2,290,"Random (published)",NA,0.329097996472,0.299970646133784,0.726449753322401
"Spruce",28,2,290,"TSOpt default (targeted)",1.04099999999971,0.369136578163297,0.31735335793155,0.698172452695257
"Spruce",28,2,290,"TSOpt (untargeted)",2.60300000000007,0.353698473389799,0.29320411159184,0.681725940175454
"Spruce",28,3,585,"TrainSel CDmean (targeted, published)",NA,0.429378804339504,0.34844854294097,0.719793894358274
"Spruce",28,3,585,"TrainSel CDmean (untargeted, published)",NA,0.410154803156184,0.281802949723156,0.717367417751795
"Spruce",28,3,585,"Random (published)",NA,0.407271985955015,0.290134529545461,0.725743327448923
"Spruce",28,3,585,"TSOpt default (targeted)",2.67099999999982,0.436517733770206,0.334524607907902,0.704393559314229
"Spruce",28,3,585,"TSOpt (untargeted)",6.61599999999999,0.422637649749953,0.32140985905668,0.708392289199084
"Spruce",28,4,875,"TrainSel CDmean (targeted, published)",NA,0.46649473908437,0.339422511943588,0.726466230713596
"Spruce",28,4,875,"TrainSel CDmean (untargeted, published)",NA,0.45472286725342,0.346470544178407,0.735709832027404
"Spruce",28,4,875,"Random (published)",NA,0.454069374017264,0.333168299770289,0.725774709978229
"Spruce",28,4,875,"TSOpt default (targeted)",6.98000000000002,0.472354052494182,0.353010097419815,0.707837194618921
"Spruce",28,4,875,"TSOpt (untargeted)",13.3760000000002,0.462558657912539,0.342736895848465,0.721170268805758
"Spruce",28,5,1170,"TrainSel CDmean (targeted, published)",NA,0.493416564174942,0.345809480133184,0.710976524543555
"Spruce",28,5,1170,"TrainSel CDmean (untargeted, published)",NA,0.487941131318575,0.329234228207521,0.722254404881688
"Spruce",28,5,1170,"Random (published)",NA,0.486645523870757,0.321695630028134,0.715169914877173
"Spruce",28,5,1170,"TSOpt default (targeted)",15.1170000000002,0.496650638805859,0.345626158187563,0.720603046601
"Spruce",28,5,1170,"TSOpt (untargeted)",24.1019999999999,0.492132086720843,0.340061017017079,0.731187656378622
"Spruce",29,1,145,"TrainSel CDmean (targeted, published)",NA,0.301574856747759,0.250595298057281,0.639514066194892
"Spruce",29,1,145,"TrainSel CDmean (untargeted, published)",NA,0.284444111723539,0.177433017264124,0.594348603958412
"Spruce",29,1,145,"Random (published)",NA,0.251030563697685,0.239768967413013,0.682726009508833
"Spruce",29,1,145,"TSOpt default (targeted)",0.396000000000186,0.306257929079694,0.196920038303433,0.680000471119978
"Spruce",29,1,145,"TSOpt (untargeted)",1.25500000000011,0.292518313734934,0.22961849187096,0.704475631009485
"Spruce",29,2,290,"TrainSel CDmean (targeted, published)",NA,0.374285812420257,0.25705968538155,0.705619256321079
"Spruce",29,2,290,"TrainSel CDmean (untargeted, published)",NA,0.354951899907078,0.265036101626377,0.669893975437472
"Spruce",29,2,290,"Random (published)",NA,0.339068904932789,0.167614635784292,0.62633136501072
"Spruce",29,2,290,"TSOpt default (targeted)",0.728000000000065,0.380943138356542,0.250544335923805,0.690791191908346
"Spruce",29,2,290,"TSOpt (untargeted)",2.51399999999967,0.366432946087219,0.284505054791724,0.717498792172029
"Spruce",29,3,585,"TrainSel CDmean (targeted, published)",NA,0.442704444600963,0.298502882803096,0.689066678084198
"Spruce",29,3,585,"TrainSel CDmean (untargeted, published)",NA,0.422415122106578,0.262011674680916,0.684556775439465
"Spruce",29,3,585,"Random (published)",NA,0.42183330382856,0.305488678414322,0.691607226211251
"Spruce",29,3,585,"TSOpt default (targeted)",2.75500000000011,0.450202820462476,0.285227203274021,0.693723619032711
"Spruce",29,3,585,"TSOpt (untargeted)",6.61599999999999,0.434430265317399,0.290070976623954,0.709749989298603
"Spruce",29,4,875,"TrainSel CDmean (targeted, published)",NA,0.481260591455096,0.297690374442686,0.70641476951178
"Spruce",29,4,875,"TrainSel CDmean (untargeted, published)",NA,0.466726967575006,0.303857232895106,0.68402906116084
"Spruce",29,4,875,"Random (published)",NA,0.467000328058749,0.323174411037238,0.691112259066861
"Spruce",29,4,875,"TSOpt default (targeted)",6.99499999999989,0.487107077605993,0.269687336020733,0.69742348651204
"Spruce",29,4,875,"TSOpt (untargeted)",13.223,0.475263742904364,0.3101684077081,0.718198818058991
"Spruce",29,5,1170,"TrainSel CDmean (targeted, published)",NA,0.507900028548734,0.285005748593999,0.674513879763617
"Spruce",29,5,1170,"TrainSel CDmean (untargeted, published)",NA,0.500967682951378,0.288259813713548,0.669904244033694
"Spruce",29,5,1170,"Random (published)",NA,0.499765259696266,0.307357069289531,0.68536232455107
"Spruce",29,5,1170,"TSOpt default (targeted)",15.2080000000001,0.511512343250343,0.28967730152975,0.679979946993485
"Spruce",29,5,1170,"TSOpt (untargeted)",26.2799999999997,0.505578971410665,0.302944410750047,0.70672235963583
"Spruce",30,1,145,"TrainSel CDmean (targeted, published)",NA,0.300908535100956,0.23010377018745,0.66320683318629
"Spruce",30,1,145,"TrainSel CDmean (untargeted, published)",NA,0.27889917521795,0.153713397119301,0.656974860648679
"Spruce",30,1,145,"Random (published)",NA,0.254221657721497,0.150920313271895,0.715064127304616
"Spruce",30,1,145,"TSOpt default (targeted)",0.396999999999935,0.30490332046597,0.221150230427153,0.62961560467112
"Spruce",30,1,145,"TSOpt (untargeted)",1.31500000000005,0.286752968953394,0.236690129740717,0.669878564632077
"Spruce",30,2,290,"TrainSel CDmean (targeted, published)",NA,0.372937424777401,0.22123094142221,0.709518033620159
"Spruce",30,2,290,"TrainSel CDmean (untargeted, published)",NA,0.352224444592366,0.20648938128969,0.691989967740187
"Spruce",30,2,290,"Random (published)",NA,0.334587121366038,0.228983148765085,0.65458063640369
"Spruce",30,2,290,"TSOpt default (targeted)",0.773000000000138,0.378835944206182,0.276455190503411,0.668216460174842
"Spruce",30,2,290,"TSOpt (untargeted)",2.85599999999977,0.361944010957391,0.297507658343843,0.675455125399225
"Spruce",30,3,585,"TrainSel CDmean (targeted, published)",NA,0.440568262053255,0.282226119598091,0.659730849542443
"Spruce",30,3,585,"TrainSel CDmean (untargeted, published)",NA,0.41811454327408,0.248383130386117,0.668406509610198
"Spruce",30,3,585,"Random (published)",NA,0.416616643923059,0.256555475020979,0.693061306110607
"Spruce",30,3,585,"TSOpt default (targeted)",2.72299999999996,0.447046026721474,0.294980868618038,0.686116112903082
"Spruce",30,3,585,"TSOpt (untargeted)",6.625,0.431066369650581,0.287977709781031,0.719186693591054
"Spruce",30,4,875,"TrainSel CDmean (targeted, published)",NA,0.477560705038279,0.325940794183044,0.715267769362566
"Spruce",30,4,875,"TrainSel CDmean (untargeted, published)",NA,0.462174436947609,0.250000447279758,0.688684305441083
"Spruce",30,4,875,"Random (published)",NA,0.461897793668459,0.267886805084031,0.666801471557572
"Spruce",30,4,875,"TSOpt default (targeted)",7.30500000000029,0.483370881238775,0.286358870560613,0.713619216618344
"Spruce",30,4,875,"TSOpt (untargeted)",13.4579999999996,0.471392496976144,0.286523996618984,0.715687158705977
"Spruce",30,5,1170,"TrainSel CDmean (targeted, published)",NA,0.504149601059323,0.295106294855714,0.711818186482158
"Spruce",30,5,1170,"TrainSel CDmean (untargeted, published)",NA,0.497561355237707,0.278113520585767,0.701039568422043
"Spruce",30,5,1170,"Random (published)",NA,0.496346886332725,0.289231346870162,0.701523713047331
"Spruce",30,5,1170,"TSOpt default (targeted)",15.2550000000001,0.507030032871433,0.29339494340532,0.708706880220696
"Spruce",30,5,1170,"TSOpt (untargeted)",24.5409999999997,0.501629845042342,0.305383723833452,0.709449504113491
"Spruce",31,1,145,"TrainSel CDmean (targeted, published)",NA,0.290907146416761,0.199367835411165,0.664552054807892
"Spruce",31,1,145,"TrainSel CDmean (untargeted, published)",NA,0.269277897371221,0.143261805911962,0.648253356625396
"Spruce",31,1,145,"Random (published)",NA,0.245821313286494,0.218832849174953,0.630224878746876
"Spruce",31,1,145,"TSOpt default (targeted)",0.351999999999862,0.29461114565619,0.196655645959585,0.649089138972393
"Spruce",31,1,145,"TSOpt (untargeted)",1.29700000000003,0.27858013229262,0.16153016115239,0.655222707201396
"Spruce",31,2,290,"TrainSel CDmean (targeted, published)",NA,0.362195179260462,0.276542771564196,0.702589449924462
"Spruce",31,2,290,"TrainSel CDmean (untargeted, published)",NA,0.342293960595133,0.258888647142457,0.669582051013856
"Spruce",31,2,290,"Random (published)",NA,0.328113713305403,0.215703145103905,0.628076791923804
"Spruce",31,2,290,"TSOpt default (targeted)",0.746999999999844,0.367693035174922,0.202457469597626,0.659269956756566
"Spruce",31,2,290,"TSOpt (untargeted)",2.77500000000009,0.352925031205919,0.184535743039438,0.691205127165538
"Spruce",31,3,585,"TrainSel CDmean (targeted, published)",NA,0.428607867646294,0.243775458039867,0.665205991631014
"Spruce",31,3,585,"TrainSel CDmean (untargeted, published)",NA,0.409977891273897,0.232335706111498,0.669138459544107
"Spruce",31,3,585,"Random (published)",NA,0.406792979337541,0.253255559151751,0.659547909952007
"Spruce",31,3,585,"TSOpt default (targeted)",2.78400000000011,0.435044047317434,0.26435079764054,0.697642255394554
"Spruce",31,3,585,"TSOpt (untargeted)",6.73099999999977,0.421639754666327,0.228568950912459,0.67992219552823
"Spruce",31,4,875,"TrainSel CDmean (targeted, published)",NA,0.46535261143007,0.273393557063915,0.661754358155821
"Spruce",31,4,875,"TrainSel CDmean (untargeted, published)",NA,0.453954557207253,0.246086473472603,0.674963439908469
"Spruce",31,4,875,"Random (published)",NA,0.452578839463304,0.243395035588613,0.679163291763883
"Spruce",31,4,875,"TSOpt default (targeted)",7.50900000000001,0.470889593520308,0.282183121345226,0.691490706243091
"Spruce",31,4,875,"TSOpt (untargeted)",13.7239999999997,0.461918896981123,0.243050918564273,0.69501891044803
"Spruce",31,5,1170,"TrainSel CDmean (targeted, published)",NA,0.492100476593684,0.268561407912066,0.671831037028143
"Spruce",31,5,1170,"TrainSel CDmean (untargeted, published)",NA,0.486244582136632,0.263383204743797,0.693930886483457
"Spruce",31,5,1170,"Random (published)",NA,0.484313655382706,0.280226726433655,0.666422298890154
"Spruce",31,5,1170,"TSOpt default (targeted)",17.0170000000003,0.494960245776795,0.280099723267873,0.676640077704258
"Spruce",31,5,1170,"TSOpt (untargeted)",26.8249999999998,0.4908404664637,0.271832568069348,0.696191562459407
"Spruce",32,1,145,"TrainSel CDmean (targeted, published)",NA,0.301360774007016,0.221458423329739,0.611951082844334
"Spruce",32,1,145,"TrainSel CDmean (untargeted, published)",NA,0.280356844699424,0.159209195441438,0.62354581889109
"Spruce",32,1,145,"Random (published)",NA,0.256974325180199,0.20274380486614,0.612368578812974
"Spruce",32,1,145,"TSOpt default (targeted)",0.398999999999887,0.304384564018042,0.22793077643333,0.629412009683561
"Spruce",32,1,145,"TSOpt (untargeted)",1.40000000000009,0.290044310102753,0.255636654192537,0.72629863580215
"Spruce",32,2,290,"TrainSel CDmean (targeted, published)",NA,0.371946894909251,0.270079817004768,0.656739125580677
"Spruce",32,2,290,"TrainSel CDmean (untargeted, published)",NA,0.354025525683909,0.300695179975402,0.636873205827288
"Spruce",32,2,290,"Random (published)",NA,0.340871908085318,0.301352508787186,0.694236467060833
"Spruce",32,2,290,"TSOpt default (targeted)",0.878999999999905,0.37760227954773,0.287742714846606,0.641899777511168
"Spruce",32,2,290,"TSOpt (untargeted)",2.95199999999977,0.364038463828275,0.308957288254949,0.684592087757126
"Spruce",32,3,585,"TrainSel CDmean (targeted, published)",NA,0.43863305273715,0.323670359827686,0.660307068963284
"Spruce",32,3,585,"TrainSel CDmean (untargeted, published)",NA,0.418222245271692,0.313430523517536,0.660641972345743
"Spruce",32,3,585,"Random (published)",NA,0.4194969794732,0.324539437709614,0.670881148619708
"Spruce",32,3,585,"TSOpt default (targeted)",3.25999999999976,0.445603141015441,0.343470515359134,0.648114432717968
"Spruce",32,3,585,"TSOpt (untargeted)",7.44700000000012,0.431761622025687,0.348332895250353,0.665064273494409
"Spruce",32,4,875,"TrainSel CDmean (targeted, published)",NA,0.476828629234452,0.363985187238081,0.665384227941772
"Spruce",32,4,875,"TrainSel CDmean (untargeted, published)",NA,0.462971736920823,0.35266079078676,0.688577384324897
"Spruce",32,4,875,"Random (published)",NA,0.463189786809185,0.342848860940139,0.668053715650554
"Spruce",32,4,875,"TSOpt default (targeted)",8.57999999999993,0.482081273496711,0.354215621903169,0.666465824974817
"Spruce",32,4,875,"TSOpt (untargeted)",15.4349999999999,0.471402027420684,0.351261418829722,0.672922515695391
"Spruce",32,5,1170,"TrainSel CDmean (targeted, published)",NA,0.503485568212881,0.36097761899475,0.684773601775792
"Spruce",32,5,1170,"TrainSel CDmean (untargeted, published)",NA,0.496777365576387,0.351295842588016,0.678619853935184
"Spruce",32,5,1170,"Random (published)",NA,0.49692095931047,0.348568992741821,0.681719012454485
"Spruce",32,5,1170,"TSOpt default (targeted)",17.2330000000002,0.506903585917174,0.362433838791226,0.688772578995481
"Spruce",32,5,1170,"TSOpt (untargeted)",27.4179999999997,0.501458361979295,0.349823006514968,0.668611822551929
"Spruce",33,1,145,"TrainSel CDmean (targeted, published)",NA,0.294614072183372,0.178771450340267,0.64742594170853
"Spruce",33,1,145,"TrainSel CDmean (untargeted, published)",NA,0.272172491993835,0.23526034027512,0.624459933981961
"Spruce",33,1,145,"Random (published)",NA,0.24687172585464,0.169488591232031,0.61465965065011
"Spruce",33,1,145,"TSOpt default (targeted)",0.53899999999976,0.29885974385476,0.170587989027813,0.641120407054372
"Spruce",33,1,145,"TSOpt (untargeted)",1.43200000000024,0.282309389733311,0.204784419462055,0.6750273607999
"Spruce",33,2,290,"TrainSel CDmean (targeted, published)",NA,0.366410661757014,0.230893499763988,0.638385435641652
"Spruce",33,2,290,"TrainSel CDmean (untargeted, published)",NA,0.345732487969967,0.240344279978503,0.620989810435848
"Spruce",33,2,290,"Random (published)",NA,0.33391423697576,0.211335074567546,0.609426608239753
"Spruce",33,2,290,"TSOpt default (targeted)",0.851000000000113,0.372086087058159,0.218638098667089,0.643991886998647
"Spruce",33,2,290,"TSOpt (untargeted)",2.71500000000015,0.356665730737855,0.246344045840473,0.663457105125233
"Spruce",33,3,585,"TrainSel CDmean (targeted, published)",NA,0.43279894008979,0.256296446872915,0.65694637671708
"Spruce",33,3,585,"TrainSel CDmean (untargeted, published)",NA,0.411293100896547,0.246656575651491,0.6465164286217
"Spruce",33,3,585,"Random (published)",NA,0.412708976262694,0.277806101362664,0.652343495413375
"Spruce",33,3,585,"TSOpt default (targeted)",2.94700000000012,0.439885530028179,0.273540492931045,0.657867759610367
"Spruce",33,3,585,"TSOpt (untargeted)",7,0.4247064697512,0.288619727442844,0.65265717261293
"Spruce",33,4,875,"TrainSel CDmean (targeted, published)",NA,0.469568596656241,0.266728860008501,0.64623051732417
"Spruce",33,4,875,"TrainSel CDmean (untargeted, published)",NA,0.457715183670415,0.268870450782432,0.659775858858459
"Spruce",33,4,875,"Random (published)",NA,0.455746528470436,0.289411637922725,0.678519733302542
"Spruce",33,4,875,"TSOpt default (targeted)",7.96799999999985,0.475937285072804,0.265802969306782,0.649390557196378
"Spruce",33,4,875,"TSOpt (untargeted)",15.752,0.464715975594938,0.2847161041719,0.667700475053726
"Spruce",33,5,1170,"TrainSel CDmean (targeted, published)",NA,0.496344093399972,0.286805149272092,0.662772399799442
"Spruce",33,5,1170,"TrainSel CDmean (untargeted, published)",NA,0.490288157079467,0.282472943423028,0.690206205897124
"Spruce",33,5,1170,"Random (published)",NA,0.489307736119378,0.241283874297482,0.65546703216679
"Spruce",33,5,1170,"TSOpt default (targeted)",18.098,0.499586164282409,0.261782430410347,0.656570195418343
"Spruce",33,5,1170,"TSOpt (untargeted)",26.7730000000001,0.494254893347879,0.269537191024817,0.673949108565928
"Spruce",34,1,145,"TrainSel CDmean (targeted, published)",NA,0.299497340342195,0.134875664234295,0.55677435699103
"Spruce",34,1,145,"TrainSel CDmean (untargeted, published)",NA,0.278076785649058,0.258764108283917,0.704138900184136
"Spruce",34,1,145,"Random (published)",NA,0.253411642936924,0.148656375763155,0.609970322787802
"Spruce",34,1,145,"TSOpt default (targeted)",0.400000000000091,0.303167008542438,0.174645479256125,0.592170782149095
"Spruce",34,1,145,"TSOpt (untargeted)",1.33100000000013,0.287492955893654,0.241596340837395,0.670736277513212
"Spruce",34,2,290,"TrainSel CDmean (targeted, published)",NA,0.370378889943054,0.244938602925117,0.605814413500225
"Spruce",34,2,290,"TrainSel CDmean (untargeted, published)",NA,0.348320199316535,0.296935196359492,0.680165614003791
"Spruce",34,2,290,"Random (published)",NA,0.336805195751935,0.235149098461419,0.6765902882232
"Spruce",34,2,290,"TSOpt default (targeted)",0.813999999999851,0.376491284913731,0.219241972349898,0.618904747295946
"Spruce",34,2,290,"TSOpt (untargeted)",2.72600000000011,0.361324522972127,0.247410169605765,0.654286905520561
"Spruce",34,3,585,"TrainSel CDmean (targeted, published)",NA,0.437308477610014,0.285099559247602,0.640794219145465
"Spruce",34,3,585,"TrainSel CDmean (untargeted, published)",NA,0.416206016204541,0.284447255229892,0.635712061734873
"Spruce",34,3,585,"Random (published)",NA,0.414985102064419,0.301028799051238,0.716436753948902
"Spruce",34,3,585,"TSOpt default (targeted)",3.07200000000012,0.444246721570566,0.262070099168064,0.607328649816003
"Spruce",34,3,585,"TSOpt (untargeted)",6.98300000000017,0.428068628286123,0.291271625206624,0.682458209680746
"Spruce",34,4,875,"TrainSel CDmean (targeted, published)",NA,0.474499778312431,0.292206381653097,0.676892560835186
"Spruce",34,4,875,"TrainSel CDmean (untargeted, published)",NA,0.46069689600396,0.346433507271633,0.711868531892806
"Spruce",34,4,875,"Random (published)",NA,0.45963827942115,0.306069195836516,0.667556995196264
"Spruce",34,4,875,"TSOpt default (targeted)",7.75099999999975,0.480360022341402,0.307032805649594,0.646358832475672
"Spruce",34,4,875,"TSOpt (untargeted)",14.4480000000003,0.46855697576623,0.326655926938322,0.701520646218063
"Spruce",34,5,1170,"TrainSel CDmean (targeted, published)",NA,0.500628067044397,0.31434169741958,0.671586520237885
"Spruce",34,5,1170,"TrainSel CDmean (untargeted, published)",NA,0.494588696760501,0.297094245403124,0.657201380172816
"Spruce",34,5,1170,"Random (published)",NA,0.493630192320084,0.300216034938443,0.670686319633228
"Spruce",34,5,1170,"TSOpt default (targeted)",17.0150000000003,0.504165069708287,0.312817907829487,0.674345008374533
"Spruce",34,5,1170,"TSOpt (untargeted)",26.2309999999998,0.498432780600016,0.333311754913815,0.695875380798082
"Spruce",35,1,145,"TrainSel CDmean (targeted, published)",NA,0.306379670998417,0.236918084763172,0.601328779860132
"Spruce",35,1,145,"TrainSel CDmean (untargeted, published)",NA,0.282910505907109,0.204910034192405,0.587983841970424
"Spruce",35,1,145,"Random (published)",NA,0.25140789543461,0.201041939697934,0.637096642164103
"Spruce",35,1,145,"TSOpt default (targeted)",0.384999999999309,0.311501861151592,0.253023503582069,0.609215989232894
"Spruce",35,1,145,"TSOpt (untargeted)",1.34700000000066,0.295270439949043,0.175685383298397,0.565293948193243
"Spruce",35,2,290,"TrainSel CDmean (targeted, published)",NA,0.378736766149886,0.24438020111741,0.563086269975569
"Spruce",35,2,290,"TrainSel CDmean (untargeted, published)",NA,0.358452425317156,0.276941670924445,0.626098486581316
"Spruce",35,2,290,"Random (published)",NA,0.346030060964192,0.265907863740226,0.60582990182958
"Spruce",35,2,290,"TSOpt default (targeted)",0.806000000000495,0.384609140662912,0.298002904950483,0.636934328737894
"Spruce",35,2,290,"TSOpt (untargeted)",2.79199999999946,0.367453649834367,0.225459893011633,0.546221048665227
"Spruce",35,3,585,"TrainSel CDmean (targeted, published)",NA,0.443860125618536,0.305566987346663,0.635487639581229
"Spruce",35,3,585,"TrainSel CDmean (untargeted, published)",NA,0.421494521672369,0.285010728024415,0.665044578986796
"Spruce",35,3,585,"Random (published)",NA,0.423760719991116,0.291394581692978,0.617286031577069
"Spruce",35,3,585,"TSOpt default (targeted)",3.00699999999961,0.451319261366107,0.326197981359382,0.638520403362214
"Spruce",35,3,585,"TSOpt (untargeted)",7.03399999999965,0.434793895265619,0.266613432171064,0.608321002067633
"Spruce",35,4,875,"TrainSel CDmean (targeted, published)",NA,0.481443989583597,0.324772820409312,0.64845523825327
"Spruce",35,4,875,"TrainSel CDmean (untargeted, published)",NA,0.466377384742839,0.302917508620692,0.610532226497512
"Spruce",35,4,875,"Random (published)",NA,0.467955090507127,0.275365457345392,0.61419392496029
"Spruce",35,4,875,"TSOpt default (targeted)",7.89899999999943,0.486898626000849,0.304699882417585,0.619128423723153
"Spruce",35,4,875,"TSOpt (untargeted)",14.4830000000002,0.474584548301735,0.279669376652906,0.613572782710448
"Spruce",35,5,1170,"TrainSel CDmean (targeted, published)",NA,0.507642814593812,0.317358812356936,0.61917055117755
"Spruce",35,5,1170,"TrainSel CDmean (untargeted, published)",NA,0.499761108128957,0.298604539053946,0.632892167174232
"Spruce",35,5,1170,"Random (published)",NA,0.500688873783971,0.292464701786858,0.636671838977463
"Spruce",35,5,1170,"TSOpt default (targeted)",16.9750000000004,0.510291482230741,0.311306115060508,0.644384709368608
"Spruce",35,5,1170,"TSOpt (untargeted)",26.692,0.504333357222726,0.305585040848537,0.635994705684013
"Spruce",36,1,145,"TrainSel CDmean (targeted, published)",NA,0.308262476503203,0.19068960753449,0.62683233268102
"Spruce",36,1,145,"TrainSel CDmean (untargeted, published)",NA,0.284136063530414,0.21431625049334,0.600640855680535
"Spruce",36,1,145,"Random (published)",NA,0.265921335013303,0.232725909929141,0.641034651708467
"Spruce",36,1,145,"TSOpt default (targeted)",0.381000000000313,0.31219336634498,0.243839186344748,0.647421241022241
"Spruce",36,1,145,"TSOpt (untargeted)",1.38499999999931,0.295271522986605,0.261615023375244,0.647614891770523
"Spruce",36,2,290,"TrainSel CDmean (targeted, published)",NA,0.380393242450002,0.267543366796212,0.635285778753518
"Spruce",36,2,290,"TrainSel CDmean (untargeted, published)",NA,0.359288377961977,0.276158903951452,0.591955251707939
"Spruce",36,2,290,"Random (published)",NA,0.340237550359826,0.167004082795505,0.600418887868136
"Spruce",36,2,290,"TSOpt default (targeted)",0.85399999999936,0.385900788045775,0.296206275802914,0.61500584934937
"Spruce",36,2,290,"TSOpt (untargeted)",2.67400000000089,0.369955688550852,0.300375336891841,0.636218786902021
"Spruce",36,3,585,"TrainSel CDmean (targeted, published)",NA,0.447321255954057,0.348303800064109,0.632222782879883
"Spruce",36,3,585,"TrainSel CDmean (untargeted, published)",NA,0.423502118676677,0.295366382161668,0.655855666327441
"Spruce",36,3,585,"Random (published)",NA,0.421955208790779,0.258158568018402,0.611949967608786
"Spruce",36,3,585,"TSOpt default (targeted)",3.14100000000053,0.454399615839181,0.329565659040387,0.658012963507427
"Spruce",36,3,585,"TSOpt (untargeted)",7.15499999999975,0.437714607432435,0.328870348226033,0.651342721564046
"Spruce",36,4,875,"TrainSel CDmean (targeted, published)",NA,0.484578403313244,0.338946273203772,0.636630498978026
"Spruce",36,4,875,"TrainSel CDmean (untargeted, published)",NA,0.468511536783483,0.301425724178801,0.645567342134277
"Spruce",36,4,875,"Random (published)",NA,0.470427517269338,0.312800403116179,0.616309144342668
"Spruce",36,4,875,"TSOpt default (targeted)",8.45600000000013,0.490837311015929,0.332749435370352,0.663285946638013
"Spruce",36,4,875,"TSOpt (untargeted)",15.0640000000003,0.477313360816776,0.324752998484577,0.65488356027179
"Spruce",36,5,1170,"TrainSel CDmean (targeted, published)",NA,0.510912947236029,0.328021276255039,0.639041333406786
"Spruce",36,5,1170,"TrainSel CDmean (untargeted, published)",NA,0.502293046064378,0.290721947012318,0.649065031693618
"Spruce",36,5,1170,"Random (published)",NA,0.503643614160682,0.320474274066206,0.655437656366631
"Spruce",36,5,1170,"TSOpt default (targeted)",18.2660000000005,0.514625612025972,0.338337473461554,0.660500563120614
"Spruce",36,5,1170,"TSOpt (untargeted)",26.7200000000003,0.507757012032845,0.330144468150152,0.65508613249545
"Spruce",37,1,145,"TrainSel CDmean (targeted, published)",NA,0.288355136886967,0.20636222135104,0.637013427881872
"Spruce",37,1,145,"TrainSel CDmean (untargeted, published)",NA,0.269053336396517,0.223339583094435,0.677932521132147
"Spruce",37,1,145,"Random (published)",NA,0.246318708911821,0.252712640144686,0.643101793286448
"Spruce",37,1,145,"TSOpt default (targeted)",0.408000000000357,0.292440499767029,0.215605248513506,0.619785238177775
"Spruce",37,1,145,"TSOpt (untargeted)",1.29999999999927,0.278395920756424,0.244623084924777,0.651830770649274
"Spruce",37,2,290,"TrainSel CDmean (targeted, published)",NA,0.358930621611931,0.224097315849334,0.606146145178526
"Spruce",37,2,290,"TrainSel CDmean (untargeted, published)",NA,0.339622895682878,0.303724023888202,0.664587211978996
"Spruce",37,2,290,"Random (published)",NA,0.327788174418183,0.28393343557369,0.68835814933303
"Spruce",37,2,290,"TSOpt default (targeted)",0.82300000000032,0.364483465227688,0.281222410739038,0.695539319167391
"Spruce",37,2,290,"TSOpt (untargeted)",2.72999999999956,0.350008284293272,0.262237634936498,0.676090286319666
"Spruce",37,3,585,"TrainSel CDmean (targeted, published)",NA,0.425053541956726,0.327603546570515,0.70508781242048
"Spruce",37,3,585,"TrainSel CDmean (untargeted, published)",NA,0.40583130913366,0.305774986351585,0.672161866988187
"Spruce",37,3,585,"Random (published)",NA,0.405234770915859,0.326672459202828,0.691049749562885
"Spruce",37,3,585,"TSOpt default (targeted)",2.98100000000068,0.431488177253535,0.310533580232791,0.700933703340542
"Spruce",37,3,585,"TSOpt (untargeted)",6.99099999999999,0.417107463789671,0.279154190503918,0.655149844739733
"Spruce",37,4,875,"TrainSel CDmean (targeted, published)",NA,0.461977201209362,0.334263539366349,0.699085574735293
"Spruce",37,4,875,"TrainSel CDmean (untargeted, published)",NA,0.450010187516413,0.323124706933736,0.678740236135392
"Spruce",37,4,875,"Random (published)",NA,0.448431761809321,0.336460109775556,0.73217627902724
"Spruce",37,4,875,"TSOpt default (targeted)",7.97600000000057,0.46757398945273,0.335455439625938,0.670693106541901
"Spruce",37,4,875,"TSOpt (untargeted)",14.5509999999995,0.457260305918347,0.312658859534659,0.665674408764469
"Spruce",37,5,1170,"TrainSel CDmean (targeted, published)",NA,0.488564876921872,0.33293950513131,0.705740012972519
"Spruce",37,5,1170,"TrainSel CDmean (untargeted, published)",NA,0.482297454882593,0.327709322026114,0.704574674476384
"Spruce",37,5,1170,"Random (published)",NA,0.482461266207992,0.311979305610126,0.64051826718261
"Spruce",37,5,1170,"TSOpt default (targeted)",17.1750000000002,0.491979753352991,0.34358671270683,0.717471531064045
"Spruce",37,5,1170,"TSOpt (untargeted)",26.5609999999997,0.486788072217775,0.334179364083615,0.689420607135339
"Spruce",38,1,145,"TrainSel CDmean (targeted, published)",NA,0.293912503705653,0.281015055810038,0.693810840771311
"Spruce",38,1,145,"TrainSel CDmean (untargeted, published)",NA,0.273219570463736,0.186362115181426,0.650457372301673
"Spruce",38,1,145,"Random (published)",NA,0.255294541460727,0.160262202222294,0.663812033203529
"Spruce",38,1,145,"TSOpt default (targeted)",0.401000000000749,0.298351274691548,0.248644415900065,0.693639414311452
"Spruce",38,1,145,"TSOpt (untargeted)",1.32899999999972,0.284283246329029,0.226622824808228,0.693419146443239
"Spruce",38,2,290,"TrainSel CDmean (targeted, published)",NA,0.364675438235107,0.254471034199108,0.699009088618104
"Spruce",38,2,290,"TrainSel CDmean (untargeted, published)",NA,0.345090517040242,0.222472421960201,0.653328383784228
"Spruce",38,2,290,"Random (published)",NA,0.331547756583041,0.260234694901797,0.717619681637526
"Spruce",38,2,290,"TSOpt default (targeted)",0.791000000000167,0.370163256268698,0.271907883083627,0.675815098328925
"Spruce",38,2,290,"TSOpt (untargeted)",2.73099999999977,0.355421748274082,0.291877791420939,0.669207600702958
"Spruce",38,3,585,"TrainSel CDmean (targeted, published)",NA,0.430429985423074,0.344129484333406,0.695871672816757
"Spruce",38,3,585,"TrainSel CDmean (untargeted, published)",NA,0.409815487824649,0.289859060883552,0.674071330981875
"Spruce",38,3,585,"Random (published)",NA,0.408674473939103,0.255939201118936,0.672040252813886
"Spruce",38,3,585,"TSOpt default (targeted)",3.02599999999984,0.437024366928693,0.347241503742236,0.708027242495325
"Spruce",38,3,585,"TSOpt (untargeted)",7.02099999999973,0.42341194808926,0.313491661661813,0.657817887022642
"Spruce",38,4,875,"TrainSel CDmean (targeted, published)",NA,0.467220971272375,0.34944365885354,0.692709059612441
"Spruce",38,4,875,"TrainSel CDmean (untargeted, published)",NA,0.454731198570926,0.345108898701325,0.715595733438157
"Spruce",38,4,875,"Random (published)",NA,0.452694659907216,0.30952573612461,0.688659696406682
"Spruce",38,4,875,"TSOpt default (targeted)",7.88699999999972,0.472891800312236,0.351726311624674,0.711174848095852
"Spruce",38,4,875,"TSOpt (untargeted)",14.2870000000003,0.462879720382246,0.319312417961116,0.694225036043532
"Spruce",38,5,1170,"TrainSel CDmean (targeted, published)",NA,0.493834449667725,0.344860776282036,0.709291999914372
"Spruce",38,5,1170,"TrainSel CDmean (untargeted, published)",NA,0.487360186347289,0.339871361954841,0.694922850569856
"Spruce",38,5,1170,"Random (published)",NA,0.486727701319669,0.326221189426498,0.7129820549872
"Spruce",38,5,1170,"TSOpt default (targeted)",17.7759999999998,0.497013854222388,0.336455537325355,0.696321249951622
"Spruce",38,5,1170,"TSOpt (untargeted)",26.8689999999997,0.491858691600957,0.341742272794802,0.703033535017126
"Spruce",39,1,145,"TrainSel CDmean (targeted, published)",NA,0.298355626298073,0.263698784636536,0.700706151578462
"Spruce",39,1,145,"TrainSel CDmean (untargeted, published)",NA,0.280084610188956,0.175674713708297,0.595104321464796
"Spruce",39,1,145,"Random (published)",NA,0.254579028550214,0.249381300721837,0.636832258528302
"Spruce",39,1,145,"TSOpt default (targeted)",0.395000000000437,0.302347282000742,0.296827003386719,0.655937901353819
"Spruce",39,1,145,"TSOpt (untargeted)",1.34999999999945,0.288637949245152,0.252763368631865,0.648444853440632
"Spruce",39,2,290,"TrainSel CDmean (targeted, published)",NA,0.36918821919571,0.316028121949845,0.668200710516865
"Spruce",39,2,290,"TrainSel CDmean (untargeted, published)",NA,0.352579458976829,0.334552076833465,0.66424184179393
"Spruce",39,2,290,"Random (published)",NA,0.336020677140203,0.331598824625184,0.718332930253747
"Spruce",39,2,290,"TSOpt default (targeted)",0.796999999999571,0.375568870650445,0.347704631397317,0.708577293010587
"Spruce",39,2,290,"TSOpt (untargeted)",2.78300000000036,0.362503103093918,0.336722643535477,0.675171399229116
"Spruce",39,3,585,"TrainSel CDmean (targeted, published)",NA,0.436705719793901,0.348539018693003,0.680978684092423
"Spruce",39,3,585,"TrainSel CDmean (untargeted, published)",NA,0.417190287174049,0.301410515703383,0.64072542068347
"Spruce",39,3,585,"Random (published)",NA,0.417671034580723,0.3128957222379,0.663511385765453
"Spruce",39,3,585,"TSOpt default (targeted)",3.00500000000011,0.443701514702993,0.361166627732747,0.708470031037805
"Spruce",39,3,585,"TSOpt (untargeted)",7.31999999999971,0.429655519834945,0.332186324198329,0.656550374303174
"Spruce",39,4,875,"TrainSel CDmean (targeted, published)",NA,0.47479604360062,0.398346957616456,0.719304747687251
"Spruce",39,4,875,"TrainSel CDmean (untargeted, published)",NA,0.462598060452655,0.342623322406714,0.649953000488157
"Spruce",39,4,875,"Random (published)",NA,0.462048723634749,0.368255418059493,0.706433173020764
"Spruce",39,4,875,"TSOpt default (targeted)",8.33200000000033,0.480188969651831,0.389310314345705,0.710964894612264
"Spruce",39,4,875,"TSOpt (untargeted)",14.9380000000001,0.46915311059509,0.360404284272117,0.679726989998953
"Spruce",39,5,1170,"TrainSel CDmean (targeted, published)",NA,0.501903604275339,0.381162076044321,0.709199141490067
"Spruce",39,5,1170,"TrainSel CDmean (untargeted, published)",NA,0.494767618952061,0.3634929169204,0.703886257314787
"Spruce",39,5,1170,"Random (published)",NA,0.496164760821697,0.36491141863233,0.696550714575907
"Spruce",39,5,1170,"TSOpt default (targeted)",18.2460000000001,0.504848902352518,0.38780117127851,0.714398825648182
"Spruce",39,5,1170,"TSOpt (untargeted)",27.4569999999994,0.499320914721191,0.376783410393843,0.68391756399485
"Spruce",40,1,145,"TrainSel CDmean (targeted, published)",NA,0.295052364400001,0.223443449334888,0.677292677116718
"Spruce",40,1,145,"TrainSel CDmean (untargeted, published)",NA,0.269632617556682,0.283358833410232,0.697567172769139
"Spruce",40,1,145,"Random (published)",NA,0.248299923015302,0.264844642796678,0.686671716792516
"Spruce",40,1,145,"TSOpt default (targeted)",0.38300000000072,0.298739367870956,0.245073584127333,0.706882548266294
"Spruce",40,1,145,"TSOpt (untargeted)",1.36599999999999,0.284046306096995,0.275483143612537,0.691429078670776
"Spruce",40,2,290,"TrainSel CDmean (targeted, published)",NA,0.365671806777107,0.230783863534675,0.697046933194459
"Spruce",40,2,290,"TrainSel CDmean (untargeted, published)",NA,0.34440991459678,0.273965517729978,0.699035138670388
"Spruce",40,2,290,"Random (published)",NA,0.329708469235043,0.342233817904935,0.714982368667817
"Spruce",40,2,290,"TSOpt default (targeted)",0.827000000000226,0.37077201775887,0.246806046099858,0.675790090154511
"Spruce",40,2,290,"TSOpt (untargeted)",2.71500000000015,0.355873608600474,0.318185193418632,0.72210291861245
"Spruce",40,3,585,"TrainSel CDmean (targeted, published)",NA,0.430994915693896,0.30718011899226,0.699492100056852
"Spruce",40,3,585,"TrainSel CDmean (untargeted, published)",NA,0.410660956109103,0.305295073191777,0.719965543304228
"Spruce",40,3,585,"Random (published)",NA,0.407432380682231,0.29096097084355,0.658540337442223
"Spruce",40,3,585,"TSOpt default (targeted)",3.08299999999963,0.437214815525997,0.292956532822532,0.691944192064118
"Spruce",40,3,585,"TSOpt (untargeted)",6.86000000000058,0.423759168611783,0.300776252356795,0.697356220628577
"Spruce",40,4,875,"TrainSel CDmean (targeted, published)",NA,0.46762572421269,0.32518355142457,0.696685146813367
"Spruce",40,4,875,"TrainSel CDmean (untargeted, published)",NA,0.453945634390319,0.314822954654492,0.711189837578707
"Spruce",40,4,875,"Random (published)",NA,0.454322343831692,0.329430689778602,0.706944146429332
"Spruce",40,4,875,"TSOpt default (targeted)",7.8730000000005,0.473118774086597,0.326155499872389,0.699441978475494
"Spruce",40,4,875,"TSOpt (untargeted)",14.4459999999999,0.462554628207518,0.327479890859842,0.691755326940595
"Spruce",40,5,1170,"TrainSel CDmean (targeted, published)",NA,0.493967500133576,0.343903614542555,0.701176622837544
"Spruce",40,5,1170,"TrainSel CDmean (untargeted, published)",NA,0.487103450557072,0.348096155189047,0.718564851959901
"Spruce",40,5,1170,"Random (published)",NA,0.486466305375186,0.33551922314475,0.708581926233948
"Spruce",40,5,1170,"TSOpt default (targeted)",16.8109999999997,0.497051367704175,0.330674072278784,0.688727595260909
"Spruce",40,5,1170,"TSOpt (untargeted)",26.2939999999999,0.491765887501034,0.325937868326037,0.688862610138098
