"dataset","rep","size","n","method","seconds","cdmean","pa","ndcg10"
"Maize",1,1,35,"TrainSel CDmean (targeted, published)",NA,0.124205495805147,0.304686885868356,0.583307316364506
"Maize",1,1,35,"TrainSel CDmean (untargeted, published)",NA,0.0809973189623323,0.349100505198261,0.583943018285369
"Maize",1,1,35,"Random (published)",NA,0.046924728053958,0.380450458853118,0.550665934980363
"Maize",1,1,35,"TSOpt default (targeted)",0.028,0.125058563509342,0.321916511142807,0.5708058066157
"Maize",1,1,35,"TSOpt (untargeted)",0.046,0.0960971216924142,0.403315022676144,0.64137350621729
"Maize",1,2,65,"TrainSel CDmean (targeted, published)",NA,0.153992896274969,0.394300183403459,0.596451938163695
"Maize",1,2,65,"TrainSel CDmean (untargeted, published)",NA,0.112699601820578,0.47312925646064,0.689989915876925
"Maize",1,2,65,"Random (published)",NA,0.0686110338677268,0.421665464731124,0.661970508147825
"Maize",1,2,65,"TSOpt default (targeted)",0.0389999999999999,0.154292677653764,0.438427729793415,0.604717656535957
"Maize",1,2,65,"TSOpt (untargeted)",0.0449999999999999,0.128699781660403,0.44985936811371,0.568523141418807
"Maize",1,3,130,"TrainSel CDmean (targeted, published)",NA,0.178800313914355,0.552018780719039,0.673356212640575
"Maize",1,3,130,"TrainSel CDmean (untargeted, published)",NA,0.13223477524414,0.511394603882224,0.669882319711444
"Maize",1,3,130,"Random (published)",NA,0.129747751204344,0.526114909083266,0.747731406285923
"Maize",1,3,130,"TSOpt default (targeted)",0.091,0.178919489124144,0.569848227487004,0.694188809995532
"Maize",1,3,130,"TSOpt (untargeted)",0.0900000000000001,0.158062372818694,0.543624631818238,0.693594937269751
"Maize",1,4,200,"TrainSel CDmean (targeted, published)",NA,0.189380353244504,0.59423304872227,0.713761217504304
"Maize",1,4,200,"TrainSel CDmean (untargeted, published)",NA,0.137715603701008,0.506035316014756,0.690470951621741
"Maize",1,4,200,"Random (published)",NA,0.161672842591088,0.55163733320723,0.675954377924494
"Maize",1,4,200,"TSOpt default (targeted)",0.123,0.189613229426648,0.596619969453178,0.710385365678979
"Maize",1,4,200,"TSOpt (untargeted)",0.194,0.167752151302793,0.551214843885435,0.68914258419191
"Maize",1,5,265,"TrainSel CDmean (targeted, published)",NA,0.194781767375156,0.593296676000606,0.708932718511087
"Maize",1,5,265,"TrainSel CDmean (untargeted, published)",NA,0.163976467779388,0.600440838463948,0.73858452256293
"Maize",1,5,265,"Random (published)",NA,0.178999374975215,0.537457247162218,0.666110211797356
"Maize",1,5,265,"TSOpt default (targeted)",0.205,0.194974930425376,0.591342302310712,0.706731372161877
"Maize",1,5,265,"TSOpt (untargeted)",0.284,0.181926270166697,0.553845372812184,0.683561254336814
"Maize",2,1,35,"TrainSel CDmean (targeted, published)",NA,0.130816636976722,0.390656977516665,0.652367556806948
"Maize",2,1,35,"TrainSel CDmean (untargeted, published)",NA,0.0817823694045917,0.412907349642072,0.633811613745396
"Maize",2,1,35,"Random (published)",NA,0.042765320135902,0.416290510586541,0.677056363064014
"Maize",2,1,35,"TSOpt default (targeted)",0.0190000000000001,0.131228750733666,0.438781719781435,0.64409092609795
"Maize",2,1,35,"TSOpt (untargeted)",0.032,0.100063645001391,0.453010772616688,0.687784773548028
"Maize",2,2,65,"TrainSel CDmean (targeted, published)",NA,0.157432687464277,0.420141515619854,0.628068830170083
"Maize",2,2,65,"TrainSel CDmean (untargeted, published)",NA,0.1120002299635,0.491725230544758,0.659725996169591
"Maize",2,2,65,"Random (published)",NA,0.0801696768264729,0.472993445935833,0.704874007410509
"Maize",2,2,65,"TSOpt default (targeted)",0.0249999999999999,0.157679737317577,0.426948759611165,0.637040038062544
"Maize",2,2,65,"TSOpt (untargeted)",0.056,0.136428752227517,0.480822710122011,0.652284020911243
"Maize",2,3,130,"TrainSel CDmean (targeted, published)",NA,0.17867962427676,0.464230258105224,0.630548367540195
"Maize",2,3,130,"TrainSel CDmean (untargeted, published)",NA,0.12923160512189,0.479327111095092,0.63408624934162
"Maize",2,3,130,"Random (published)",NA,0.12835402949535,0.495823682719115,0.614898992725766
"Maize",2,3,130,"TSOpt default (targeted)",0.0720000000000001,0.179079881942297,0.489876849746011,0.633253744020891
"Maize",2,3,130,"TSOpt (untargeted)",0.0909999999999997,0.161444953862494,0.525103043208892,0.651726202159832
"Maize",2,4,200,"TrainSel CDmean (targeted, published)",NA,0.188804859833544,0.528954094877795,0.648868446670225
"Maize",2,4,200,"TrainSel CDmean (untargeted, published)",NA,0.133817445184,0.514854085675681,0.678859922752792
"Maize",2,4,200,"Random (published)",NA,0.148221169969731,0.540369216679703,0.719786154902541
"Maize",2,4,200,"TSOpt default (targeted)",0.137,0.189068901426819,0.525802911233279,0.639996399031918
"Maize",2,4,200,"TSOpt (untargeted)",0.178,0.170259564685462,0.527220826631772,0.659827714725918
"Maize",2,5,265,"TrainSel CDmean (targeted, published)",NA,0.193936858854271,0.538306975063251,0.640844792880344
"Maize",2,5,265,"TrainSel CDmean (untargeted, published)",NA,0.164070874947643,0.496045963884491,0.625103112409538
"Maize",2,5,265,"Random (published)",NA,0.176634275429312,0.502777329961424,0.641423610050735
"Maize",2,5,265,"TSOpt default (targeted)",0.254,0.194106533021975,0.529064970814525,0.657094574992061
"Maize",2,5,265,"TSOpt (untargeted)",0.306,0.181498576643462,0.537304573339678,0.666106268874727
"Maize",3,1,35,"TrainSel CDmean (targeted, published)",NA,0.158022072417632,0.509182201580735,0.678297388452193
"Maize",3,1,35,"TrainSel CDmean (untargeted, published)",NA,0.0868529587702434,0.353188388375556,0.593158443597847
"Maize",3,1,35,"Random (published)",NA,0.0577450421943682,0.380653001938507,0.608304940234802
"Maize",3,1,35,"TSOpt default (targeted)",0.0209999999999999,0.158361023817833,0.516455140612348,0.67344499852114
"Maize",3,1,35,"TSOpt (untargeted)",0.0330000000000004,0.133443765433878,0.502624555965745,0.685020819107375
"Maize",3,2,65,"TrainSel CDmean (targeted, published)",NA,0.190218763265549,0.563480377564114,0.673122760198949
"Maize",3,2,65,"TrainSel CDmean (untargeted, published)",NA,0.119300117146126,0.467585846969054,0.641129940425392
"Maize",3,2,65,"Random (published)",NA,0.0803841401177987,0.507624647194729,0.666916947985118
"Maize",3,2,65,"TSOpt default (targeted)",0.0279999999999996,0.190335936102913,0.563290374691613,0.670442736768566
"Maize",3,2,65,"TSOpt (untargeted)",0.0670000000000002,0.16697829518975,0.57852890332172,0.704832525294141
"Maize",3,3,130,"TrainSel CDmean (targeted, published)",NA,0.215083148718195,0.607172759115802,0.669003024166044
"Maize",3,3,130,"TrainSel CDmean (untargeted, published)",NA,0.137522319753934,0.483606268089009,0.690313248200584
"Maize",3,3,130,"Random (published)",NA,0.138819078032813,0.613737794997884,0.727861660949338
"Maize",3,3,130,"TSOpt default (targeted)",0.0499999999999998,0.215188323986144,0.611256145917212,0.662260521834042
"Maize",3,3,130,"TSOpt (untargeted)",0.0919999999999996,0.19475504541328,0.596211428808627,0.681987179142009
"Maize",3,4,200,"TrainSel CDmean (targeted, published)",NA,0.226676861202906,0.628295676743065,0.663503220147082
"Maize",3,4,200,"TrainSel CDmean (untargeted, published)",NA,0.152385430149272,0.593125192147751,0.654613478705525
"Maize",3,4,200,"Random (published)",NA,0.175997673407919,0.552737348509734,0.703868352193025
"Maize",3,4,200,"TSOpt default (targeted)",0.129,0.226818896243206,0.62513966590329,0.674396236386341
"Maize",3,4,200,"TSOpt (untargeted)",0.189,0.206214619825132,0.608638083807094,0.679253304587534
"Maize",3,5,265,"TrainSel CDmean (targeted, published)",NA,0.232044588060305,0.629438514909819,0.665761669032477
"Maize",3,5,265,"TrainSel CDmean (untargeted, published)",NA,0.194751613430452,0.624312972185924,0.705069060335312
"Maize",3,5,265,"Random (published)",NA,0.210530376998635,0.611474672855923,0.669108276003527
"Maize",3,5,265,"TSOpt default (targeted)",0.199,0.232170458211011,0.627093988734709,0.661052024420342
"Maize",3,5,265,"TSOpt (untargeted)",0.305000000000001,0.217930326454239,0.611266971333964,0.649221091766021
"Maize",4,1,35,"TrainSel CDmean (targeted, published)",NA,0.141896645362121,0.465935741604102,0.734671804595572
"Maize",4,1,35,"TrainSel CDmean (untargeted, published)",NA,0.0725367455874261,0.303826984450635,0.552740411587349
"Maize",4,1,35,"Random (published)",NA,0.0386371237034132,0.19541275048811,0.525574834633748
"Maize",4,1,35,"TSOpt default (targeted)",0.0209999999999999,0.141936864848146,0.460424973246791,0.730001555224745
"Maize",4,1,35,"TSOpt (untargeted)",0.032,0.113924937572085,0.480716246318355,0.660573930047237
"Maize",4,2,65,"TrainSel CDmean (targeted, published)",NA,0.164279194343064,0.457544475080239,0.708189902273683
"Maize",4,2,65,"TrainSel CDmean (untargeted, published)",NA,0.101304784638905,0.35781847573387,0.724277235819478
"Maize",4,2,65,"Random (published)",NA,0.0784306184357252,0.42117854526465,0.710258111873848
"Maize",4,2,65,"TSOpt default (targeted)",0.0249999999999995,0.164768247525235,0.461820791348378,0.726649915682894
"Maize",4,2,65,"TSOpt (untargeted)",0.0460000000000003,0.146339501366694,0.476937355624473,0.673007998513709
"Maize",4,3,130,"TrainSel CDmean (targeted, published)",NA,0.184814787724113,0.54144977243578,0.765749539030093
"Maize",4,3,130,"TrainSel CDmean (untargeted, published)",NA,0.114344282208734,0.445792773710802,0.66926882008816
"Maize",4,3,130,"Random (published)",NA,0.124928528946457,0.50725940945385,0.711829791864348
"Maize",4,3,130,"TSOpt default (targeted)",0.0620000000000003,0.184982425329331,0.548343870546061,0.766924077181483
"Maize",4,3,130,"TSOpt (untargeted)",0.0910000000000002,0.166661906402429,0.527062172092338,0.715187707575792
"Maize",4,4,200,"TrainSel CDmean (targeted, published)",NA,0.194685867341109,0.561118630572313,0.74523388078698
"Maize",4,4,200,"TrainSel CDmean (untargeted, published)",NA,0.143080210008052,0.525730780501807,0.739347310972935
"Maize",4,4,200,"Random (published)",NA,0.155066355114112,0.535206814597134,0.734171461277088
"Maize",4,4,200,"TSOpt default (targeted)",0.117999999999999,0.194878726389171,0.565468801326641,0.739701233205146
"Maize",4,4,200,"TSOpt (untargeted)",0.184,0.178026303008097,0.538243742915418,0.709445205306509
"Maize",4,5,265,"TrainSel CDmean (targeted, published)",NA,0.199665411763279,0.55474531129663,0.754866689330526
"Maize",4,5,265,"TrainSel CDmean (untargeted, published)",NA,0.161401443874857,0.548325072791998,0.73257473502743
"Maize",4,5,265,"Random (published)",NA,0.186355377484199,0.558346496871493,0.800355545762117
"Maize",4,5,265,"TSOpt default (targeted)",0.203,0.199831565875081,0.553744794610104,0.748175728214724
"Maize",4,5,265,"TSOpt (untargeted)",0.307,0.187799267362494,0.556026865773816,0.739821318520301
"Maize",5,1,35,"TrainSel CDmean (targeted, published)",NA,0.140062856443927,0.323640079881539,0.66397451810153
"Maize",5,1,35,"TrainSel CDmean (untargeted, published)",NA,0.092357465844043,0.265502288871693,0.590295701057011
"Maize",5,1,35,"Random (published)",NA,0.0463332265466814,0.273118761731873,0.670864810262922
"Maize",5,1,35,"TSOpt default (targeted)",0.0209999999999999,0.139880115387939,0.31977321409682,0.675200769292417
"Maize",5,1,35,"TSOpt (untargeted)",0.0330000000000004,0.10718575501524,0.252654948378641,0.585987291602653
"Maize",5,2,65,"TrainSel CDmean (targeted, published)",NA,0.17214087277945,0.429127125308115,0.706343888418748
"Maize",5,2,65,"TrainSel CDmean (untargeted, published)",NA,0.119009639512578,0.323099773336246,0.661582694793313
"Maize",5,2,65,"Random (published)",NA,0.0618795729813339,0.456322034895057,0.758755819629914
"Maize",5,2,65,"TSOpt default (targeted)",0.0270000000000001,0.172123277938963,0.380857682731867,0.703821672498743
"Maize",5,2,65,"TSOpt (untargeted)",0.0570000000000004,0.144204771490711,0.386074185490135,0.678486340080052
"Maize",5,3,130,"TrainSel CDmean (targeted, published)",NA,0.199144324008897,0.451297329674056,0.744010327154626
"Maize",5,3,130,"TrainSel CDmean (untargeted, published)",NA,0.133896041347262,0.478898086712042,0.757338010453536
"Maize",5,3,130,"Random (published)",NA,0.125042220922412,0.397061748876074,0.643913459891429
"Maize",5,3,130,"TSOpt default (targeted)",0.0459999999999994,0.199218546584197,0.448062287581252,0.749441732205435
"Maize",5,3,130,"TSOpt (untargeted)",0.0920000000000005,0.173968958628361,0.425192084771429,0.726321305419902
"Maize",5,4,200,"TrainSel CDmean (targeted, published)",NA,0.209693866807859,0.483731147109371,0.74513041179704
"Maize",5,4,200,"TrainSel CDmean (untargeted, published)",NA,0.143241573213842,0.502014550155855,0.764187303230335
"Maize",5,4,200,"Random (published)",NA,0.173079875543417,0.514935346538242,0.728313465311951
"Maize",5,4,200,"TSOpt default (targeted)",0.115,0.21007605769856,0.488592770985627,0.741533204809507
"Maize",5,4,200,"TSOpt (untargeted)",0.183999999999999,0.184830716083944,0.447179895081156,0.72580020992619
"Maize",5,5,265,"TrainSel CDmean (targeted, published)",NA,0.214897623745176,0.498848090843423,0.734297123217196
"Maize",5,5,265,"TrainSel CDmean (untargeted, published)",NA,0.177559065130791,0.507287248550505,0.743340051464158
"Maize",5,5,265,"Random (published)",NA,0.194136721923501,0.493450661611202,0.739128159702566
"Maize",5,5,265,"TSOpt default (targeted)",0.228999999999999,0.215083255605801,0.486556610317248,0.736666200880899
"Maize",5,5,265,"TSOpt (untargeted)",0.326,0.197623165193014,0.470458592813522,0.748070831863139
"Maize",6,1,35,"TrainSel CDmean (targeted, published)",NA,0.111523110293757,0.458911555617813,0.731619835023534
"Maize",6,1,35,"TrainSel CDmean (untargeted, published)",NA,0.0628789883095383,0.415740901928909,0.672563496399253
"Maize",6,1,35,"Random (published)",NA,0.0460436405025429,0.389985868292783,0.66987422181492
"Maize",6,1,35,"TSOpt default (targeted)",0.0229999999999997,0.111973369214009,0.467071177519895,0.717323938368462
"Maize",6,1,35,"TSOpt (untargeted)",0.0350000000000001,0.0883611230211291,0.466273114293389,0.654633139988122
"Maize",6,2,65,"TrainSel CDmean (targeted, published)",NA,0.136196167055176,0.463878212967122,0.726078343927185
"Maize",6,2,65,"TrainSel CDmean (untargeted, published)",NA,0.0905509657687447,0.406995719529674,0.633481856499061
"Maize",6,2,65,"Random (published)",NA,0.0678090999574344,0.43634079417563,0.715007572385212
"Maize",6,2,65,"TSOpt default (targeted)",0.0510000000000002,0.136416700179639,0.487048356942683,0.729709249076608
"Maize",6,2,65,"TSOpt (untargeted)",0.0459999999999994,0.117063048159536,0.501666072632463,0.67865260981392
"Maize",6,3,130,"TrainSel CDmean (targeted, published)",NA,0.156318239064123,0.564074427495718,0.791298302806193
"Maize",6,3,130,"TrainSel CDmean (untargeted, published)",NA,0.108216768384211,0.474122295939191,0.788064556714331
"Maize",6,3,130,"Random (published)",NA,0.105916755851783,0.55141887328526,0.723491848098625
"Maize",6,3,130,"TSOpt default (targeted)",0.0500000000000007,0.156479706832556,0.56483169929434,0.808099754909753
"Maize",6,3,130,"TSOpt (untargeted)",0.0969999999999995,0.138299160301191,0.522757807297725,0.727275409499784
"Maize",6,4,200,"TrainSel CDmean (targeted, published)",NA,0.165851717050203,0.563500757107867,0.782393603362126
"Maize",6,4,200,"TrainSel CDmean (untargeted, published)",NA,0.121965535143093,0.576499768876005,0.728220149321316
"Maize",6,4,200,"Random (published)",NA,0.124928187323793,0.512564145634959,0.725278615533766
"Maize",6,4,200,"TSOpt default (targeted)",0.128,0.166040622201876,0.567477132676534,0.808436766891513
"Maize",6,4,200,"TSOpt (untargeted)",0.194000000000001,0.148276623484827,0.552389444426403,0.78245381980237
"Maize",6,5,265,"TrainSel CDmean (targeted, published)",NA,0.170826162774358,0.570263721907597,0.772594823877117
"Maize",6,5,265,"TrainSel CDmean (untargeted, published)",NA,0.139691928424843,0.563201213963218,0.749686856934814
"Maize",6,5,265,"Random (published)",NA,0.156949704810848,0.598824302347125,0.775741605824709
"Maize",6,5,265,"TSOpt default (targeted)",0.206,0.170946156196631,0.572789893478914,0.783957444857947
"Maize",6,5,265,"TSOpt (untargeted)",0.317,0.161070029130014,0.554820154591784,0.777741826318503
"Maize",7,1,35,"TrainSel CDmean (targeted, published)",NA,0.124205495805147,0.304686885868356,0.583307316364506
"Maize",7,1,35,"TrainSel CDmean (untargeted, published)",NA,0.0809973189623323,0.349100505198261,0.583943018285369
"Maize",7,1,35,"Random (published)",NA,0.046924728053958,0.380450458853118,0.550665934980363
"Maize",7,1,35,"TSOpt default (targeted)",0.0220000000000002,0.125058563509342,0.321916511142807,0.5708058066157
"Maize",7,1,35,"TSOpt (untargeted)",0.0339999999999989,0.0960971216924142,0.403315022676144,0.64137350621729
"Maize",7,2,65,"TrainSel CDmean (targeted, published)",NA,0.153992896274969,0.394300183403459,0.596451938163695
"Maize",7,2,65,"TrainSel CDmean (untargeted, published)",NA,0.112699601820578,0.47312925646064,0.689989915876925
"Maize",7,2,65,"Random (published)",NA,0.0686110338677268,0.421665464731124,0.661970508147825
"Maize",7,2,65,"TSOpt default (targeted)",0.0280000000000005,0.154292677653764,0.438427729793415,0.604717656535957
"Maize",7,2,65,"TSOpt (untargeted)",0.0469999999999988,0.128699781660403,0.44985936811371,0.568523141418807
"Maize",7,3,130,"TrainSel CDmean (targeted, published)",NA,0.178800313914355,0.552018780719039,0.673356212640575
"Maize",7,3,130,"TrainSel CDmean (untargeted, published)",NA,0.13223477524414,0.511394603882224,0.669882319711444
"Maize",7,3,130,"Random (published)",NA,0.129747751204344,0.526114909083266,0.747731406285923
"Maize",7,3,130,"TSOpt default (targeted)",0.065999999999999,0.178919489124144,0.569848227487004,0.694188809995532
"Maize",7,3,130,"TSOpt (untargeted)",0.088000000000001,0.158062372818694,0.543624631818238,0.693594937269751
"Maize",7,4,200,"TrainSel CDmean (targeted, published)",NA,0.189380353244504,0.59423304872227,0.713761217504304
"Maize",7,4,200,"TrainSel CDmean (untargeted, published)",NA,0.137715603701008,0.506035316014756,0.690470951621741
"Maize",7,4,200,"Random (published)",NA,0.161672842591088,0.55163733320723,0.675954377924494
"Maize",7,4,200,"TSOpt default (targeted)",0.120999999999999,0.189613229426648,0.596619969453178,0.710385365678979
"Maize",7,4,200,"TSOpt (untargeted)",0.17,0.167752151302793,0.551214843885435,0.68914258419191
"Maize",7,5,265,"TrainSel CDmean (targeted, published)",NA,0.194781767375156,0.593296676000606,0.708932718511087
"Maize",7,5,265,"TrainSel CDmean (untargeted, published)",NA,0.163976467779388,0.600440838463948,0.73858452256293
"Maize",7,5,265,"Random (published)",NA,0.178999374975215,0.537457247162218,0.666110211797356
"Maize",7,5,265,"TSOpt default (targeted)",0.193999999999999,0.194974930425376,0.591342302310712,0.706731372161877
"Maize",7,5,265,"TSOpt (untargeted)",0.308000000000002,0.181926270166697,0.553845372812184,0.683561254336814
"Maize",8,1,35,"TrainSel CDmean (targeted, published)",NA,0.115184166557242,0.518993215802865,0.694317337819116
"Maize",8,1,35,"TrainSel CDmean (untargeted, published)",NA,0.0625842412824688,0.36582915334558,0.623873839772536
"Maize",8,1,35,"Random (published)",NA,0.0329807972553283,0.516192905177576,0.745693634642849
"Maize",8,1,35,"TSOpt default (targeted)",0.0199999999999996,0.115865980354035,0.53922508973892,0.694497883767375
"Maize",8,1,35,"TSOpt (untargeted)",0.032,0.0975698508852628,0.487526186764089,0.638029771525862
"Maize",8,2,65,"TrainSel CDmean (targeted, published)",NA,0.138129759648747,0.594097433965054,0.68098956359008
"Maize",8,2,65,"TrainSel CDmean (untargeted, published)",NA,0.0926888622483823,0.616795740452653,0.701168103209988
"Maize",8,2,65,"Random (published)",NA,0.058363155339276,0.488421701213954,0.653112367510754
"Maize",8,2,65,"TSOpt default (targeted)",0.0259999999999998,0.138587825053511,0.647769694376306,0.727626026515647
"Maize",8,2,65,"TSOpt (untargeted)",0.0540000000000003,0.12042958355987,0.564399039695399,0.619179596691559
"Maize",8,3,130,"TrainSel CDmean (targeted, published)",NA,0.15870921077861,0.653498154655406,0.733383731042904
"Maize",8,3,130,"TrainSel CDmean (untargeted, published)",NA,0.11239834424835,0.598579652615678,0.722943294007218
"Maize",8,3,130,"Random (published)",NA,0.103958575327777,0.582302096994745,0.691633953008927
"Maize",8,3,130,"TSOpt default (targeted)",0.0640000000000001,0.158959411680303,0.646541517782355,0.728180492565208
"Maize",8,3,130,"TSOpt (untargeted)",0.0909999999999993,0.142240914432339,0.62859947544235,0.700506875391749
"Maize",8,4,200,"TrainSel CDmean (targeted, published)",NA,0.168088383986295,0.688614697833826,0.74108475211267
"Maize",8,4,200,"TrainSel CDmean (untargeted, published)",NA,0.115576212701953,0.654536333486707,0.697457664089253
"Maize",8,4,200,"Random (published)",NA,0.123984604148462,0.621184096266185,0.766901743417696
"Maize",8,4,200,"TSOpt default (targeted)",0.118,0.168329847054772,0.683674456455672,0.739675098020994
"Maize",8,4,200,"TSOpt (untargeted)",0.183,0.151777677258515,0.653495239736199,0.747889705047686
"Maize",8,5,265,"TrainSel CDmean (targeted, published)",NA,0.173218058053065,0.688061992664561,0.730283369685408
"Maize",8,5,265,"TrainSel CDmean (untargeted, published)",NA,0.151485147178049,0.695123031257024,0.795633678318
"Maize",8,5,265,"Random (published)",NA,0.161713878689684,0.6873711386323,0.767097408797419
"Maize",8,5,265,"TSOpt default (targeted)",0.191999999999998,0.173417439069044,0.69427861587821,0.743535287081036
"Maize",8,5,265,"TSOpt (untargeted)",0.293000000000001,0.163690116588661,0.654829995445452,0.704997780569081
"Maize",9,1,35,"TrainSel CDmean (targeted, published)",NA,0.129744561318276,0.430662229045353,0.673059023286211
"Maize",9,1,35,"TrainSel CDmean (untargeted, published)",NA,0.0749832089426676,0.407586790338561,0.73884666463514
"Maize",9,1,35,"Random (published)",NA,0.0356237186822046,0.346593306424159,0.684820457106057
"Maize",9,1,35,"TSOpt default (targeted)",0.020999999999999,0.129790694397262,0.430405483603221,0.677897638930942
"Maize",9,1,35,"TSOpt (untargeted)",0.032,0.105184750080805,0.456454582440798,0.70826406715934
"Maize",9,2,65,"TrainSel CDmean (targeted, published)",NA,0.158408679193193,0.525743258784714,0.69783610110824
"Maize",9,2,65,"TrainSel CDmean (untargeted, published)",NA,0.10763850142208,0.470937771141135,0.727469542405508
"Maize",9,2,65,"Random (published)",NA,0.0890386417664369,0.45150178597103,0.711706377247889
"Maize",9,2,65,"TSOpt default (targeted)",0.0370000000000008,0.158518192729963,0.537616722876503,0.691410640245066
"Maize",9,2,65,"TSOpt (untargeted)",0.0439999999999987,0.138514066299588,0.480115193482395,0.71906279722248
"Maize",9,3,130,"TrainSel CDmean (targeted, published)",NA,0.182077116062134,0.56515800448531,0.715211215787555
"Maize",9,3,130,"TrainSel CDmean (untargeted, published)",NA,0.129234228333029,0.481244629852108,0.715932549048626
"Maize",9,3,130,"Random (published)",NA,0.11133417969646,0.467090528830834,0.7030054254449
"Maize",9,3,130,"TSOpt default (targeted)",0.0470000000000006,0.182274306168075,0.56511694571726,0.718615039553998
"Maize",9,3,130,"TSOpt (untargeted)",0.0920000000000005,0.164971277848564,0.544060036530469,0.732061396183406
"Maize",9,4,200,"TrainSel CDmean (targeted, published)",NA,0.1934938305756,0.592979894185962,0.740374348872459
"Maize",9,4,200,"TrainSel CDmean (untargeted, published)",NA,0.146269565251095,0.56473062316875,0.739200692180206
"Maize",9,4,200,"Random (published)",NA,0.158399541728291,0.528620790642868,0.665696436619469
"Maize",9,4,200,"TSOpt default (targeted)",0.100000000000001,0.193741227685737,0.584160478967525,0.741690645922459
"Maize",9,4,200,"TSOpt (untargeted)",0.202999999999999,0.174156448421465,0.5649990337978,0.717764552002338
"Maize",9,5,265,"TrainSel CDmean (targeted, published)",NA,0.199471762790845,0.597521828231921,0.740788655942794
"Maize",9,5,265,"TrainSel CDmean (untargeted, published)",NA,0.162910116925101,0.582669378144178,0.73944173100196
"Maize",9,5,265,"Random (published)",NA,0.181559529597818,0.585687219644862,0.724201259141377
"Maize",9,5,265,"TSOpt default (targeted)",0.208,0.199611185530687,0.59290601420146,0.732855054106215
"Maize",9,5,265,"TSOpt (untargeted)",0.32,0.186123751534423,0.580492808763051,0.725988734797282
"Maize",10,1,35,"TrainSel CDmean (targeted, published)",NA,0.151879196753174,0.480017203410167,0.742940125193901
"Maize",10,1,35,"TrainSel CDmean (untargeted, published)",NA,0.0919658804496018,0.422195042030398,0.674866204555546
"Maize",10,1,35,"Random (published)",NA,0.043869932447655,0.419806201850751,0.571834976985397
"Maize",10,1,35,"TSOpt default (targeted)",0.0210000000000008,0.151670588682727,0.480791564230209,0.728147335736131
"Maize",10,1,35,"TSOpt (untargeted)",0.0329999999999977,0.127737260885901,0.510489582152083,0.715813028948685
"Maize",10,2,65,"TrainSel CDmean (targeted, published)",NA,0.183622427232876,0.516948359567655,0.739380756366734
"Maize",10,2,65,"TrainSel CDmean (untargeted, published)",NA,0.124069011685948,0.435324755782085,0.677029470348042
"Maize",10,2,65,"Random (published)",NA,0.0992474495547587,0.358037899831438,0.698895483795969
"Maize",10,2,65,"TSOpt default (targeted)",0.0250000000000021,0.183834349944062,0.514575591507937,0.738517413201909
"Maize",10,2,65,"TSOpt (untargeted)",0.0470000000000006,0.161512301531392,0.518730879265906,0.76518363353385
"Maize",10,3,130,"TrainSel CDmean (targeted, published)",NA,0.209736120660708,0.543732989968027,0.743175018383518
"Maize",10,3,130,"TrainSel CDmean (untargeted, published)",NA,0.142089418357972,0.481341051479095,0.71777124743522
"Maize",10,3,130,"Random (published)",NA,0.149757577312183,0.536491602742561,0.758125163070377
"Maize",10,3,130,"TSOpt default (targeted)",0.0649999999999977,0.210122591649479,0.556348929031808,0.751214785316794
"Maize",10,3,130,"TSOpt (untargeted)",0.0910000000000011,0.18546102484376,0.557834160144837,0.715729601999293
"Maize",10,4,200,"TrainSel CDmean (targeted, published)",NA,0.220484889382621,0.567806733682645,0.745999843960795
"Maize",10,4,200,"TrainSel CDmean (untargeted, published)",NA,0.157155158415435,0.615493263869827,0.7329267262464
"Maize",10,4,200,"Random (published)",NA,0.186379528839793,0.53733501452752,0.710063614306797
"Maize",10,4,200,"TSOpt default (targeted)",0.120000000000001,0.220613997665257,0.574894943787652,0.726294227393217
"Maize",10,4,200,"TSOpt (untargeted)",0.169,0.19401203586203,0.568792435704542,0.727984807779937
"Maize",10,5,265,"TrainSel CDmean (targeted, published)",NA,0.225689905475359,0.592796943196894,0.745798804285231
"Maize",10,5,265,"TrainSel CDmean (untargeted, published)",NA,0.190854620568208,0.548077251527485,0.688541450020076
"Maize",10,5,265,"Random (published)",NA,0.202570922585634,0.524546121720507,0.738426703868179
"Maize",10,5,265,"TSOpt default (targeted)",0.201,0.225861941872951,0.59004914262218,0.755096490751973
"Maize",10,5,265,"TSOpt (untargeted)",0.298000000000002,0.210258522873528,0.569961237515735,0.737855567553958
"Maize",11,1,35,"TrainSel CDmean (targeted, published)",NA,0.119407048353151,0.398211819157493,0.646904487585709
"Maize",11,1,35,"TrainSel CDmean (untargeted, published)",NA,0.062196161932076,0.337207252734283,0.687766399003503
"Maize",11,1,35,"Random (published)",NA,0.0367822867877301,0.211477650689429,0.616627876225665
"Maize",11,1,35,"TSOpt default (targeted)",0.0210000000000008,0.119622805151842,0.415460744255845,0.618844940381425
"Maize",11,1,35,"TSOpt (untargeted)",0.0330000000000013,0.0945888001871557,0.353002779826714,0.659618221082228
"Maize",11,2,65,"TrainSel CDmean (targeted, published)",NA,0.147834400995891,0.444973500640331,0.591662134794142
"Maize",11,2,65,"TrainSel CDmean (untargeted, published)",NA,0.0954687772146044,0.420465056559385,0.690362645395586
"Maize",11,2,65,"Random (published)",NA,0.0626561363847537,0.380167527141347,0.650826003754041
"Maize",11,2,65,"TSOpt default (targeted)",0.0250000000000021,0.147996001369331,0.452387853222,0.653689512112788
"Maize",11,2,65,"TSOpt (untargeted)",0.0470000000000006,0.127428557334539,0.402544725159784,0.636159297386395
"Maize",11,3,130,"TrainSel CDmean (targeted, published)",NA,0.173021398610793,0.486519953068699,0.697406406821777
"Maize",11,3,130,"TrainSel CDmean (untargeted, published)",NA,0.105937684268682,0.401189976694728,0.702841148489165
"Maize",11,3,130,"Random (published)",NA,0.125449856019888,0.477232312110018,0.739525085694612
"Maize",11,3,130,"TSOpt default (targeted)",0.0620000000000012,0.173237135646901,0.49267120042684,0.688956290327294
"Maize",11,3,130,"TSOpt (untargeted)",0.0869999999999997,0.15248090970402,0.446883967983277,0.66495245087074
"Maize",11,4,200,"TrainSel CDmean (targeted, published)",NA,0.183135803545629,0.494426050981061,0.684660357739524
"Maize",11,4,200,"TrainSel CDmean (untargeted, published)",NA,0.131972836968741,0.422551834951315,0.686829951362034
"Maize",11,4,200,"Random (published)",NA,0.140870255455621,0.469711994913647,0.688857310406318
"Maize",11,4,200,"TSOpt default (targeted)",0.119,0.183420095023524,0.499493115057591,0.68067883318527
"Maize",11,4,200,"TSOpt (untargeted)",0.187000000000001,0.161035591302159,0.464725300383097,0.668258683111322
"Maize",11,5,265,"TrainSel CDmean (targeted, published)",NA,0.187914127488171,0.498911343859458,0.694031317774235
"Maize",11,5,265,"TrainSel CDmean (untargeted, published)",NA,0.157168024804807,0.469003085592661,0.704555429217853
"Maize",11,5,265,"Random (published)",NA,0.169164833501756,0.472903483660546,0.67828178508296
"Maize",11,5,265,"TSOpt default (targeted)",0.211000000000002,0.188107151034648,0.496338039255484,0.686485540852682
"Maize",11,5,265,"TSOpt (untargeted)",0.366,0.174881140503049,0.477494393727035,0.691893938372668
"Maize",12,1,35,"TrainSel CDmean (targeted, published)",NA,0.143006320850636,0.43804194454762,0.748881208966329
"Maize",12,1,35,"TrainSel CDmean (untargeted, published)",NA,0.0790340125459937,0.471158374947405,0.695392799461361
"Maize",12,1,35,"Random (published)",NA,0.0535765533177019,0.544344060214636,0.773258521962269
"Maize",12,1,35,"TSOpt default (targeted)",0.0209999999999972,0.143045072262688,0.376233860821441,0.711983378672206
"Maize",12,1,35,"TSOpt (untargeted)",0.0330000000000013,0.109924544494218,0.419762948959879,0.682852121400077
"Maize",12,2,65,"TrainSel CDmean (targeted, published)",NA,0.176120581603186,0.503665904962828,0.781505358105891
"Maize",12,2,65,"TrainSel CDmean (untargeted, published)",NA,0.114580434890804,0.481563726606266,0.73355231986224
"Maize",12,2,65,"Random (published)",NA,0.0899116235956834,0.489673963168077,0.663844882491137
"Maize",12,2,65,"TSOpt default (targeted)",0.0259999999999998,0.17630000090392,0.505467209173431,0.771304112183511
"Maize",12,2,65,"TSOpt (untargeted)",0.0480000000000018,0.150424240271223,0.508168383357049,0.766084484291924
"Maize",12,3,130,"TrainSel CDmean (targeted, published)",NA,0.201825831876926,0.56429249831854,0.768516904705691
"Maize",12,3,130,"TrainSel CDmean (untargeted, published)",NA,0.135532786568033,0.534089610808936,0.755088486217344
"Maize",12,3,130,"Random (published)",NA,0.127374514775698,0.520522017951553,0.707371033843803
"Maize",12,3,130,"TSOpt default (targeted)",0.0530000000000008,0.202234591059823,0.571388652081218,0.76495432848583
"Maize",12,3,130,"TSOpt (untargeted)",0.0990000000000002,0.181774214621809,0.519330187116224,0.770562685984065
"Maize",12,4,200,"TrainSel CDmean (targeted, published)",NA,0.212663117487991,0.591789443211004,0.756939948921307
"Maize",12,4,200,"TrainSel CDmean (untargeted, published)",NA,0.140944976508281,0.602806850898707,0.836054881530668
"Maize",12,4,200,"Random (published)",NA,0.167024370032493,0.592015181070795,0.721356742771773
"Maize",12,4,200,"TSOpt default (targeted)",0.122,0.212939395893074,0.610690304887255,0.770802717879566
"Maize",12,4,200,"TSOpt (untargeted)",0.194000000000003,0.190204930225722,0.558303016272535,0.776826733319905
"Maize",12,5,265,"TrainSel CDmean (targeted, published)",NA,0.217896125941929,0.621744934058177,0.743195100530253
"Maize",12,5,265,"TrainSel CDmean (untargeted, published)",NA,0.184035808336618,0.576831753676444,0.783652049523197
"Maize",12,5,265,"Random (published)",NA,0.192677188164447,0.613110946617929,0.769031267660877
"Maize",12,5,265,"TSOpt default (targeted)",0.268000000000001,0.218097318910039,0.619730085958176,0.762233274743084
"Maize",12,5,265,"TSOpt (untargeted)",0.315999999999999,0.203572956681263,0.597410077483303,0.788566116138001
"Maize",13,1,35,"TrainSel CDmean (targeted, published)",NA,0.122138013441081,0.388182932647895,0.594545483224416
"Maize",13,1,35,"TrainSel CDmean (untargeted, published)",NA,0.0730733407065375,0.340441811821395,0.569324791807306
"Maize",13,1,35,"Random (published)",NA,0.03758811868952,0.42921764447942,0.656118724929778
"Maize",13,1,35,"TSOpt default (targeted)",0.0219999999999985,0.123331496723673,0.387328679531178,0.584640623928063
"Maize",13,1,35,"TSOpt (untargeted)",0.0350000000000001,0.0992645618397827,0.409707154729002,0.606536006877483
"Maize",13,2,65,"TrainSel CDmean (targeted, published)",NA,0.150252885070979,0.443851680232618,0.615234762473487
"Maize",13,2,65,"TrainSel CDmean (untargeted, published)",NA,0.0974297748068111,0.433590093119584,0.572127664440481
"Maize",13,2,65,"Random (published)",NA,0.0642294454226298,0.448305771932398,0.658771728820812
"Maize",13,2,65,"TSOpt default (targeted)",0.0280000000000022,0.15033117902731,0.457938138295743,0.61197614031787
"Maize",13,2,65,"TSOpt (untargeted)",0.0489999999999995,0.127068129093172,0.455997579251622,0.640759914277373
"Maize",13,3,130,"TrainSel CDmean (targeted, published)",NA,0.172066885446588,0.53904474370413,0.638784973440153
"Maize",13,3,130,"TrainSel CDmean (untargeted, published)",NA,0.115871716916847,0.532767700229324,0.605779053808468
"Maize",13,3,130,"Random (published)",NA,0.119272590783416,0.505170708697344,0.652368269779027
"Maize",13,3,130,"TSOpt default (targeted)",0.0760000000000005,0.17240010831408,0.547978359057901,0.643444444271372
"Maize",13,3,130,"TSOpt (untargeted)",0.093,0.153933596161341,0.532965968021227,0.641713290030402
"Maize",13,4,200,"TrainSel CDmean (targeted, published)",NA,0.181926854754214,0.568404734537743,0.670374328174283
"Maize",13,4,200,"TrainSel CDmean (untargeted, published)",NA,0.134870953929969,0.570106328131121,0.682848462770445
"Maize",13,4,200,"Random (published)",NA,0.153566463368134,0.548349571718322,0.682431249522429
"Maize",13,4,200,"TSOpt default (targeted)",0.128999999999998,0.182217844934973,0.569684672689214,0.667356598300064
"Maize",13,4,200,"TSOpt (untargeted)",0.173000000000002,0.162432422018801,0.552665925240575,0.673102362649211
"Maize",13,5,265,"TrainSel CDmean (targeted, published)",NA,0.187182004613917,0.571034170621407,0.669944594874164
"Maize",13,5,265,"TrainSel CDmean (untargeted, published)",NA,0.16146160120055,0.551543940726355,0.667660316925212
"Maize",13,5,265,"Random (published)",NA,0.173457529332822,0.560119860418188,0.615744106145758
"Maize",13,5,265,"TSOpt default (targeted)",0.204000000000001,0.187433050479836,0.572550522893833,0.657882422318267
"Maize",13,5,265,"TSOpt (untargeted)",0.299,0.173732442362352,0.568823686910238,0.695071355627629
"Maize",14,1,35,"TrainSel CDmean (targeted, published)",NA,0.153713044966147,0.349576943069806,0.677638728818074
"Maize",14,1,35,"TrainSel CDmean (untargeted, published)",NA,0.0915531917963711,0.432622121182934,0.691743636156198
"Maize",14,1,35,"Random (published)",NA,0.0507750459287764,0.427598104817854,0.666931341857326
"Maize",14,1,35,"TSOpt default (targeted)",0.0219999999999985,0.153989055678116,0.348979608219972,0.676228972656398
"Maize",14,1,35,"TSOpt (untargeted)",0.0630000000000024,0.123841236792737,0.344573177467053,0.673682249185214
"Maize",14,2,65,"TrainSel CDmean (targeted, published)",NA,0.182801871959965,0.45159399937554,0.678748257887353
"Maize",14,2,65,"TrainSel CDmean (untargeted, published)",NA,0.121510225221337,0.492773242242321,0.660991208693078
"Maize",14,2,65,"Random (published)",NA,0.0851705077473973,0.44258405993249,0.647008724029702
"Maize",14,2,65,"TSOpt default (targeted)",0.0249999999999986,0.182894348057031,0.450463006389597,0.691082857742339
"Maize",14,2,65,"TSOpt (untargeted)",0.0470000000000006,0.152520699604338,0.433434062647676,0.682686634584149
"Maize",14,3,130,"TrainSel CDmean (targeted, published)",NA,0.206030965616581,0.554954779286259,0.718273723975787
"Maize",14,3,130,"TrainSel CDmean (untargeted, published)",NA,0.155821414120985,0.570827860908825,0.737996458028789
"Maize",14,3,130,"Random (published)",NA,0.130199810068816,0.464688397405884,0.61619175285585
"Maize",14,3,130,"TSOpt default (targeted)",0.0509999999999984,0.206328965698987,0.553774747436572,0.716317360820614
"Maize",14,3,130,"TSOpt (untargeted)",0.106000000000002,0.183740956501469,0.474143002508598,0.679912920381092
"Maize",14,4,200,"TrainSel CDmean (targeted, published)",NA,0.215506052856345,0.577631947534837,0.695000262130138
"Maize",14,4,200,"TrainSel CDmean (untargeted, published)",NA,0.160476108247494,0.550619485022477,0.768976811319686
"Maize",14,4,200,"Random (published)",NA,0.167116732962525,0.556573078263926,0.688030666827507
"Maize",14,4,200,"TSOpt default (targeted)",0.105,0.215740196597683,0.581293183467251,0.711554180199119
"Maize",14,4,200,"TSOpt (untargeted)",0.187999999999999,0.191885271103015,0.517470967562704,0.706877540541072
"Maize",14,5,265,"TrainSel CDmean (targeted, published)",NA,0.220288445211514,0.59977714506454,0.726430143870652
"Maize",14,5,265,"TrainSel CDmean (untargeted, published)",NA,0.179517990672578,0.556181185097318,0.726442503727609
"Maize",14,5,265,"Random (published)",NA,0.207619822413117,0.547454304645144,0.694045956256592
"Maize",14,5,265,"TSOpt default (targeted)",0.213999999999999,0.220409692909794,0.598520119436215,0.726122661801357
"Maize",14,5,265,"TSOpt (untargeted)",0.289000000000001,0.205252312473989,0.55066958444354,0.701148175779063
"Maize",15,1,35,"TrainSel CDmean (targeted, published)",NA,0.132364157051925,0.383597631354363,0.623335868970931
"Maize",15,1,35,"TrainSel CDmean (untargeted, published)",NA,0.0788916842154809,0.38126685214125,0.645035366558421
"Maize",15,1,35,"Random (published)",NA,0.0315741387666873,0.421636330633747,0.620753256847848
"Maize",15,1,35,"TSOpt default (targeted)",0.0190000000000019,0.133608386298419,0.417069864629116,0.619581453184225
"Maize",15,1,35,"TSOpt (untargeted)",0.0309999999999988,0.107072251895676,0.437622539958266,0.612617854580766
"Maize",15,2,65,"TrainSel CDmean (targeted, published)",NA,0.159876993761522,0.51233972715887,0.672971593161565
"Maize",15,2,65,"TrainSel CDmean (untargeted, published)",NA,0.0977450047006848,0.527358125323578,0.703667507841815
"Maize",15,2,65,"Random (published)",NA,0.0845996774966176,0.411680248064431,0.625654673962285
"Maize",15,2,65,"TSOpt default (targeted)",0.0240000000000009,0.160104953735594,0.555488497797335,0.676647066917075
"Maize",15,2,65,"TSOpt (untargeted)",0.0449999999999982,0.137154785437104,0.546970406282613,0.62404933126988
"Maize",15,3,130,"TrainSel CDmean (targeted, published)",NA,0.181035488049304,0.583363647842702,0.712744358395219
"Maize",15,3,130,"TrainSel CDmean (untargeted, published)",NA,0.124164292135,0.589112618443482,0.72904588904621
"Maize",15,3,130,"Random (published)",NA,0.109743554415951,0.567072352165411,0.673336012414185
"Maize",15,3,130,"TSOpt default (targeted)",0.0589999999999975,0.181151955011639,0.585004447843869,0.705404970323716
"Maize",15,3,130,"TSOpt (untargeted)",0.088000000000001,0.159263803077056,0.59502070756791,0.702497264380468
"Maize",15,4,200,"TrainSel CDmean (targeted, published)",NA,0.190588230477977,0.597879044160279,0.709608433414811
"Maize",15,4,200,"TrainSel CDmean (untargeted, published)",NA,0.141916828235218,0.604247390451086,0.743517742080129
"Maize",15,4,200,"Random (published)",NA,0.142501612842275,0.646004750477774,0.738018510354035
"Maize",15,4,200,"TSOpt default (targeted)",0.128,0.190638265081046,0.602957752986387,0.714100168161073
"Maize",15,4,200,"TSOpt (untargeted)",0.178000000000001,0.170684258890836,0.627440786805549,0.700342332927663
"Maize",15,5,265,"TrainSel CDmean (targeted, published)",NA,0.195672510594435,0.620751540631022,0.696184550801364
"Maize",15,5,265,"TrainSel CDmean (untargeted, published)",NA,0.160597517471841,0.620854595550134,0.770887992732471
"Maize",15,5,265,"Random (published)",NA,0.176074950166666,0.580564121189278,0.709736555661452
"Maize",15,5,265,"TSOpt default (targeted)",0.188000000000002,0.195793637408385,0.623643761294707,0.709229192388626
"Maize",15,5,265,"TSOpt (untargeted)",0.291999999999998,0.18214982261862,0.623257911998711,0.717513773112453
"Maize",16,1,35,"TrainSel CDmean (targeted, published)",NA,0.136256618228952,0.503061836863216,0.649543343265851
"Maize",16,1,35,"TrainSel CDmean (untargeted, published)",NA,0.0813646901136198,0.414874041892467,0.568325601680313
"Maize",16,1,35,"Random (published)",NA,0.0347068493539452,0.305390352786708,0.521647458554435
"Maize",16,1,35,"TSOpt default (targeted)",0.0199999999999996,0.136429355580109,0.470070922822398,0.627695477112595
"Maize",16,1,35,"TSOpt (untargeted)",0.0330000000000013,0.106159895501119,0.460773121681552,0.59323234398179
"Maize",16,2,65,"TrainSel CDmean (targeted, published)",NA,0.164428424624202,0.506986841971237,0.638609449985086
"Maize",16,2,65,"TrainSel CDmean (untargeted, published)",NA,0.109946354289017,0.445967479345037,0.578267544313224
"Maize",16,2,65,"Random (published)",NA,0.0793708806433396,0.473589513814036,0.570731968559823
"Maize",16,2,65,"TSOpt default (targeted)",0.036999999999999,0.164606277869952,0.526209340584091,0.644109176180847
"Maize",16,2,65,"TSOpt (untargeted)",0.0440000000000005,0.143901379063451,0.50795428347233,0.612544006250258
"Maize",16,3,130,"TrainSel CDmean (targeted, published)",NA,0.18917159541449,0.565457517831054,0.62762402014645
"Maize",16,3,130,"TrainSel CDmean (untargeted, published)",NA,0.125133503140555,0.570343922255614,0.581148698155206
"Maize",16,3,130,"Random (published)",NA,0.131243718838283,0.592177965724972,0.683614798525611
"Maize",16,3,130,"TSOpt default (targeted)",0.0479999999999983,0.18928378483181,0.563899326660719,0.626900967024476
"Maize",16,3,130,"TSOpt (untargeted)",0.128,0.170310024347669,0.544303214247507,0.608632813997949
"Maize",16,4,200,"TrainSel CDmean (targeted, published)",NA,0.200395479720942,0.587156007624133,0.594092705455369
"Maize",16,4,200,"TrainSel CDmean (untargeted, published)",NA,0.145199617959398,0.559386862773303,0.642401621099969
"Maize",16,4,200,"Random (published)",NA,0.165975599756465,0.555367360040753,0.631634430366101
"Maize",16,4,200,"TSOpt default (targeted)",0.0999999999999979,0.200598379561928,0.579944994074737,0.598039119240485
"Maize",16,4,200,"TSOpt (untargeted)",0.202999999999999,0.1802933598401,0.551112771704324,0.604009464961956
"Maize",16,5,265,"TrainSel CDmean (targeted, published)",NA,0.206011839931045,0.582892023441708,0.616356023959198
"Maize",16,5,265,"TrainSel CDmean (untargeted, published)",NA,0.170184611320191,0.58065810714845,0.631944138407072
"Maize",16,5,265,"Random (published)",NA,0.187954339376961,0.547531729838734,0.639943414939094
"Maize",16,5,265,"TSOpt default (targeted)",0.213999999999999,0.206164633915807,0.58134031135843,0.617739736768302
"Maize",16,5,265,"TSOpt (untargeted)",0.328000000000003,0.192418001025798,0.580416774507836,0.632045419962882
"Maize",17,1,35,"TrainSel CDmean (targeted, published)",NA,0.146599796609522,0.583854980117408,0.786268969054
"Maize",17,1,35,"TrainSel CDmean (untargeted, published)",NA,0.0879886942219258,0.394156390926757,0.737918166647754
"Maize",17,1,35,"Random (published)",NA,0.0521363042025261,0.448069975979416,0.796489647314664
"Maize",17,1,35,"TSOpt default (targeted)",0.0199999999999996,0.146824009458828,0.623022635579047,0.7860167796762
"Maize",17,1,35,"TSOpt (untargeted)",0.0309999999999988,0.119871742054753,0.577090755561513,0.774506661540355
"Maize",17,2,65,"TrainSel CDmean (targeted, published)",NA,0.176587070445007,0.701512575666375,0.775051456297316
"Maize",17,2,65,"TrainSel CDmean (untargeted, published)",NA,0.11144827570354,0.633055686372623,0.755167252008483
"Maize",17,2,65,"Random (published)",NA,0.0895814102395246,0.645770391385951,0.806976722488694
"Maize",17,2,65,"TSOpt default (targeted)",0.0259999999999998,0.176715701020283,0.728808174504452,0.789853213897071
"Maize",17,2,65,"TSOpt (untargeted)",0.0459999999999994,0.152884628278611,0.68043607929662,0.755625452936752
"Maize",17,3,130,"TrainSel CDmean (targeted, published)",NA,0.202436043010775,0.745880979231559,0.804641857704063
"Maize",17,3,130,"TrainSel CDmean (untargeted, published)",NA,0.136118114813785,0.725637096420315,0.798886661371139
"Maize",17,3,130,"Random (published)",NA,0.155149871401505,0.70180778410918,0.799971220426243
"Maize",17,3,130,"TSOpt default (targeted)",0.065999999999999,0.20266841525166,0.751257437541283,0.804006773101227
"Maize",17,3,130,"TSOpt (untargeted)",0.0899999999999999,0.182871639334792,0.721031223240804,0.808746462997504
"Maize",17,4,200,"TrainSel CDmean (targeted, published)",NA,0.213475956842472,0.770095851519592,0.83224899128254
"Maize",17,4,200,"TrainSel CDmean (untargeted, published)",NA,0.146965436415005,0.721490598068134,0.845822145525175
"Maize",17,4,200,"Random (published)",NA,0.162918882342215,0.68377274812755,0.808571644795614
"Maize",17,4,200,"TSOpt default (targeted)",0.120000000000001,0.213688664463493,0.769151651049913,0.804339356918522
"Maize",17,4,200,"TSOpt (untargeted)",0.168999999999997,0.192483638889562,0.736432052433033,0.815844808562311
"Maize",17,5,265,"TrainSel CDmean (targeted, published)",NA,0.218579078944622,0.774744341151135,0.826084940090533
"Maize",17,5,265,"TrainSel CDmean (untargeted, published)",NA,0.186455558157631,0.71787822331042,0.841805647103261
"Maize",17,5,265,"Random (published)",NA,0.202356326516901,0.760251180928035,0.842319483523575
"Maize",17,5,265,"TSOpt default (targeted)",0.198,0.218754843078109,0.768783724026855,0.82955748664439
"Maize",17,5,265,"TSOpt (untargeted)",0.297000000000001,0.204188472325261,0.746945355890762,0.847151483027577
"Maize",18,1,35,"TrainSel CDmean (targeted, published)",NA,0.112680003687015,0.51508160893131,0.648371354279628
"Maize",18,1,35,"TrainSel CDmean (untargeted, published)",NA,0.0772233809339009,0.432809322743967,0.656712227849423
"Maize",18,1,35,"Random (published)",NA,0.037678831882944,0.427069729031475,0.690673761378404
"Maize",18,1,35,"TSOpt default (targeted)",0.0189999999999984,0.11360221024394,0.517222466134261,0.648371354279628
"Maize",18,1,35,"TSOpt (untargeted)",0.0309999999999988,0.0833480273801293,0.454263363827238,0.674879708338934
"Maize",18,2,65,"TrainSel CDmean (targeted, published)",NA,0.13643766595256,0.560389461864038,0.637343561067984
"Maize",18,2,65,"TrainSel CDmean (untargeted, published)",NA,0.0937033005825548,0.487166501353058,0.683176095433987
"Maize",18,2,65,"Random (published)",NA,0.0681898300151589,0.523390404932066,0.764333778085288
"Maize",18,2,65,"TSOpt default (targeted)",0.0249999999999986,0.136588530136565,0.569125551628772,0.684742510784353
"Maize",18,2,65,"TSOpt (untargeted)",0.0450000000000017,0.118988570364656,0.52796701056039,0.632242559881003
"Maize",18,3,130,"TrainSel CDmean (targeted, published)",NA,0.158393587318274,0.60130126175222,0.675396885492405
"Maize",18,3,130,"TrainSel CDmean (untargeted, published)",NA,0.103408353827707,0.594923820226883,0.726610193988556
"Maize",18,3,130,"Random (published)",NA,0.108171750078109,0.602992616730098,0.675944390370215
"Maize",18,3,130,"TSOpt default (targeted)",0.0609999999999999,0.158470879786691,0.611594030591688,0.668093759920057
"Maize",18,3,130,"TSOpt (untargeted)",0.0889999999999986,0.142095107790002,0.595636445489038,0.667590936622752
"Maize",18,4,200,"TrainSel CDmean (targeted, published)",NA,0.168561246087291,0.629443506605001,0.693331213711598
"Maize",18,4,200,"TrainSel CDmean (untargeted, published)",NA,0.126727499467435,0.628695637531184,0.691481038861743
"Maize",18,4,200,"Random (published)",NA,0.137257759059467,0.583839757573676,0.685703227122626
"Maize",18,4,200,"TSOpt default (targeted)",0.116,0.16879187117071,0.631093816393739,0.682173173832639
"Maize",18,4,200,"TSOpt (untargeted)",0.18,0.149468341013746,0.614161003199457,0.659797315346153
"Maize",18,5,265,"TrainSel CDmean (targeted, published)",NA,0.173928901988359,0.631606293233526,0.678526091263249
"Maize",18,5,265,"TrainSel CDmean (untargeted, published)",NA,0.14414641236681,0.62435744866043,0.681197456036039
"Maize",18,5,265,"Random (published)",NA,0.154104634898405,0.612579210592413,0.658908427720254
"Maize",18,5,265,"TSOpt default (targeted)",0.190000000000001,0.174063229779469,0.636061409879549,0.676161936375391
"Maize",18,5,265,"TSOpt (untargeted)",0.308999999999997,0.160869141018539,0.629408528819198,0.659117814702202
"Maize",19,1,35,"TrainSel CDmean (targeted, published)",NA,0.126994464300776,0.542081238328177,0.670105188487839
"Maize",19,1,35,"TrainSel CDmean (untargeted, published)",NA,0.0579271124224936,0.250310762860203,0.56508414226989
"Maize",19,1,35,"Random (published)",NA,0.0281209895617753,0.32979632127258,0.582351165190364
"Maize",19,1,35,"TSOpt default (targeted)",0.0199999999999996,0.12697384791832,0.543118898441296,0.668980269010708
"Maize",19,1,35,"TSOpt (untargeted)",0.032,0.0984404812421651,0.425432352147257,0.624567078175711
"Maize",19,2,65,"TrainSel CDmean (targeted, published)",NA,0.151254406280526,0.570805232691507,0.68854980375015
"Maize",19,2,65,"TrainSel CDmean (untargeted, published)",NA,0.0909701831775469,0.416149366467008,0.595936922374187
"Maize",19,2,65,"Random (published)",NA,0.0573480096063269,0.39777799433705,0.720653669341935
"Maize",19,2,65,"TSOpt default (targeted)",0.0259999999999998,0.151391739944393,0.575232328788683,0.678405616388832
"Maize",19,2,65,"TSOpt (untargeted)",0.0579999999999998,0.131855675705222,0.567479524349698,0.705971560824087
"Maize",19,3,130,"TrainSel CDmean (targeted, published)",NA,0.173517541613267,0.617135174330753,0.698557368553179
"Maize",19,3,130,"TrainSel CDmean (untargeted, published)",NA,0.124540907350072,0.521582407422686,0.684624945072504
"Maize",19,3,130,"Random (published)",NA,0.100916946957361,0.469570551797298,0.664069761680769
"Maize",19,3,130,"TSOpt default (targeted)",0.0470000000000006,0.173733973961591,0.616783016365605,0.687668537858615
"Maize",19,3,130,"TSOpt (untargeted)",0.0899999999999999,0.157903774215057,0.597096839514132,0.682084800849665
"Maize",19,4,200,"TrainSel CDmean (targeted, published)",NA,0.183401802337154,0.627183537498024,0.710142517774775
"Maize",19,4,200,"TrainSel CDmean (untargeted, published)",NA,0.140157951313436,0.552042477179668,0.772956649621325
"Maize",19,4,200,"Random (published)",NA,0.152677795665701,0.549469019769774,0.699082429899866
"Maize",19,4,200,"TSOpt default (targeted)",0.111000000000001,0.183741835759745,0.627837217106999,0.702216297875508
"Maize",19,4,200,"TSOpt (untargeted)",0.175000000000001,0.167232899171209,0.598426202587402,0.706923979443142
"Maize",19,5,265,"TrainSel CDmean (targeted, published)",NA,0.188486667444224,0.620115730917726,0.695935530488704
"Maize",19,5,265,"TrainSel CDmean (untargeted, published)",NA,0.156250863425305,0.591822031970643,0.74146304141733
"Maize",19,5,265,"Random (published)",NA,0.166822630640787,0.601967754613365,0.691271888698183
"Maize",19,5,265,"TSOpt default (targeted)",0.219000000000001,0.188705577418446,0.624535460310853,0.69641309178832
"Maize",19,5,265,"TSOpt (untargeted)",0.301999999999996,0.17846616949216,0.608363945005727,0.696401687542618
"Maize",20,1,35,"TrainSel CDmean (targeted, published)",NA,0.143459824818068,0.425491100816929,0.632687776173178
"Maize",20,1,35,"TrainSel CDmean (untargeted, published)",NA,0.077016528973692,0.297569551962874,0.653220021022136
"Maize",20,1,35,"Random (published)",NA,0.0207508824904784,0.444550768106465,0.777775213048713
"Maize",20,1,35,"TSOpt default (targeted)",0.0189999999999984,0.143971278630553,0.437148661827351,0.630343767404541
"Maize",20,1,35,"TSOpt (untargeted)",0.0319999999999965,0.115565028991541,0.409573550463771,0.634346029756239
"Maize",20,2,65,"TrainSel CDmean (targeted, published)",NA,0.169773817893328,0.530438348364712,0.662253560597321
"Maize",20,2,65,"TrainSel CDmean (untargeted, published)",NA,0.10529612317029,0.490405617867888,0.633374759960308
"Maize",20,2,65,"Random (published)",NA,0.0803845889776548,0.535907534674565,0.696093066261816
"Maize",20,2,65,"TSOpt default (targeted)",0.0260000000000034,0.169948146418675,0.537074462778665,0.650345981910786
"Maize",20,2,65,"TSOpt (untargeted)",0.0640000000000001,0.151467742799497,0.503050477188058,0.630088680699757
"Maize",20,3,130,"TrainSel CDmean (targeted, published)",NA,0.192599177183136,0.57007533373209,0.630658206769808
"Maize",20,3,130,"TrainSel CDmean (untargeted, published)",NA,0.125309637670754,0.554900338034327,0.702817046646994
"Maize",20,3,130,"Random (published)",NA,0.109450397678264,0.57503968995221,0.776760712393052
"Maize",20,3,130,"TSOpt default (targeted)",0.0480000000000018,0.192743686823512,0.574233620346,0.639441716609381
"Maize",20,3,130,"TSOpt (untargeted)",0.0929999999999964,0.175842127573993,0.557251286344973,0.657657487086815
"Maize",20,4,200,"TrainSel CDmean (targeted, published)",NA,0.20335190146823,0.600966837190336,0.651561736003679
"Maize",20,4,200,"TrainSel CDmean (untargeted, published)",NA,0.14086421692009,0.587749325880145,0.679983466787281
"Maize",20,4,200,"Random (published)",NA,0.160658605363998,0.566623358488827,0.685941753062902
"Maize",20,4,200,"TSOpt default (targeted)",0.120000000000005,0.203446884860035,0.600053489470126,0.651241533160111
"Maize",20,4,200,"TSOpt (untargeted)",0.184999999999995,0.185402341082273,0.602108155251196,0.668494354165178
"Maize",20,5,265,"TrainSel CDmean (targeted, published)",NA,0.208328064981718,0.612375531463569,0.681580261092962
"Maize",20,5,265,"TrainSel CDmean (untargeted, published)",NA,0.171781058357639,0.599384376052234,0.693978727405551
"Maize",20,5,265,"Random (published)",NA,0.183053266698572,0.555279775672451,0.650958334949224
"Maize",20,5,265,"TSOpt default (targeted)",0.196000000000005,0.208450108140653,0.605845416595237,0.676169689468918
"Maize",20,5,265,"TSOpt (untargeted)",0.306999999999995,0.196852285552651,0.61499481171898,0.674561751203485
"Maize",21,1,35,"TrainSel CDmean (targeted, published)",NA,0.135034181917806,0.448964862696522,0.783310109083121
"Maize",21,1,35,"TrainSel CDmean (untargeted, published)",NA,0.0577127203635194,0.311280682312394,0.75631051865357
"Maize",21,1,35,"Random (published)",NA,0.0518048718227742,0.416026539128762,0.669073415947008
"Maize",21,1,35,"TSOpt default (targeted)",0.0200000000000031,0.136141882347587,0.470367059016657,0.794431645689622
"Maize",21,1,35,"TSOpt (untargeted)",0.0309999999999988,0.110939654037633,0.469153156310222,0.780855018901224
"Maize",21,2,65,"TrainSel CDmean (targeted, published)",NA,0.161543309016648,0.509552816747101,0.781597827210124
"Maize",21,2,65,"TrainSel CDmean (untargeted, published)",NA,0.0891106059680441,0.414553037493145,0.73993346758138
"Maize",21,2,65,"Random (published)",NA,0.0807671053335409,0.438086213465543,0.7634807167171
"Maize",21,2,65,"TSOpt default (targeted)",0.0249999999999986,0.162067037983236,0.52452942830525,0.782943952803773
"Maize",21,2,65,"TSOpt (untargeted)",0.0459999999999994,0.139959782846476,0.450913217513397,0.771657178693806
"Maize",21,3,130,"TrainSel CDmean (targeted, published)",NA,0.184665028160549,0.527672390560197,0.777916726438862
"Maize",21,3,130,"TrainSel CDmean (untargeted, published)",NA,0.125956842401608,0.537860233155865,0.800107707350612
"Maize",21,3,130,"Random (published)",NA,0.108701793236307,0.446912740884329,0.761485573972484
"Maize",21,3,130,"TSOpt default (targeted)",0.0659999999999954,0.18490630505446,0.538411599595682,0.782922908281984
"Maize",21,3,130,"TSOpt (untargeted)",0.0890000000000057,0.169138779175584,0.537946712658007,0.77155428681144
"Maize",21,4,200,"TrainSel CDmean (targeted, published)",NA,0.194369484284346,0.565138136496392,0.774735612758404
"Maize",21,4,200,"TrainSel CDmean (untargeted, published)",NA,0.133450164926482,0.636041276560022,0.817481278302725
"Maize",21,4,200,"Random (published)",NA,0.149057650901368,0.379182636018709,0.702074898344644
"Maize",21,4,200,"TSOpt default (targeted)",0.116,0.194919115044732,0.575359405821443,0.795515599954597
"Maize",21,4,200,"TSOpt (untargeted)",0.180999999999997,0.179897532096557,0.568766537680284,0.776981036264552
"Maize",21,5,265,"TrainSel CDmean (targeted, published)",NA,0.199916229529916,0.579749259219438,0.788108689803257
"Maize",21,5,265,"TrainSel CDmean (untargeted, published)",NA,0.172505263037688,0.597375476904352,0.798340164377877
"Maize",21,5,265,"Random (published)",NA,0.165640868989893,0.520328844599993,0.758584521762418
"Maize",21,5,265,"TSOpt default (targeted)",0.193000000000005,0.200056031233855,0.588643418431549,0.788111455967529
"Maize",21,5,265,"TSOpt (untargeted)",0.292999999999999,0.190362944287482,0.56257393553966,0.788717561821877
"Maize",22,1,35,"TrainSel CDmean (targeted, published)",NA,0.161121718440303,0.269823602875571,0.601587578018777
"Maize",22,1,35,"TrainSel CDmean (untargeted, published)",NA,0.0923516327831606,0.189329741999205,0.554316562107201
"Maize",22,1,35,"Random (published)",NA,0.0698768113353035,0.249691612344333,0.58499368992603
"Maize",22,1,35,"TSOpt default (targeted)",0.0189999999999984,0.162076701525919,0.272023082053001,0.605143754669742
"Maize",22,1,35,"TSOpt (untargeted)",0.0309999999999988,0.127656193674815,0.32217909707149,0.618040393625808
"Maize",22,2,65,"TrainSel CDmean (targeted, published)",NA,0.18634568647694,0.370091833641941,0.63458329037148
"Maize",22,2,65,"TrainSel CDmean (untargeted, published)",NA,0.109222062717277,0.286679078645209,0.628765755385504
"Maize",22,2,65,"Random (published)",NA,0.0574329914952792,0.408745175395987,0.696196918777776
"Maize",22,2,65,"TSOpt default (targeted)",0.0260000000000034,0.187057044010828,0.371558791647813,0.635235501254279
"Maize",22,2,65,"TSOpt (untargeted)",0.0579999999999998,0.166765986849471,0.368125403348839,0.621972126158521
"Maize",22,3,130,"TrainSel CDmean (targeted, published)",NA,0.209297408362796,0.455233025460916,0.631679402772782
"Maize",22,3,130,"TrainSel CDmean (untargeted, published)",NA,0.148166868964829,0.426980395016598,0.596534411491135
"Maize",22,3,130,"Random (published)",NA,0.140848561464916,0.477185871732307,0.677649217646197
"Maize",22,3,130,"TSOpt default (targeted)",0.0470000000000041,0.209596472929682,0.464200278100627,0.632231488315103
"Maize",22,3,130,"TSOpt (untargeted)",0.0889999999999986,0.191796328035106,0.45172362938152,0.642798107336896
"Maize",22,4,200,"TrainSel CDmean (targeted, published)",NA,0.219796452383635,0.503210738757616,0.644485798162146
"Maize",22,4,200,"TrainSel CDmean (untargeted, published)",NA,0.164963807997101,0.447724984081865,0.646327037946977
"Maize",22,4,200,"Random (published)",NA,0.168779824417555,0.452186117721771,0.627144977497567
"Maize",22,4,200,"TSOpt default (targeted)",0.112000000000002,0.220049474513229,0.503720491865391,0.6286263850756
"Maize",22,4,200,"TSOpt (untargeted)",0.174999999999997,0.20055464966663,0.454261761612031,0.636859994129125
"Maize",22,5,265,"TrainSel CDmean (targeted, published)",NA,0.225241944285374,0.494684182387467,0.622722571708166
"Maize",22,5,265,"TrainSel CDmean (untargeted, published)",NA,0.18414576673898,0.449482883016594,0.641086000132858
"Maize",22,5,265,"Random (published)",NA,0.211244005802654,0.47324930206494,0.641867847845899
"Maize",22,5,265,"TSOpt default (targeted)",0.198,0.225335401567831,0.496634150830361,0.623106103555728
"Maize",22,5,265,"TSOpt (untargeted)",0.283999999999999,0.213095869877132,0.46588712510495,0.631889532636665
"Maize",23,1,35,"TrainSel CDmean (targeted, published)",NA,0.121270456395109,0.527422838374932,0.725833736027005
"Maize",23,1,35,"TrainSel CDmean (untargeted, published)",NA,0.0712593175090767,0.502508584176105,0.766734281582975
"Maize",23,1,35,"Random (published)",NA,0.0259256792523074,0.428417842213779,0.674711239510003
"Maize",23,1,35,"TSOpt default (targeted)",0.0180000000000007,0.122341275400745,0.508525928938241,0.710801957604937
"Maize",23,1,35,"TSOpt (untargeted)",0.0309999999999988,0.0928711862869597,0.44741214848459,0.653730647511134
"Maize",23,2,65,"TrainSel CDmean (targeted, published)",NA,0.152057901159574,0.581466259078983,0.715690578669418
"Maize",23,2,65,"TrainSel CDmean (untargeted, published)",NA,0.105788232282836,0.494954493490519,0.67665019298597
"Maize",23,2,65,"Random (published)",NA,0.0932748368901345,0.554264875030651,0.736939323853571
"Maize",23,2,65,"TSOpt default (targeted)",0.0240000000000009,0.152884777839502,0.579531822143236,0.679531187044093
"Maize",23,2,65,"TSOpt (untargeted)",0.0459999999999994,0.129302252506957,0.587286385984287,0.732196272868364
"Maize",23,3,130,"TrainSel CDmean (targeted, published)",NA,0.178722610139435,0.666550907596839,0.755834904083795
"Maize",23,3,130,"TrainSel CDmean (untargeted, published)",NA,0.134090277821609,0.648419731383121,0.776078013930001
"Maize",23,3,130,"Random (published)",NA,0.114576674275456,0.611264434831735,0.704799775642125
"Maize",23,3,130,"TSOpt default (targeted)",0.0730000000000004,0.179099900128442,0.666957252483656,0.765024522789491
"Maize",23,3,130,"TSOpt (untargeted)",0.0900000000000034,0.157892400351093,0.642947630508178,0.766070534864244
"Maize",23,4,200,"TrainSel CDmean (targeted, published)",NA,0.191119806216859,0.690435930213528,0.784267786339759
"Maize",23,4,200,"TrainSel CDmean (untargeted, published)",NA,0.146133263780595,0.627083350533014,0.693477212094288
"Maize",23,4,200,"Random (published)",NA,0.156690396275875,0.676601012082315,0.775792019437184
"Maize",23,4,200,"TSOpt default (targeted)",0.126999999999995,0.191387394378405,0.688919677817666,0.80216760579374
"Maize",23,4,200,"TSOpt (untargeted)",0.167000000000002,0.169512083726246,0.66624043369773,0.771683676668834
"Maize",23,5,265,"TrainSel CDmean (targeted, published)",NA,0.196555185711296,0.68268234851704,0.786761030614018
"Maize",23,5,265,"TrainSel CDmean (untargeted, published)",NA,0.167953451064395,0.664011797076456,0.802400647727069
"Maize",23,5,265,"Random (published)",NA,0.177595788537906,0.680019031932714,0.832380134780323
"Maize",23,5,265,"TSOpt default (targeted)",0.223000000000006,0.196777258320803,0.684824835325133,0.801884009163036
"Maize",23,5,265,"TSOpt (untargeted)",0.292999999999999,0.182967882401072,0.652424390177568,0.782629304788234
"Maize",24,1,35,"TrainSel CDmean (targeted, published)",NA,0.134593147351306,0.347602754924633,0.702030992542823
"Maize",24,1,35,"TrainSel CDmean (untargeted, published)",NA,0.0696686480856831,0.414599886716127,0.703801824044912
"Maize",24,1,35,"Random (published)",NA,0.0397192167392544,0.444949240646148,0.793043333415614
"Maize",24,1,35,"TSOpt default (targeted)",0.019999999999996,0.135640643876446,0.366889845190821,0.676408828888158
"Maize",24,1,35,"TSOpt (untargeted)",0.0330000000000013,0.104472498379825,0.399449492933534,0.742133285377582
"Maize",24,2,65,"TrainSel CDmean (targeted, published)",NA,0.159752188994468,0.421061102068072,0.677900220304789
"Maize",24,2,65,"TrainSel CDmean (untargeted, published)",NA,0.10215741327072,0.44367287928559,0.688581858542856
"Maize",24,2,65,"Random (published)",NA,0.0663755283579202,0.470279892897671,0.64987884881224
"Maize",24,2,65,"TSOpt default (targeted)",0.0439999999999969,0.160388786732296,0.438017037549695,0.671299552313577
"Maize",24,2,65,"TSOpt (untargeted)",0.044000000000004,0.140544424005908,0.446330332613352,0.669085103600492
"Maize",24,3,130,"TrainSel CDmean (targeted, published)",NA,0.17976188773997,0.477354404727687,0.689315296898605
"Maize",24,3,130,"TrainSel CDmean (untargeted, published)",NA,0.122291407138041,0.383497443431663,0.706353492187213
"Maize",24,3,130,"Random (published)",NA,0.127570545415307,0.48515643322137,0.699474159608287
"Maize",24,3,130,"TSOpt default (targeted)",0.0480000000000018,0.180015603010418,0.469328617805924,0.691712851035948
"Maize",24,3,130,"TSOpt (untargeted)",0.0900000000000034,0.162159503119479,0.486625932688527,0.720973289779745
"Maize",24,4,200,"TrainSel CDmean (targeted, published)",NA,0.189331917974493,0.523252070523818,0.685460354970621
"Maize",24,4,200,"TrainSel CDmean (untargeted, published)",NA,0.130171911212108,0.457135577428814,0.638939081589548
"Maize",24,4,200,"Random (published)",NA,0.133139339869154,0.473193351252689,0.750462719216998
"Maize",24,4,200,"TSOpt default (targeted)",0.0989999999999966,0.189515574275761,0.523959440907331,0.675779157116088
"Maize",24,4,200,"TSOpt (untargeted)",0.181000000000004,0.173632265625801,0.507966140254936,0.708557233634591
"Maize",24,5,265,"TrainSel CDmean (targeted, published)",NA,0.194383614037883,0.512549797124887,0.70421233752531
"Maize",24,5,265,"TrainSel CDmean (untargeted, published)",NA,0.163098813070054,0.499115193313097,0.647220127134598
"Maize",24,5,265,"Random (published)",NA,0.175679275142047,0.509192355088645,0.731304294324742
"Maize",24,5,265,"TSOpt default (targeted)",0.210000000000001,0.194481929766025,0.514920435067479,0.708536704771663
"Maize",24,5,265,"TSOpt (untargeted)",0.314,0.184980137677093,0.508993170637835,0.719510406269694
"Maize",25,1,35,"TrainSel CDmean (targeted, published)",NA,0.163891137353696,0.425808180216776,0.56019627582116
"Maize",25,1,35,"TrainSel CDmean (untargeted, published)",NA,0.0933942442206716,0.443820407728244,0.681280527987842
"Maize",25,1,35,"Random (published)",NA,0.0585818435439874,0.448143339582854,0.621713019177933
"Maize",25,1,35,"TSOpt default (targeted)",0.0200000000000031,0.165419458895676,0.474605154528147,0.568327389232244
"Maize",25,1,35,"TSOpt (untargeted)",0.0330000000000013,0.137715544337846,0.479727054902741,0.618884608583322
"Maize",25,2,65,"TrainSel CDmean (targeted, published)",NA,0.198282449553919,0.475952925302686,0.564434928007238
"Maize",25,2,65,"TrainSel CDmean (untargeted, published)",NA,0.13594068276466,0.53816292352239,0.604884956723044
"Maize",25,2,65,"Random (published)",NA,0.122996163727536,0.523383960232648,0.642787800267481
"Maize",25,2,65,"TSOpt default (targeted)",0.0280000000000058,0.199298605437881,0.486079465369591,0.5501317964911
"Maize",25,2,65,"TSOpt (untargeted)",0.0659999999999954,0.178984129732529,0.526566654659869,0.57157792477187
"Maize",25,3,130,"TrainSel CDmean (targeted, published)",NA,0.227664160435454,0.515522406634435,0.635658154444789
"Maize",25,3,130,"TrainSel CDmean (untargeted, published)",NA,0.143958846555623,0.550013162482321,0.59237804418214
"Maize",25,3,130,"Random (published)",NA,0.153741873752364,0.573398694302815,0.774814426153246
"Maize",25,3,130,"TSOpt default (targeted)",0.0480000000000018,0.228005086846455,0.540799619292574,0.633965327825362
"Maize",25,3,130,"TSOpt (untargeted)",0.0959999999999965,0.208170820929512,0.554283706119167,0.626434447995376
"Maize",25,4,200,"TrainSel CDmean (targeted, published)",NA,0.239691186972328,0.573450390075881,0.605238474516173
"Maize",25,4,200,"TrainSel CDmean (untargeted, published)",NA,0.173980889366017,0.614361360597769,0.682742943155575
"Maize",25,4,200,"Random (published)",NA,0.192948766560154,0.54436927494628,0.611796760424037
"Maize",25,4,200,"TSOpt default (targeted)",0.119,0.240106887403142,0.572822351908845,0.609057400087026
"Maize",25,4,200,"TSOpt (untargeted)",0.183,0.21745152302433,0.574344054944046,0.640462084454455
"Maize",25,5,265,"TrainSel CDmean (targeted, published)",NA,0.245583352925958,0.585001053799657,0.631568499794528
"Maize",25,5,265,"TrainSel CDmean (untargeted, published)",NA,0.197856230735096,0.603270221264467,0.710779780048858
"Maize",25,5,265,"Random (published)",NA,0.228542029922833,0.580895931994785,0.659847799095114
"Maize",25,5,265,"TSOpt default (targeted)",0.205000000000005,0.245719482793444,0.586347654209215,0.632680720798971
"Maize",25,5,265,"TSOpt (untargeted)",0.300999999999995,0.23021370433621,0.600026880730446,0.663105074968148
"Maize",26,1,35,"TrainSel CDmean (targeted, published)",NA,0.130253825006152,0.410755227718023,0.634651227617713
"Maize",26,1,35,"TrainSel CDmean (untargeted, published)",NA,0.0655498297105974,0.286285446324373,0.623031204130144
"Maize",26,1,35,"Random (published)",NA,0.0354471663391503,0.327813272779961,0.579883273627961
"Maize",26,1,35,"TSOpt default (targeted)",0.019999999999996,0.131109941799062,0.433436830714674,0.636496380658187
"Maize",26,1,35,"TSOpt (untargeted)",0.0429999999999993,0.102742048909965,0.433347309991904,0.682165564680888
"Maize",26,2,65,"TrainSel CDmean (targeted, published)",NA,0.153561016332578,0.452675191098433,0.665920240790287
"Maize",26,2,65,"TrainSel CDmean (untargeted, published)",NA,0.100563075396261,0.321323428185856,0.599460192432548
"Maize",26,2,65,"Random (published)",NA,0.0679702346439171,0.395175255048613,0.57668938884092
"Maize",26,2,65,"TSOpt default (targeted)",0.0240000000000009,0.154617534480378,0.518335565504225,0.680781649569953
"Maize",26,2,65,"TSOpt (untargeted)",0.0439999999999969,0.129619561953806,0.477302777654191,0.641632012675208
"Maize",26,3,130,"TrainSel CDmean (targeted, published)",NA,0.175424357342814,0.581985731590166,0.678989822474734
"Maize",26,3,130,"TrainSel CDmean (untargeted, published)",NA,0.114383162780328,0.479370095496072,0.68934293915215
"Maize",26,3,130,"Random (published)",NA,0.103574047101129,0.490978139528189,0.694290687625803
"Maize",26,3,130,"TSOpt default (targeted)",0.046999999999997,0.175760602854268,0.576291779367429,0.68302488334354
"Maize",26,3,130,"TSOpt (untargeted)",0.100999999999999,0.159450501907455,0.561568877247079,0.696429371354311
"Maize",26,4,200,"TrainSel CDmean (targeted, published)",NA,0.185044593098431,0.594972669080138,0.680757655402799
"Maize",26,4,200,"TrainSel CDmean (untargeted, published)",NA,0.137381117992992,0.59786572078909,0.698944882634239
"Maize",26,4,200,"Random (published)",NA,0.147631283915811,0.61612511962456,0.683220989737657
"Maize",26,4,200,"TSOpt default (targeted)",0.113999999999997,0.185226448024516,0.609532342680842,0.686814460995178
"Maize",26,4,200,"TSOpt (untargeted)",0.170999999999999,0.168785791776347,0.606223552768398,0.683319314343119
"Maize",26,5,265,"TrainSel CDmean (targeted, published)",NA,0.18979637054144,0.621514243623556,0.683024351522081
"Maize",26,5,265,"TrainSel CDmean (untargeted, published)",NA,0.158153577118773,0.614926456427098,0.686144900514025
"Maize",26,5,265,"Random (published)",NA,0.170126029233384,0.630054037255752,0.698905484774545
"Maize",26,5,265,"TSOpt default (targeted)",0.210000000000001,0.190026313614066,0.626652365547678,0.670878339077268
"Maize",26,5,265,"TSOpt (untargeted)",0.296999999999997,0.182244029582832,0.597188643605117,0.685279615331654
"Maize",27,1,35,"TrainSel CDmean (targeted, published)",NA,0.138174141405085,0.3894407263542,0.735851656571694
"Maize",27,1,35,"TrainSel CDmean (untargeted, published)",NA,0.0818109715119107,0.336536944312776,0.693069124000989
"Maize",27,1,35,"Random (published)",NA,0.0446187625141187,0.316227375725564,0.705964138623289
"Maize",27,1,35,"TSOpt default (targeted)",0.019999999999996,0.139498416742408,0.427841223337339,0.709197347415693
"Maize",27,1,35,"TSOpt (untargeted)",0.0309999999999988,0.114258722201101,0.392539692696725,0.681779166962479
"Maize",27,2,65,"TrainSel CDmean (targeted, published)",NA,0.169331345344758,0.49794282224932,0.67171921390234
"Maize",27,2,65,"TrainSel CDmean (untargeted, published)",NA,0.103550463093542,0.51516488682413,0.750063898509041
"Maize",27,2,65,"Random (published)",NA,0.0928995833679333,0.511860318290829,0.72021731719725
"Maize",27,2,65,"TSOpt default (targeted)",0.0260000000000034,0.169717842639014,0.526478241446545,0.696332698493256
"Maize",27,2,65,"TSOpt (untargeted)",0.046999999999997,0.144296000723705,0.461920837369627,0.727354521509929
"Maize",27,3,130,"TrainSel CDmean (targeted, published)",NA,0.194404617237275,0.555249210823205,0.754601168424493
"Maize",27,3,130,"TrainSel CDmean (untargeted, published)",NA,0.134175157625434,0.483583347150365,0.695433560920062
"Maize",27,3,130,"Random (published)",NA,0.129745469708983,0.551092409121258,0.723014055393624
"Maize",27,3,130,"TSOpt default (targeted)",0.0659999999999954,0.194588728178416,0.563602442066778,0.751383352152867
"Maize",27,3,130,"TSOpt (untargeted)",0.0900000000000034,0.175453909616311,0.49368455966708,0.690649523465677
"Maize",27,4,200,"TrainSel CDmean (targeted, published)",NA,0.204994015198902,0.550949695209473,0.723700771038196
"Maize",27,4,200,"TrainSel CDmean (untargeted, published)",NA,0.14802671440785,0.58799943599623,0.811479776201675
"Maize",27,4,200,"Random (published)",NA,0.158346486502058,0.540565638191694,0.698323622288384
"Maize",27,4,200,"TSOpt default (targeted)",0.123999999999995,0.205187272237739,0.556445823917569,0.729576883329083
"Maize",27,4,200,"TSOpt (untargeted)",0.166000000000004,0.185215445831782,0.512473413744787,0.693581217303404
"Maize",27,5,265,"TrainSel CDmean (targeted, published)",NA,0.210132411891233,0.552891119701506,0.710524741487115
"Maize",27,5,265,"TrainSel CDmean (untargeted, published)",NA,0.173420143058959,0.594111498213876,0.776363807808528
"Maize",27,5,265,"Random (published)",NA,0.1873361474433,0.524468977473237,0.69644968963757
"Maize",27,5,265,"TSOpt default (targeted)",0.198999999999998,0.210248337228102,0.55911258983527,0.702184355170343
"Maize",27,5,265,"TSOpt (untargeted)",0.299,0.198627576880667,0.53068809558924,0.697238285657237
"Maize",28,1,35,"TrainSel CDmean (targeted, published)",NA,0.140971361524387,0.452602426436758,0.661500380193946
"Maize",28,1,35,"TrainSel CDmean (untargeted, published)",NA,0.0809604881090429,0.0513162082226769,0.492225361486546
"Maize",28,1,35,"Random (published)",NA,0.0540498064523094,0.329743145924347,0.658621772142072
"Maize",28,1,35,"TSOpt default (targeted)",0.0339999999999989,0.142701487172662,0.451677114530927,0.681613991210337
"Maize",28,1,35,"TSOpt (untargeted)",0.0310000000000059,0.104523800162712,0.28138091246696,0.59416754783575
"Maize",28,2,65,"TrainSel CDmean (targeted, published)",NA,0.170090951813732,0.533952886318063,0.725840632520887
"Maize",28,2,65,"TrainSel CDmean (untargeted, published)",NA,0.105192684251471,0.394213486621481,0.672901097338007
"Maize",28,2,65,"Random (published)",NA,0.0703829713787579,0.41353522493636,0.608643334265956
"Maize",28,2,65,"TSOpt default (targeted)",0.0249999999999986,0.17077633343424,0.545682823360615,0.725042105019218
"Maize",28,2,65,"TSOpt (untargeted)",0.0450000000000017,0.150774560244512,0.461747237920643,0.683807756213823
"Maize",28,3,130,"TrainSel CDmean (targeted, published)",NA,0.194243679848709,0.589298229844208,0.707103508133154
"Maize",28,3,130,"TrainSel CDmean (untargeted, published)",NA,0.135448674581675,0.524671143017921,0.656787139490382
"Maize",28,3,130,"Random (published)",NA,0.111289957815246,0.529409258214238,0.699040407333627
"Maize",28,3,130,"TSOpt default (targeted)",0.0660000000000025,0.194677517570056,0.579740815702409,0.71046863082703
"Maize",28,3,130,"TSOpt (untargeted)",0.0889999999999986,0.176960409420195,0.578531919742637,0.726673576290507
"Maize",28,4,200,"TrainSel CDmean (targeted, published)",NA,0.205050464343454,0.611885199831739,0.760317779237849
"Maize",28,4,200,"TrainSel CDmean (untargeted, published)",NA,0.153469990391734,0.531651740428784,0.71976141224932
"Maize",28,4,200,"Random (published)",NA,0.148411601455094,0.533080925161895,0.684209119989898
"Maize",28,4,200,"TSOpt default (targeted)",0.117000000000004,0.205230298505092,0.611977249496043,0.744119998916906
"Maize",28,4,200,"TSOpt (untargeted)",0.165999999999997,0.186121602012889,0.596952135818375,0.710924065724573
"Maize",28,5,265,"TrainSel CDmean (targeted, published)",NA,0.210328821328423,0.612784797400003,0.724892842176742
"Maize",28,5,265,"TrainSel CDmean (untargeted, published)",NA,0.173716031273028,0.563287511445874,0.716452926507338
"Maize",28,5,265,"Random (published)",NA,0.200884391281726,0.610470397348287,0.767869245222009
"Maize",28,5,265,"TSOpt default (targeted)",0.190000000000005,0.210435554399288,0.611699247920858,0.70744501442314
"Maize",28,5,265,"TSOpt (untargeted)",0.282999999999994,0.198198776329886,0.5963013375005,0.74041597661651
"Maize",29,1,35,"TrainSel CDmean (targeted, published)",NA,0.143134658652131,0.234598179669148,0.629141949280462
"Maize",29,1,35,"TrainSel CDmean (untargeted, published)",NA,0.082300281743381,0.389788546381439,0.657881469722596
"Maize",29,1,35,"Random (published)",NA,0.0472964685654676,0.376135289278374,0.679007290109657
"Maize",29,1,35,"TSOpt default (targeted)",0.0189999999999984,0.144668126453157,0.32336235916626,0.663729757696366
"Maize",29,1,35,"TSOpt (untargeted)",0.0320000000000036,0.114998610030416,0.257445983202178,0.61846490399702
"Maize",29,2,65,"TrainSel CDmean (targeted, published)",NA,0.176997870561561,0.319160346259453,0.635889998881641
"Maize",29,2,65,"TrainSel CDmean (untargeted, published)",NA,0.106368236105098,0.367855660283111,0.711005878332616
"Maize",29,2,65,"Random (published)",NA,0.0809476845649573,0.355812204025985,0.684596645160199
"Maize",29,2,65,"TSOpt default (targeted)",0.0250000000000057,0.177419140738398,0.29283754823962,0.642831133776675
"Maize",29,2,65,"TSOpt (untargeted)",0.0459999999999994,0.154967947875967,0.395138338044281,0.657034832987145
"Maize",29,3,130,"TrainSel CDmean (targeted, published)",NA,0.202073712797677,0.42531125794134,0.646494206251803
"Maize",29,3,130,"TrainSel CDmean (untargeted, published)",NA,0.13318796957379,0.48989538658385,0.700743829368581
"Maize",29,3,130,"Random (published)",NA,0.134386192933189,0.503471022957638,0.64578193658957
"Maize",29,3,130,"TSOpt default (targeted)",0.0590000000000046,0.202479267975466,0.425248980123357,0.655957800394967
"Maize",29,3,130,"TSOpt (untargeted)",0.0889999999999986,0.181072779700853,0.453342585798016,0.693415461595542
"Maize",29,4,200,"TrainSel CDmean (targeted, published)",NA,0.213245868469932,0.464457267024522,0.657196073369923
"Maize",29,4,200,"TrainSel CDmean (untargeted, published)",NA,0.150586489348826,0.594381355946967,0.720783625505378
"Maize",29,4,200,"Random (published)",NA,0.167288631186058,0.441849021147352,0.702122137648439
"Maize",29,4,200,"TSOpt default (targeted)",0.113,0.213545332764451,0.465428843381468,0.66180468597829
"Maize",29,4,200,"TSOpt (untargeted)",0.177999999999997,0.191980300170806,0.474178028637647,0.701549796544962
"Maize",29,5,265,"TrainSel CDmean (targeted, published)",NA,0.21846311256545,0.48632434232376,0.667574227152697
"Maize",29,5,265,"TrainSel CDmean (untargeted, published)",NA,0.181060813898313,0.503039005394608,0.669835506963111
"Maize",29,5,265,"Random (published)",NA,0.202933766366969,0.463970669408281,0.670649294108334
"Maize",29,5,265,"TSOpt default (targeted)",0.194000000000003,0.218588123218484,0.487968038383268,0.67057696652642
"Maize",29,5,265,"TSOpt (untargeted)",0.290999999999997,0.204192781046057,0.476124905267789,0.718260903841344
"Maize",30,1,35,"TrainSel CDmean (targeted, published)",NA,0.162927443102297,0.473542441195121,0.623140180100703
"Maize",30,1,35,"TrainSel CDmean (untargeted, published)",NA,0.0943999935956704,0.359248891807996,0.671977767320872
"Maize",30,1,35,"Random (published)",NA,0.048534975713463,0.334017931990586,0.673517891221825
"Maize",30,1,35,"TSOpt default (targeted)",0.0189999999999984,0.16458393442553,0.477732549988498,0.623140180100703
"Maize",30,1,35,"TSOpt (untargeted)",0.0590000000000046,0.126660164966206,0.466776733419107,0.64734888779655
"Maize",30,2,65,"TrainSel CDmean (targeted, published)",NA,0.195181335333955,0.478182974777364,0.595951270619646
"Maize",30,2,65,"TrainSel CDmean (untargeted, published)",NA,0.118567222627993,0.482616788535146,0.564441161425364
"Maize",30,2,65,"Random (published)",NA,0.0978816786396786,0.471435567118611,0.63381899257342
"Maize",30,2,65,"TSOpt default (targeted)",0.0249999999999986,0.195744944080311,0.490298517251337,0.593065032501549
"Maize",30,2,65,"TSOpt (untargeted)",0.0450000000000017,0.170644836170231,0.471487713424582,0.639539923416325
"Maize",30,3,130,"TrainSel CDmean (targeted, published)",NA,0.217586964978934,0.511145017661314,0.61512101632336
"Maize",30,3,130,"TrainSel CDmean (untargeted, published)",NA,0.139294637579376,0.496957963472158,0.637820056433415
"Maize",30,3,130,"Random (published)",NA,0.133083859128051,0.475862043548453,0.684030860209006
"Maize",30,3,130,"TSOpt default (targeted)",0.0529999999999973,0.217996323347993,0.519717660907951,0.613758248266338
"Maize",30,3,130,"TSOpt (untargeted)",0.112000000000002,0.194401310405768,0.518757772068043,0.632034775393345
"Maize",30,4,200,"TrainSel CDmean (targeted, published)",NA,0.227200072751121,0.535397944578304,0.600369195716617
"Maize",30,4,200,"TrainSel CDmean (untargeted, published)",NA,0.165453552146375,0.555919872011626,0.62738413259235
"Maize",30,4,200,"Random (published)",NA,0.173647844303958,0.534371463621798,0.641281441987539
"Maize",30,4,200,"TSOpt default (targeted)",0.101999999999997,0.227483244955437,0.546430952284357,0.611758838064218
"Maize",30,4,200,"TSOpt (untargeted)",0.197000000000003,0.205347098480168,0.529846629053827,0.623633260235138
"Maize",30,5,265,"TrainSel CDmean (targeted, published)",NA,0.232246776109663,0.538052675142434,0.602202129601648
"Maize",30,5,265,"TrainSel CDmean (untargeted, published)",NA,0.190296879658239,0.564257171486921,0.74437803424382
"Maize",30,5,265,"Random (published)",NA,0.205569938644947,0.515277385185448,0.639337104432493
"Maize",30,5,265,"TSOpt default (targeted)",0.201999999999998,0.232372453534719,0.536851809125073,0.598724210699647
"Maize",30,5,265,"TSOpt (untargeted)",0.316000000000003,0.216209788688513,0.542719796096142,0.629102661812902
"Maize",31,1,35,"TrainSel CDmean (targeted, published)",NA,0.0934277892393335,0.588492155510825,0.764832696404429
"Maize",31,1,35,"TrainSel CDmean (untargeted, published)",NA,0.0478187789767487,0.445281904049827,0.652642471788767
"Maize",31,1,35,"Random (published)",NA,0.0329278634509594,0.461840280856116,0.691582724455846
"Maize",31,1,35,"TSOpt default (targeted)",0.0189999999999984,0.0949280626139085,0.609087527410225,0.790600503253053
"Maize",31,1,35,"TSOpt (untargeted)",0.0320000000000036,0.06657119864964,0.566147358668066,0.708595880788553
"Maize",31,2,65,"TrainSel CDmean (targeted, published)",NA,0.116730104235908,0.639377076600164,0.731690891476994
"Maize",31,2,65,"TrainSel CDmean (untargeted, published)",NA,0.069648751105749,0.565867060625433,0.676928503635055
"Maize",31,2,65,"Random (published)",NA,0.057148238363813,0.58271422597209,0.767581954679601
"Maize",31,2,65,"TSOpt default (targeted)",0.0260000000000034,0.11728257997031,0.639579904275543,0.741235275589859
"Maize",31,2,65,"TSOpt (untargeted)",0.0640000000000001,0.10106945627837,0.606323484848436,0.744075169787608
"Maize",31,3,130,"TrainSel CDmean (targeted, published)",NA,0.134976798887034,0.661791704659817,0.757197455156782
"Maize",31,3,130,"TrainSel CDmean (untargeted, published)",NA,0.0840083455564615,0.574505500929754,0.73431107250233
"Maize",31,3,130,"Random (published)",NA,0.0905967545431118,0.656907671238809,0.856678015494017
"Maize",31,3,130,"TSOpt default (targeted)",0.0479999999999947,0.135297962384596,0.666468941646976,0.765691456938261
"Maize",31,3,130,"TSOpt (untargeted)",0.0900000000000034,0.12270751052964,0.658366495593436,0.814780574515024
"Maize",31,4,200,"TrainSel CDmean (targeted, published)",NA,0.144106215696572,0.681862144424156,0.771483270704719
"Maize",31,4,200,"TrainSel CDmean (untargeted, published)",NA,0.107930269881789,0.673242576752294,0.791226122326987
"Maize",31,4,200,"Random (published)",NA,0.101994575257482,0.578953995152694,0.722240682474561
"Maize",31,4,200,"TSOpt default (targeted)",0.126000000000005,0.144419581344118,0.683788974901214,0.770343964701672
"Maize",31,4,200,"TSOpt (untargeted)",0.209999999999994,0.130888015140969,0.674642465182707,0.773782582905598
"Maize",31,5,265,"TrainSel CDmean (targeted, published)",NA,0.149059011246398,0.689033706811466,0.76146891832559
"Maize",31,5,265,"TrainSel CDmean (untargeted, published)",NA,0.129283315297332,0.678901524925636,0.771255392988057
"Maize",31,5,265,"Random (published)",NA,0.135197740752534,0.683888749579912,0.76816706746277
"Maize",31,5,265,"TSOpt default (targeted)",0.216999999999999,0.149251294905102,0.688372003626663,0.780818259696344
"Maize",31,5,265,"TSOpt (untargeted)",0.358000000000004,0.141367172022317,0.682440178158915,0.765013243123122
"Maize",32,1,35,"TrainSel CDmean (targeted, published)",NA,0.110961054286152,0.581280768067709,0.750155184501487
"Maize",32,1,35,"TrainSel CDmean (untargeted, published)",NA,0.0761829792789541,0.509017628467356,0.65354487212486
"Maize",32,1,35,"Random (published)",NA,0.0391291639281075,0.396405234114512,0.656905374222032
"Maize",32,1,35,"TSOpt default (targeted)",0.0210000000000008,0.112015350309367,0.564682760068299,0.74454422657273
"Maize",32,1,35,"TSOpt (untargeted)",0.0339999999999989,0.0863279339055007,0.534355111661989,0.72960265757741
"Maize",32,2,65,"TrainSel CDmean (targeted, published)",NA,0.136718370329013,0.565958654889622,0.77273309924343
"Maize",32,2,65,"TrainSel CDmean (untargeted, published)",NA,0.0991472730850268,0.588971679212454,0.691316599327856
"Maize",32,2,65,"Random (published)",NA,0.0636216224883717,0.487959706768805,0.712985936721057
"Maize",32,2,65,"TSOpt default (targeted)",0.0429999999999993,0.137279943404313,0.575065237610101,0.781567193388451
"Maize",32,2,65,"TSOpt (untargeted)",0.0489999999999995,0.114842232499712,0.567969880108365,0.729807616887076
"Maize",32,3,130,"TrainSel CDmean (targeted, published)",NA,0.15927589478258,0.651982777017665,0.793197145870065
"Maize",32,3,130,"TrainSel CDmean (untargeted, published)",NA,0.116744377780347,0.633341111886687,0.768628237407937
"Maize",32,3,130,"Random (published)",NA,0.104497273525058,0.566423962084461,0.7258766701255
"Maize",32,3,130,"TSOpt default (targeted)",0.054000000000002,0.159592402375336,0.652792784513718,0.774037825577173
"Maize",32,3,130,"TSOpt (untargeted)",0.163000000000004,0.141127460305605,0.617706335548039,0.799610445718067
"Maize",32,4,200,"TrainSel CDmean (targeted, published)",NA,0.169742942008223,0.680762780824991,0.79699634392951
"Maize",32,4,200,"TrainSel CDmean (untargeted, published)",NA,0.127164729365751,0.674706761929745,0.831005141140619
"Maize",32,4,200,"Random (published)",NA,0.144445062060737,0.65780766960851,0.817965525692175
"Maize",32,4,200,"TSOpt default (targeted)",0.119999999999997,0.16989782269429,0.68142590751468,0.810327476112685
"Maize",32,4,200,"TSOpt (untargeted)",0.245000000000005,0.149664872040946,0.632807333292178,0.786813375897719
"Maize",32,5,265,"TrainSel CDmean (targeted, published)",NA,0.175105490271274,0.678304114239162,0.7794516370755
"Maize",32,5,265,"TrainSel CDmean (untargeted, published)",NA,0.148284516809185,0.672340916637994,0.777732775453716
"Maize",32,5,265,"Random (published)",NA,0.16114962539558,0.631696047086521,0.767866908335823
"Maize",32,5,265,"TSOpt default (targeted)",0.231000000000002,0.175220964638098,0.676962772679078,0.778475240491804
"Maize",32,5,265,"TSOpt (untargeted)",0.335000000000001,0.162750649830721,0.652325599678371,0.78411043310222
"Maize",33,1,35,"TrainSel CDmean (targeted, published)",NA,0.138660168810135,0.353875062256471,0.719622133516477
"Maize",33,1,35,"TrainSel CDmean (untargeted, published)",NA,0.0723341897537797,0.355242417098902,0.648201340234888
"Maize",33,1,35,"Random (published)",NA,0.0496605042701584,0.323833612055586,0.63740462404607
"Maize",33,1,35,"TSOpt default (targeted)",0.0220000000000056,0.140377788380276,0.345393807475315,0.719622133516477
"Maize",33,1,35,"TSOpt (untargeted)",0.0339999999999989,0.111314901559218,0.420164030650528,0.685232471005362
"Maize",33,2,65,"TrainSel CDmean (targeted, published)",NA,0.166900977746276,0.390591754925199,0.742302617696183
"Maize",33,2,65,"TrainSel CDmean (untargeted, published)",NA,0.0997652364900553,0.358439484873674,0.659197696398792
"Maize",33,2,65,"Random (published)",NA,0.0887526812342618,0.449249861425437,0.685586698088681
"Maize",33,2,65,"TSOpt default (targeted)",0.027000000000001,0.167428382142139,0.426635779232375,0.756988692005307
"Maize",33,2,65,"TSOpt (untargeted)",0.0630000000000024,0.149257685137165,0.452207294857205,0.714809746994876
"Maize",33,3,130,"TrainSel CDmean (targeted, published)",NA,0.191232203149447,0.512905260646116,0.762724406003671
"Maize",33,3,130,"TrainSel CDmean (untargeted, published)",NA,0.122558970025297,0.483079636848296,0.79528093230559
"Maize",33,3,130,"Random (published)",NA,0.120255120314935,0.508929317848374,0.734431683844329
"Maize",33,3,130,"TSOpt default (targeted)",0.0499999999999972,0.191610556273777,0.528264592073065,0.764012015217719
"Maize",33,3,130,"TSOpt (untargeted)",0.0949999999999989,0.172836546120672,0.487163412047676,0.708923834361049
"Maize",33,4,200,"TrainSel CDmean (targeted, published)",NA,0.202794252635672,0.566898301663977,0.755873421982298
"Maize",33,4,200,"TrainSel CDmean (untargeted, published)",NA,0.146234969860016,0.563892901385595,0.77921912248959
"Maize",33,4,200,"Random (published)",NA,0.156566266997267,0.539659765365333,0.770179885640397
"Maize",33,4,200,"TSOpt default (targeted)",0.125,0.203035676781745,0.564393555833276,0.756914156438718
"Maize",33,4,200,"TSOpt (untargeted)",0.259999999999998,0.182598100922899,0.509853935507691,0.711337503634516
"Maize",33,5,265,"TrainSel CDmean (targeted, published)",NA,0.208274507336508,0.547733240348324,0.756941727296327
"Maize",33,5,265,"TrainSel CDmean (untargeted, published)",NA,0.165647103231208,0.520961971337254,0.821026423189778
"Maize",33,5,265,"Random (published)",NA,0.194202652664628,0.514636927796513,0.723490016995928
"Maize",33,5,265,"TSOpt default (targeted)",0.251000000000005,0.208486483577069,0.549577285650003,0.756951816184413
"Maize",33,5,265,"TSOpt (untargeted)",0.343999999999994,0.19482644494724,0.524615149427881,0.716868985869947
"Maize",34,1,35,"TrainSel CDmean (targeted, published)",NA,0.135944864353215,0.340227233188541,0.66794257418159
"Maize",34,1,35,"TrainSel CDmean (untargeted, published)",NA,0.0755360608033029,0.352742712258694,0.632023412432234
"Maize",34,1,35,"Random (published)",NA,0.0572217961567543,0.40613769093831,0.709099994253388
"Maize",34,1,35,"TSOpt default (targeted)",0.0219999999999985,0.136842832853723,0.398671131253856,0.711302726582502
"Maize",34,1,35,"TSOpt (untargeted)",0.0339999999999989,0.105249884337962,0.402801759597057,0.652530007370639
"Maize",34,2,65,"TrainSel CDmean (targeted, published)",NA,0.160501628002028,0.47648101069627,0.718000685005378
"Maize",34,2,65,"TrainSel CDmean (untargeted, published)",NA,0.104392635818055,0.419658404518192,0.655671994582911
"Maize",34,2,65,"Random (published)",NA,0.0819275406128786,0.474749224087925,0.721521790041935
"Maize",34,2,65,"TSOpt default (targeted)",0.0289999999999964,0.161138873346745,0.488087856926483,0.719636825670625
"Maize",34,2,65,"TSOpt (untargeted)",0.0510000000000019,0.14137453982434,0.460190451733682,0.699413261856386
"Maize",34,3,130,"TrainSel CDmean (targeted, published)",NA,0.183242163136852,0.582382207608251,0.742933348784862
"Maize",34,3,130,"TrainSel CDmean (untargeted, published)",NA,0.130419488924995,0.538762482896239,0.77991031214767
"Maize",34,3,130,"Random (published)",NA,0.11182866033473,0.438299681459932,0.623378257184056
"Maize",34,3,130,"TSOpt default (targeted)",0.0519999999999996,0.183610859761919,0.590995681678781,0.758462905696565
"Maize",34,3,130,"TSOpt (untargeted)",0.0919999999999987,0.165486596592577,0.518092626062102,0.75396586827006
"Maize",34,4,200,"TrainSel CDmean (targeted, published)",NA,0.193375119671858,0.604772754012635,0.773210665729239
"Maize",34,4,200,"TrainSel CDmean (untargeted, published)",NA,0.136576509714147,0.535098725848947,0.757773911092866
"Maize",34,4,200,"Random (published)",NA,0.166576646045576,0.579086913385402,0.792023089629399
"Maize",34,4,200,"TSOpt default (targeted)",0.125999999999998,0.193755876475437,0.611697211935273,0.783794543279312
"Maize",34,4,200,"TSOpt (untargeted)",0.170000000000002,0.174654745768256,0.539559296170567,0.75251612296941
"Maize",34,5,265,"TrainSel CDmean (targeted, published)",NA,0.198752718891483,0.619696458420986,0.776349641165147
"Maize",34,5,265,"TrainSel CDmean (untargeted, published)",NA,0.166102656021167,0.62625321016454,0.779621705992078
"Maize",34,5,265,"Random (published)",NA,0.186179632711689,0.597722595170038,0.761053895179904
"Maize",34,5,265,"TSOpt default (targeted)",0.213999999999999,0.19900428272353,0.619115863777007,0.79204710149323
"Maize",34,5,265,"TSOpt (untargeted)",0.306000000000004,0.187366892652327,0.590044577766497,0.768327208602547
"Maize",35,1,35,"TrainSel CDmean (targeted, published)",NA,0.101347525998698,0.453328555742265,0.619138961165464
"Maize",35,1,35,"TrainSel CDmean (untargeted, published)",NA,0.0586869749724792,0.393790838247778,0.540567812153654
"Maize",35,1,35,"Random (published)",NA,0.0331550858255678,0.482592766161847,0.620891272579205
"Maize",35,1,35,"TSOpt default (targeted)",0.0200000000000031,0.102663987810128,0.486606014363345,0.637549399872102
"Maize",35,1,35,"TSOpt (untargeted)",0.0309999999999988,0.0779482397329336,0.45126616312339,0.597029522432225
"Maize",35,2,65,"TrainSel CDmean (targeted, published)",NA,0.124684347095577,0.508930261346904,0.67383679094491
"Maize",35,2,65,"TrainSel CDmean (untargeted, published)",NA,0.0813690292403326,0.507788559173165,0.58284466793328
"Maize",35,2,65,"Random (published)",NA,0.0593064701040023,0.443907021632635,0.696862285563999
"Maize",35,2,65,"TSOpt default (targeted)",0.0259999999999962,0.125227953552806,0.540711805256374,0.675200355245305
"Maize",35,2,65,"TSOpt (untargeted)",0.0459999999999994,0.107051907439508,0.489153378271657,0.624101444910902
"Maize",35,3,130,"TrainSel CDmean (targeted, published)",NA,0.146243552828933,0.617493502541095,0.694022623425814
"Maize",35,3,130,"TrainSel CDmean (untargeted, published)",NA,0.104230765084864,0.57498509371255,0.71983086477564
"Maize",35,3,130,"Random (published)",NA,0.0934511954632547,0.524534026195711,0.643412108820272
"Maize",35,3,130,"TSOpt default (targeted)",0.0609999999999999,0.146539355353493,0.627094121436898,0.687153623059862
"Maize",35,3,130,"TSOpt (untargeted)",0.0899999999999963,0.129903234242442,0.562741314173531,0.676045490884368
"Maize",35,4,200,"TrainSel CDmean (targeted, published)",NA,0.155769490768412,0.644357927439002,0.712183695943196
"Maize",35,4,200,"TrainSel CDmean (untargeted, published)",NA,0.111256382720215,0.633642936751585,0.781835210980131
"Maize",35,4,200,"Random (published)",NA,0.131997776292701,0.622748188267807,0.727792553211349
"Maize",35,4,200,"TSOpt default (targeted)",0.120999999999995,0.156123408039328,0.651531519919862,0.713908924577108
"Maize",35,4,200,"TSOpt (untargeted)",0.187000000000005,0.139971625557301,0.610143105086252,0.69287110673226
"Maize",35,5,265,"TrainSel CDmean (targeted, published)",NA,0.161068804240569,0.654786030690947,0.707122140866356
"Maize",35,5,265,"TrainSel CDmean (untargeted, published)",NA,0.138358743864369,0.671034658748681,0.762483933913556
"Maize",35,5,265,"Random (published)",NA,0.142257277411117,0.637876349559392,0.761387190096097
"Maize",35,5,265,"TSOpt default (targeted)",0.198,0.161273283311948,0.653960439467471,0.703835351526289
"Maize",35,5,265,"TSOpt (untargeted)",0.300000000000004,0.15103644060483,0.636608492314675,0.675955317963162
"Maize",36,1,35,"TrainSel CDmean (targeted, published)",NA,0.125267729199855,0.510044372083618,0.737104295087128
"Maize",36,1,35,"TrainSel CDmean (untargeted, published)",NA,0.0605699152781132,0.444325847811941,0.72699017735844
"Maize",36,1,35,"Random (published)",NA,0.0269893668143974,0.444159999799799,0.772563548489047
"Maize",36,1,35,"TSOpt default (targeted)",0.0200000000000031,0.126437136264925,0.50986558027456,0.743371422172191
"Maize",36,1,35,"TSOpt (untargeted)",0.0309999999999988,0.0974146749113303,0.410927604821156,0.692662335331899
"Maize",36,2,65,"TrainSel CDmean (targeted, published)",NA,0.150197886797803,0.523618702983835,0.74722135318032
"Maize",36,2,65,"TrainSel CDmean (untargeted, published)",NA,0.0822114649325031,0.383516312503124,0.678763772570075
"Maize",36,2,65,"Random (published)",NA,0.0691322868866765,0.57506393584507,0.726638174571597
"Maize",36,2,65,"TSOpt default (targeted)",0.0249999999999986,0.150856537522652,0.542035417920004,0.748904557278713
"Maize",36,2,65,"TSOpt (untargeted)",0.046999999999997,0.130447460672099,0.451353945353044,0.714103924001529
"Maize",36,3,130,"TrainSel CDmean (targeted, published)",NA,0.171973452488517,0.576402084372562,0.748029798430488
"Maize",36,3,130,"TrainSel CDmean (untargeted, published)",NA,0.103728232798652,0.539473132084264,0.765984579381644
"Maize",36,3,130,"Random (published)",NA,0.102862728518003,0.446080362334524,0.64590794519643
"Maize",36,3,130,"TSOpt default (targeted)",0.0459999999999994,0.172433756148742,0.583891877907586,0.750971968181644
"Maize",36,3,130,"TSOpt (untargeted)",0.0900000000000034,0.156910824823877,0.539176839337581,0.737080856624216
"Maize",36,4,200,"TrainSel CDmean (targeted, published)",NA,0.181905094818211,0.570207659057057,0.735747977395276
"Maize",36,4,200,"TrainSel CDmean (untargeted, published)",NA,0.136996360954762,0.581420740115388,0.758507272215606
"Maize",36,4,200,"Random (published)",NA,0.150040467770127,0.547446989999999,0.751292195539916
"Maize",36,4,200,"TSOpt default (targeted)",0.113000000000007,0.182125329394892,0.582277792125212,0.749013120805649
"Maize",36,4,200,"TSOpt (untargeted)",0.178999999999995,0.166286434850326,0.554883234997836,0.727259738456853
"Maize",36,5,265,"TrainSel CDmean (targeted, published)",NA,0.186958335364185,0.593174951891088,0.724340370152859
"Maize",36,5,265,"TrainSel CDmean (untargeted, published)",NA,0.158586959779465,0.596603899838569,0.767506886146307
"Maize",36,5,265,"Random (published)",NA,0.163524898171823,0.574963688535678,0.737838140141935
"Maize",36,5,265,"TSOpt default (targeted)",0.191000000000003,0.187130585727406,0.586421237898904,0.724343329044734
"Maize",36,5,265,"TSOpt (untargeted)",0.322000000000003,0.177010384600998,0.569863019570386,0.725772625569867
"Maize",37,1,35,"TrainSel CDmean (targeted, published)",NA,0.12209998630255,0.371775662645054,0.646138379144718
"Maize",37,1,35,"TrainSel CDmean (untargeted, published)",NA,0.0648062231728101,0.267198951045869,0.550793899115546
"Maize",37,1,35,"Random (published)",NA,0.0377442640400697,0.372415300634391,0.661028861291669
"Maize",37,1,35,"TSOpt default (targeted)",0.019999999999996,0.123996309629561,0.378007634246958,0.633623796949128
"Maize",37,1,35,"TSOpt (untargeted)",0.0309999999999988,0.0911741075714376,0.34229008735442,0.659270732064739
"Maize",37,2,65,"TrainSel CDmean (targeted, published)",NA,0.146610935010173,0.412176183495044,0.641768748257083
"Maize",37,2,65,"TrainSel CDmean (untargeted, published)",NA,0.0978791810973146,0.376442191012115,0.634765779767168
"Maize",37,2,65,"Random (published)",NA,0.0605931532139872,0.423195353820343,0.744039467371012
"Maize",37,2,65,"TSOpt default (targeted)",0.0500000000000043,0.147570880717634,0.42787199987961,0.626995623611152
"Maize",37,2,65,"TSOpt (untargeted)",0.0480000000000018,0.125407340668112,0.395932977838455,0.651486779438855
"Maize",37,3,130,"TrainSel CDmean (targeted, published)",NA,0.168616257030494,0.434538669552285,0.632118697899115
"Maize",37,3,130,"TrainSel CDmean (untargeted, published)",NA,0.117657172467397,0.452581736399654,0.600437995641791
"Maize",37,3,130,"Random (published)",NA,0.113528746310803,0.414889860857339,0.69196684519437
"Maize",37,3,130,"TSOpt default (targeted)",0.0500000000000043,0.16911575919973,0.427938887381678,0.636033226536775
"Maize",37,3,130,"TSOpt (untargeted)",0.0919999999999987,0.150113735876478,0.43661756396175,0.660610164677691
"Maize",37,4,200,"TrainSel CDmean (targeted, published)",NA,0.178951470734429,0.437090463488034,0.6305192479163
"Maize",37,4,200,"TrainSel CDmean (untargeted, published)",NA,0.133054681925245,0.461980738727298,0.669072038144164
"Maize",37,4,200,"Random (published)",NA,0.141688258710537,0.407765079045481,0.623313774182426
"Maize",37,4,200,"TSOpt default (targeted)",0.123000000000005,0.179305808348442,0.438810830704579,0.630807133416348
"Maize",37,4,200,"TSOpt (untargeted)",0.189999999999998,0.160589558186403,0.476088108685572,0.697066388127754
"Maize",37,5,265,"TrainSel CDmean (targeted, published)",NA,0.184269673384843,0.461680567144856,0.654866859936142
"Maize",37,5,265,"TrainSel CDmean (untargeted, published)",NA,0.150809011975031,0.470415518563475,0.681780125509398
"Maize",37,5,265,"Random (published)",NA,0.163025645845113,0.482112393173977,0.683069975679526
"Maize",37,5,265,"TSOpt default (targeted)",0.200000000000003,0.18445910415446,0.467337281780294,0.657245595737718
"Maize",37,5,265,"TSOpt (untargeted)",0.317999999999998,0.173145975861127,0.482045290619225,0.664578738569939
"Maize",38,1,35,"TrainSel CDmean (targeted, published)",NA,0.13710287536905,0.426720627353023,0.711069834529764
"Maize",38,1,35,"TrainSel CDmean (untargeted, published)",NA,0.0729740752350301,0.287114938055776,0.649033394638203
"Maize",38,1,35,"Random (published)",NA,0.0375808185738666,0.26064450324757,0.552665864933082
"Maize",38,1,35,"TSOpt default (targeted)",0.0189999999999984,0.138186786165066,0.431775809982412,0.693849900173174
"Maize",38,1,35,"TSOpt (untargeted)",0.0320000000000036,0.106557261926211,0.448116657246108,0.727855117483993
"Maize",38,2,65,"TrainSel CDmean (targeted, published)",NA,0.160348326667327,0.474590499450142,0.707453816064415
"Maize",38,2,65,"TrainSel CDmean (untargeted, published)",NA,0.0980738412056913,0.413132276996483,0.708454443839385
"Maize",38,2,65,"Random (published)",NA,0.0850446615230671,0.45239270161578,0.657978433634039
"Maize",38,2,65,"TSOpt default (targeted)",0.0260000000000034,0.160942097646496,0.47137153387335,0.739872895093861
"Maize",38,2,65,"TSOpt (untargeted)",0.0459999999999994,0.142103617349223,0.438622611681948,0.709938584773645
"Maize",38,3,130,"TrainSel CDmean (targeted, published)",NA,0.181117494306015,0.537206599179155,0.728387336575517
"Maize",38,3,130,"TrainSel CDmean (untargeted, published)",NA,0.114579507543842,0.555543628583877,0.788620597655917
"Maize",38,3,130,"Random (published)",NA,0.128534421551288,0.50765632185964,0.731244261960894
"Maize",38,3,130,"TSOpt default (targeted)",0.0470000000000041,0.181530255240668,0.527883484487344,0.72292549753528
"Maize",38,3,130,"TSOpt (untargeted)",0.0910000000000011,0.161676130307894,0.51657351109543,0.745577333060498
"Maize",38,4,200,"TrainSel CDmean (targeted, published)",NA,0.190570753946367,0.551016727154082,0.722798218584573
"Maize",38,4,200,"TrainSel CDmean (untargeted, published)",NA,0.141467942651423,0.578241233445515,0.786445601962514
"Maize",38,4,200,"Random (published)",NA,0.155314236224752,0.525312819679191,0.774332344836931
"Maize",38,4,200,"TSOpt default (targeted)",0.122,0.190911330958134,0.55078399236896,0.718139173003039
"Maize",38,4,200,"TSOpt (untargeted)",0.186999999999998,0.174075572536069,0.547432687087388,0.731004740453627
"Maize",38,5,265,"TrainSel CDmean (targeted, published)",NA,0.195685754353015,0.561842500088388,0.731474542799725
"Maize",38,5,265,"TrainSel CDmean (untargeted, published)",NA,0.166836148428801,0.615176382466323,0.728367076577844
"Maize",38,5,265,"Random (published)",NA,0.180236137640647,0.561208311860637,0.74215146423263
"Maize",38,5,265,"TSOpt default (targeted)",0.193999999999996,0.195888188672575,0.553427773928265,0.731982900247781
"Maize",38,5,265,"TSOpt (untargeted)",0.307000000000002,0.184466332893366,0.547222417849202,0.74490435027489
"Maize",39,1,35,"TrainSel CDmean (targeted, published)",NA,0.116350886095197,0.487044100185219,0.773775207803923
"Maize",39,1,35,"TrainSel CDmean (untargeted, published)",NA,0.0715836134843098,0.415400269813829,0.695877917129816
"Maize",39,1,35,"Random (published)",NA,0.0539352251126567,0.57979607784927,0.774358465265828
"Maize",39,1,35,"TSOpt default (targeted)",0.0200000000000102,0.117923652964228,0.499787176506486,0.764265761254008
"Maize",39,1,35,"TSOpt (untargeted)",0.0319999999999965,0.0997019163399893,0.492138755216874,0.745676116307002
"Maize",39,2,65,"TrainSel CDmean (targeted, published)",NA,0.143857671824102,0.58114542558811,0.787778369074469
"Maize",39,2,65,"TrainSel CDmean (untargeted, published)",NA,0.0991526650718452,0.554635086836035,0.702059417001412
"Maize",39,2,65,"Random (published)",NA,0.0705363861496307,0.503725154766333,0.780165046565393
"Maize",39,2,65,"TSOpt default (targeted)",0.0260000000000105,0.144404254717984,0.565433852144811,0.780751372064832
"Maize",39,2,65,"TSOpt (untargeted)",0.0459999999999923,0.12285354019179,0.527949611399874,0.748015728586657
"Maize",39,3,130,"TrainSel CDmean (targeted, published)",NA,0.16962299885546,0.598327616624533,0.798969299091093
"Maize",39,3,130,"TrainSel CDmean (untargeted, published)",NA,0.123254743182847,0.659368143587459,0.806630930165824
"Maize",39,3,130,"Random (published)",NA,0.112278421868507,0.619360673719617,0.801008308428882
"Maize",39,3,130,"TSOpt default (targeted)",0.046999999999997,0.169940972659042,0.615580868602361,0.805061316571333
"Maize",39,3,130,"TSOpt (untargeted)",0.0889999999999986,0.152909660472672,0.580823072570526,0.787416880358018
"Maize",39,4,200,"TrainSel CDmean (targeted, published)",NA,0.181315582646559,0.631148016841718,0.780565113070836
"Maize",39,4,200,"TrainSel CDmean (untargeted, published)",NA,0.135020988920563,0.633928788530229,0.798003723334111
"Maize",39,4,200,"Random (published)",NA,0.139441466578362,0.608050404837152,0.801283584036797
"Maize",39,4,200,"TSOpt default (targeted)",0.119,0.181478854139271,0.643965191522343,0.792936265611908
"Maize",39,4,200,"TSOpt (untargeted)",0.179000000000002,0.163595623972916,0.600936182232067,0.769940601193424
"Maize",39,5,265,"TrainSel CDmean (targeted, published)",NA,0.186882123132953,0.650903330528974,0.813406236489319
"Maize",39,5,265,"TrainSel CDmean (untargeted, published)",NA,0.156580214607053,0.642614073658929,0.788779690976894
"Maize",39,5,265,"Random (published)",NA,0.174511746104844,0.648125758478431,0.816943503273718
"Maize",39,5,265,"TSOpt default (targeted)",0.201999999999998,0.187086286892169,0.654952390863803,0.808162132682438
"Maize",39,5,265,"TSOpt (untargeted)",0.296999999999997,0.175959009126949,0.617797264529353,0.779298295967047
"Maize",40,1,35,"TrainSel CDmean (targeted, published)",NA,0.118833167887874,0.466003094627508,0.651532197741736
"Maize",40,1,35,"TrainSel CDmean (untargeted, published)",NA,0.0632461285548138,0.25189773149762,0.513224587663437
"Maize",40,1,35,"Random (published)",NA,0.0337652224270728,0.529421871996599,0.78793515513382
"Maize",40,1,35,"TSOpt default (targeted)",0.019999999999996,0.119873917153832,0.459971080720301,0.643284492223516
"Maize",40,1,35,"TSOpt (untargeted)",0.0320000000000107,0.089245324037533,0.404506319756563,0.633619479938302
"Maize",40,2,65,"TrainSel CDmean (targeted, published)",NA,0.142636196931252,0.469396873905418,0.6742769015837
"Maize",40,2,65,"TrainSel CDmean (untargeted, published)",NA,0.0872892312141598,0.443474302730968,0.625225938169733
"Maize",40,2,65,"Random (published)",NA,0.0643329431100338,0.448629782083056,0.675412277949862
"Maize",40,2,65,"TSOpt default (targeted)",0.0370000000000061,0.143553236082988,0.521687253770467,0.667518483513588
"Maize",40,2,65,"TSOpt (untargeted)",0.0439999999999969,0.121974253223943,0.485964277615885,0.630304324750705
"Maize",40,3,130,"TrainSel CDmean (targeted, published)",NA,0.163789076229762,0.528234714398111,0.675001396458202
"Maize",40,3,130,"TrainSel CDmean (untargeted, published)",NA,0.112234525678378,0.573576834849096,0.724598995135915
"Maize",40,3,130,"Random (published)",NA,0.098117435312299,0.52749692745507,0.71255824128988
"Maize",40,3,130,"TSOpt default (targeted)",0.0480000000000018,0.164162668804152,0.533788430508686,0.662391757213793
"Maize",40,3,130,"TSOpt (untargeted)",0.105999999999995,0.149735920679116,0.557219232197296,0.64847019422084
"Maize",40,4,200,"TrainSel CDmean (targeted, published)",NA,0.173734555197823,0.576299834535372,0.681730587777473
"Maize",40,4,200,"TrainSel CDmean (untargeted, published)",NA,0.129956749944383,0.596530054187021,0.706860849966623
"Maize",40,4,200,"Random (published)",NA,0.137889663544914,0.566240740753071,0.753157230246466
"Maize",40,4,200,"TSOpt default (targeted)",0.097999999999999,0.174023838238894,0.569006069891909,0.708090932025709
"Maize",40,4,200,"TSOpt (untargeted)",0.210999999999999,0.159782850253613,0.579987096066966,0.699700682307149
"Maize",40,5,265,"TrainSel CDmean (targeted, published)",NA,0.178986970306659,0.59466793238446,0.700684444995084
"Maize",40,5,265,"TrainSel CDmean (untargeted, published)",NA,0.155427771798997,0.639203207410359,0.715264563477683
"Maize",40,5,265,"Random (published)",NA,0.159862993699083,0.557359015081724,0.657381292753036
"Maize",40,5,265,"TSOpt default (targeted)",0.22999999999999,0.179182212009923,0.592259188750347,0.715094338307649
"Maize",40,5,265,"TSOpt (untargeted)",0.302000000000007,0.171354417596596,0.585370477186595,0.71269219201664
