"dataset","rep","size","n","method","seconds","cdmean","pa","ndcg10"
"Switchgrass",1,1,45,"TrainSel CDmean (targeted, published)",NA,0.259505370060344,0.62443023175033,0.871854387840978
"Switchgrass",1,1,45,"TrainSel CDmean (untargeted, published)",NA,0.247999409003237,0.652513286992691,0.88451864000906
"Switchgrass",1,1,45,"Random (published)",NA,0.229190756969198,0.634785007833114,0.864632538543572
"Switchgrass",1,1,45,"TSOpt default (targeted)",0.0270000000000437,0.273098411106143,0.673255397627839,0.87646575743637
"Switchgrass",1,1,45,"TSOpt (untargeted)",0.0949999999999704,0.259693389883379,0.631367941076252,0.862210917199856
"Switchgrass",1,2,90,"TrainSel CDmean (targeted, published)",NA,0.315692015995172,0.695051859566009,0.897281511378457
"Switchgrass",1,2,90,"TrainSel CDmean (untargeted, published)",NA,0.288534700868886,0.670112042785393,0.862692240660343
"Switchgrass",1,2,90,"Random (published)",NA,0.266662856557401,0.634163536450804,0.867087972976796
"Switchgrass",1,2,90,"TSOpt default (targeted)",0.04200000000003,0.321050551828246,0.68182078072187,0.87661632562211
"Switchgrass",1,2,90,"TSOpt (untargeted)",0.134999999999991,0.303668121201167,0.67820654819862,0.871706887367296
"Switchgrass",1,3,175,"TrainSel CDmean (targeted, published)",NA,0.352976430652584,0.719566981500718,0.889375390182229
"Switchgrass",1,3,175,"TrainSel CDmean (untargeted, published)",NA,0.31919599227059,0.692321763818951,0.900660864177306
"Switchgrass",1,3,175,"Random (published)",NA,0.315207480666005,0.702446737375161,0.911510920222936
"Switchgrass",1,3,175,"TSOpt default (targeted)",0.115999999999985,0.355255834506991,0.710027118651559,0.895218608029415
"Switchgrass",1,3,175,"TSOpt (untargeted)",0.192000000000007,0.339037784577073,0.693527011228207,0.893429337901437
"Switchgrass",1,4,265,"TrainSel CDmean (targeted, published)",NA,0.368501726921657,0.715412566581181,0.897676966172508
"Switchgrass",1,4,265,"TrainSel CDmean (untargeted, published)",NA,0.335809887841108,0.66282805317266,0.885862073235775
"Switchgrass",1,4,265,"Random (published)",NA,0.347664739212094,0.705481240985664,0.889974771405174
"Switchgrass",1,4,265,"TSOpt default (targeted)",0.225999999999999,0.369380831956384,0.718776961832182,0.895540354724268
"Switchgrass",1,4,265,"TSOpt (untargeted)",0.404999999999973,0.358386933455508,0.704969965058885,0.892625891333551
"Switchgrass",1,5,350,"TrainSel CDmean (targeted, published)",NA,0.374683628276258,0.720126417846449,0.899283928856993
"Switchgrass",1,5,350,"TrainSel CDmean (untargeted, published)",NA,0.359211188206207,0.697785654308324,0.883692881047368
"Switchgrass",1,5,350,"Random (published)",NA,0.364360840258807,0.721382328675901,0.886074311535333
"Switchgrass",1,5,350,"TSOpt default (targeted)",0.44599999999997,0.374948302766971,0.729204032196283,0.891275676668342
"Switchgrass",1,5,350,"TSOpt (untargeted)",0.648000000000025,0.368495729064276,0.715747665075044,0.898133577382066
"Switchgrass",2,1,45,"TrainSel CDmean (targeted, published)",NA,0.210776225802797,0.570463140694037,0.836395129152257
"Switchgrass",2,1,45,"TrainSel CDmean (untargeted, published)",NA,0.184545804829383,0.66201868118677,0.857343287243547
"Switchgrass",2,1,45,"Random (published)",NA,0.169708743734631,0.692701337095593,0.937040816247148
"Switchgrass",2,1,45,"TSOpt default (targeted)",0.0509999999999877,0.222487653921737,0.635136842389681,0.877121374853461
"Switchgrass",2,1,45,"TSOpt (untargeted)",0.0510000000000446,0.201993879071582,0.568166952486154,0.84074036363595
"Switchgrass",2,2,90,"TrainSel CDmean (targeted, published)",NA,0.259652606619442,0.626426838582115,0.841904454282738
"Switchgrass",2,2,90,"TrainSel CDmean (untargeted, published)",NA,0.230382589639372,0.706595863080693,0.915995671932215
"Switchgrass",2,2,90,"Random (published)",NA,0.218323091805244,0.597604122210853,0.821868512541827
"Switchgrass",2,2,90,"TSOpt default (targeted)",0.0409999999999968,0.26727636223217,0.673459999963341,0.88792235058027
"Switchgrass",2,2,90,"TSOpt (untargeted)",0.0909999999999513,0.242550352164022,0.654346221326057,0.906457659992626
"Switchgrass",2,3,175,"TrainSel CDmean (targeted, published)",NA,0.297063083921984,0.699422898896146,0.8926567447793
"Switchgrass",2,3,175,"TrainSel CDmean (untargeted, published)",NA,0.269333238011143,0.701195874869748,0.903904745598511
"Switchgrass",2,3,175,"Random (published)",NA,0.267228861399912,0.650954207052844,0.888081095302285
"Switchgrass",2,3,175,"TSOpt default (targeted)",0.09699999999998,0.299582872993621,0.688570184959468,0.891063166092137
"Switchgrass",2,3,175,"TSOpt (untargeted)",0.225000000000023,0.278670330412503,0.685702383222942,0.896043656520249
"Switchgrass",2,4,265,"TrainSel CDmean (targeted, published)",NA,0.311050486580849,0.693673726784513,0.896918682933118
"Switchgrass",2,4,265,"TrainSel CDmean (untargeted, published)",NA,0.285257422150801,0.703380720653171,0.89519282056349
"Switchgrass",2,4,265,"Random (published)",NA,0.287146044286423,0.71723668983416,0.89382684404796
"Switchgrass",2,4,265,"TSOpt default (targeted)",0.245000000000005,0.311194034662458,0.701424694758897,0.892655787949406
"Switchgrass",2,4,265,"TSOpt (untargeted)",0.410000000000025,0.300083190856685,0.70697476349419,0.891939088109326
"Switchgrass",2,5,350,"TrainSel CDmean (targeted, published)",NA,0.316334066010522,0.70860516864082,0.899819707845895
"Switchgrass",2,5,350,"TrainSel CDmean (untargeted, published)",NA,0.309201064042604,0.709310432805483,0.89163381514355
"Switchgrass",2,5,350,"Random (published)",NA,0.306959542093632,0.717125685801089,0.897435939234674
"Switchgrass",2,5,350,"TSOpt default (targeted)",0.436999999999955,0.316527805550334,0.707832330459869,0.898425137818173
"Switchgrass",2,5,350,"TSOpt (untargeted)",0.670000000000016,0.310995081744439,0.706095715824898,0.883663431726103
"Switchgrass",3,1,45,"TrainSel CDmean (targeted, published)",NA,0.280661390656081,0.676519056819696,0.883946077010812
"Switchgrass",3,1,45,"TrainSel CDmean (untargeted, published)",NA,0.280855295236277,0.717683164059363,0.891081988511812
"Switchgrass",3,1,45,"Random (published)",NA,0.241913259990939,0.56885972833336,0.709486050101746
"Switchgrass",3,1,45,"TSOpt default (targeted)",0.0269999999999868,0.297473207994531,0.687405572714574,0.883764776454014
"Switchgrass",3,1,45,"TSOpt (untargeted)",0.0640000000000214,0.283290199022381,0.697048508874024,0.833417969487456
"Switchgrass",3,2,90,"TrainSel CDmean (targeted, published)",NA,0.339026532335351,0.744368942891212,0.894850628085216
"Switchgrass",3,2,90,"TrainSel CDmean (untargeted, published)",NA,0.323756477996761,0.728121837675641,0.948183077490706
"Switchgrass",3,2,90,"Random (published)",NA,0.298659168719525,0.715389630974458,0.896470530134597
"Switchgrass",3,2,90,"TSOpt default (targeted)",0.0409999999999968,0.344746229484161,0.729108026663517,0.891079195193623
"Switchgrass",3,2,90,"TSOpt (untargeted)",0.100999999999999,0.329040324819766,0.744817500512858,0.937628859320383
"Switchgrass",3,3,175,"TrainSel CDmean (targeted, published)",NA,0.378697980706924,0.758350813936834,0.909036874349349
"Switchgrass",3,3,175,"TrainSel CDmean (untargeted, published)",NA,0.343392572475057,0.74121882289481,0.933976531777595
"Switchgrass",3,3,175,"Random (published)",NA,0.351423457717793,0.756967064992444,0.932618990991011
"Switchgrass",3,3,175,"TSOpt default (targeted)",0.103000000000009,0.38082875150236,0.772089565498621,0.937183259849217
"Switchgrass",3,3,175,"TSOpt (untargeted)",0.223000000000013,0.366363300628874,0.749473116469054,0.956654749651614
"Switchgrass",3,4,265,"TrainSel CDmean (targeted, published)",NA,0.395622143150651,0.779132929809483,0.937235355272562
"Switchgrass",3,4,265,"TrainSel CDmean (untargeted, published)",NA,0.360078639394349,0.731150111817586,0.923606418883564
"Switchgrass",3,4,265,"Random (published)",NA,0.375930517743746,0.765779817991531,0.950442047660051
"Switchgrass",3,4,265,"TSOpt default (targeted)",0.257000000000005,0.396736820174942,0.780065291778383,0.93888490535577
"Switchgrass",3,4,265,"TSOpt (untargeted)",0.468999999999994,0.385466839834572,0.774707299068037,0.946699428333446
"Switchgrass",3,5,350,"TrainSel CDmean (targeted, published)",NA,0.403204591719286,0.781759960431155,0.949842286188832
"Switchgrass",3,5,350,"TrainSel CDmean (untargeted, published)",NA,0.384305378629536,0.759101925892419,0.933436867622903
"Switchgrass",3,5,350,"Random (published)",NA,0.393703277910138,0.774627098895241,0.947257686909527
"Switchgrass",3,5,350,"TSOpt default (targeted)",0.464999999999975,0.40365692629977,0.782852087225403,0.937254904430697
"Switchgrass",3,5,350,"TSOpt (untargeted)",0.673999999999978,0.396348821321261,0.776475012006114,0.945828784476291
"Switchgrass",4,1,45,"TrainSel CDmean (targeted, published)",NA,0.268642482938531,0.62132987334537,0.836300822486288
"Switchgrass",4,1,45,"TrainSel CDmean (untargeted, published)",NA,0.258339655703129,0.622252760145283,0.797607844110323
"Switchgrass",4,1,45,"Random (published)",NA,0.234611115340133,0.655484824443194,0.900374405817849
"Switchgrass",4,1,45,"TSOpt default (targeted)",0.0260000000000105,0.280382334380784,0.67248331772189,0.883944863192433
"Switchgrass",4,1,45,"TSOpt (untargeted)",0.0529999999999973,0.263134128564841,0.649922608498285,0.810143124994018
"Switchgrass",4,2,90,"TrainSel CDmean (targeted, published)",NA,0.321404184864,0.661283712784126,0.837633028339737
"Switchgrass",4,2,90,"TrainSel CDmean (untargeted, published)",NA,0.301195103683168,0.644051700816691,0.828027673256617
"Switchgrass",4,2,90,"Random (published)",NA,0.283162785168703,0.695244699505392,0.857848219104486
"Switchgrass",4,2,90,"TSOpt default (targeted)",0.0529999999999973,0.327603644842241,0.725099396285426,0.886063520893742
"Switchgrass",4,2,90,"TSOpt (untargeted)",0.0889999999999986,0.308094952946818,0.681212601293108,0.876997329619857
"Switchgrass",4,3,175,"TrainSel CDmean (targeted, published)",NA,0.360201839726895,0.745687197513562,0.895108529112127
"Switchgrass",4,3,175,"TrainSel CDmean (untargeted, published)",NA,0.325150715045507,0.714315344915976,0.877914475065621
"Switchgrass",4,3,175,"Random (published)",NA,0.329887483990676,0.737066266729196,0.896916039983048
"Switchgrass",4,3,175,"TSOpt default (targeted)",0.113,0.362647659947841,0.75751564493161,0.90912466477446
"Switchgrass",4,3,175,"TSOpt (untargeted)",0.202999999999975,0.345884734159042,0.710658059044875,0.901327953060141
"Switchgrass",4,4,265,"TrainSel CDmean (targeted, published)",NA,0.375571270343865,0.760477675153713,0.905617131154776
"Switchgrass",4,4,265,"TrainSel CDmean (untargeted, published)",NA,0.33959078202453,0.722589906028144,0.879391473268722
"Switchgrass",4,4,265,"Random (published)",NA,0.35243861867177,0.74867314077584,0.89390703852453
"Switchgrass",4,4,265,"TSOpt default (targeted)",0.242999999999995,0.376645765392128,0.757646566415881,0.90562054065388
"Switchgrass",4,4,265,"TSOpt (untargeted)",0.404999999999973,0.3647118179928,0.740071370163024,0.891314218645285
"Switchgrass",4,5,350,"TrainSel CDmean (targeted, published)",NA,0.382275152834336,0.755977795596289,0.89306674106289
"Switchgrass",4,5,350,"TrainSel CDmean (untargeted, published)",NA,0.366118342762219,0.746274239769736,0.885795826838242
"Switchgrass",4,5,350,"Random (published)",NA,0.3658635370373,0.755696638791624,0.904691980675319
"Switchgrass",4,5,350,"TSOpt default (targeted)",0.465000000000032,0.38223219939651,0.757071762177515,0.894026353299896
"Switchgrass",4,5,350,"TSOpt (untargeted)",0.668000000000006,0.375317178406307,0.752849705914814,0.89558508271429
"Switchgrass",5,1,45,"TrainSel CDmean (targeted, published)",NA,0.303751617234944,0.695038951454826,0.885289711621494
"Switchgrass",5,1,45,"TrainSel CDmean (untargeted, published)",NA,0.303901418121957,0.705189498885908,0.875679184472153
"Switchgrass",5,1,45,"Random (published)",NA,0.273223531108558,0.680739408547444,0.856660237832936
"Switchgrass",5,1,45,"TSOpt default (targeted)",0.0260000000000105,0.328342470156738,0.723099857010429,0.900570254295652
"Switchgrass",5,1,45,"TSOpt (untargeted)",0.0850000000000364,0.297643730792587,0.707869834430074,0.842693114683424
"Switchgrass",5,2,90,"TrainSel CDmean (targeted, published)",NA,0.365148652041159,0.758878549835873,0.906245343339057
"Switchgrass",5,2,90,"TrainSel CDmean (untargeted, published)",NA,0.33182146845829,0.730168494777144,0.932791325802222
"Switchgrass",5,2,90,"Random (published)",NA,0.315372106212552,0.744147640320535,0.937823245263703
"Switchgrass",5,2,90,"TSOpt default (targeted)",0.0389999999999873,0.370024191771366,0.767954988130992,0.939613324914954
"Switchgrass",5,2,90,"TSOpt (untargeted)",0.0910000000000082,0.345616997924647,0.763313793104307,0.935580763519792
"Switchgrass",5,3,175,"TrainSel CDmean (targeted, published)",NA,0.395331611272381,0.784153497656802,0.950269361250168
"Switchgrass",5,3,175,"TrainSel CDmean (untargeted, published)",NA,0.352793544331003,0.76268958381468,0.918607357903143
"Switchgrass",5,3,175,"Random (published)",NA,0.363992592754339,0.752889790144426,0.888972928132936
"Switchgrass",5,3,175,"TSOpt default (targeted)",0.105000000000018,0.396812443671758,0.784331389674021,0.950643980006665
"Switchgrass",5,3,175,"TSOpt (untargeted)",0.199000000000012,0.380930634809587,0.776138842968753,0.946782824089581
"Switchgrass",5,4,265,"TrainSel CDmean (targeted, published)",NA,0.407221422180533,0.793346622654424,0.949659655269614
"Switchgrass",5,4,265,"TrainSel CDmean (untargeted, published)",NA,0.364476671523272,0.761882165927899,0.937138619340426
"Switchgrass",5,4,265,"Random (published)",NA,0.385240757656369,0.785949947582569,0.943487146243416
"Switchgrass",5,4,265,"TSOpt default (targeted)",0.221000000000004,0.407784340205885,0.791110172110754,0.950084110907473
"Switchgrass",5,4,265,"TSOpt (untargeted)",0.41500000000002,0.396606284019968,0.780555414318968,0.939176561948938
"Switchgrass",5,5,350,"TrainSel CDmean (targeted, published)",NA,0.411735254079451,0.788675049880924,0.947816260982159
"Switchgrass",5,5,350,"TrainSel CDmean (untargeted, published)",NA,0.383446062094512,0.765024906939039,0.935241144102411
"Switchgrass",5,5,350,"Random (published)",NA,0.403022027817133,0.784429958262019,0.942949741353854
"Switchgrass",5,5,350,"TSOpt default (targeted)",0.489000000000033,0.411824965808058,0.791053092009278,0.947816260982159
"Switchgrass",5,5,350,"TSOpt (untargeted)",0.706999999999994,0.40690151228569,0.790073282424676,0.945514148526061
"Switchgrass",6,1,45,"TrainSel CDmean (targeted, published)",NA,0.249753609908094,0.686892598271526,0.804461431489214
"Switchgrass",6,1,45,"TrainSel CDmean (untargeted, published)",NA,0.226569737361608,0.625355048166659,0.789456754495475
"Switchgrass",6,1,45,"Random (published)",NA,0.210935694323462,0.639788033586269,0.795899741792523
"Switchgrass",6,1,45,"TSOpt default (targeted)",0.0270000000000437,0.261106672238958,0.689198733478306,0.785836575629975
"Switchgrass",6,1,45,"TSOpt (untargeted)",0.0849999999999795,0.241330767042547,0.675328127774446,0.800356554588914
"Switchgrass",6,2,90,"TrainSel CDmean (targeted, published)",NA,0.299364062423079,0.699182410469319,0.797307876459054
"Switchgrass",6,2,90,"TrainSel CDmean (untargeted, published)",NA,0.272357641743064,0.727220990320826,0.831034853857679
"Switchgrass",6,2,90,"Random (published)",NA,0.257922465887132,0.728753555950159,0.86249911260747
"Switchgrass",6,2,90,"TSOpt default (targeted)",0.0399999999999636,0.304709392416364,0.722695232377241,0.863667862756395
"Switchgrass",6,2,90,"TSOpt (untargeted)",0.0900000000000318,0.288465587005247,0.746996318270056,0.85146106264756
"Switchgrass",6,3,175,"TrainSel CDmean (targeted, published)",NA,0.333430331032133,0.721879587101536,0.811071619086813
"Switchgrass",6,3,175,"TrainSel CDmean (untargeted, published)",NA,0.302389466837474,0.727828175414497,0.858851878654453
"Switchgrass",6,3,175,"Random (published)",NA,0.299049257977046,0.726032344852108,0.821920957176413
"Switchgrass",6,3,175,"TSOpt default (targeted)",0.129999999999995,0.336494575386314,0.753721625279228,0.865753873272696
"Switchgrass",6,3,175,"TSOpt (untargeted)",0.197000000000003,0.320069101273289,0.758245802628637,0.873088055978409
"Switchgrass",6,4,265,"TrainSel CDmean (targeted, published)",NA,0.348906480325081,0.756135408721657,0.863952240428401
"Switchgrass",6,4,265,"TrainSel CDmean (untargeted, published)",NA,0.322108627662888,0.745426080256459,0.871238603375875
"Switchgrass",6,4,265,"Random (published)",NA,0.329904393647874,0.76501823180355,0.890070792464333
"Switchgrass",6,4,265,"TSOpt default (targeted)",0.262999999999977,0.349251413066187,0.762428285746109,0.875893453250021
"Switchgrass",6,4,265,"TSOpt (untargeted)",0.384999999999991,0.338628078962425,0.768032710878148,0.877944395306396
"Switchgrass",6,5,350,"TrainSel CDmean (targeted, published)",NA,0.354942524776221,0.764822777346986,0.880341486155428
"Switchgrass",6,5,350,"TrainSel CDmean (untargeted, published)",NA,0.343737865431032,0.756102318072856,0.860905350182025
"Switchgrass",6,5,350,"Random (published)",NA,0.342449519382042,0.760685581180534,0.86954650375691
"Switchgrass",6,5,350,"TSOpt default (targeted)",0.449999999999989,0.354716843125544,0.761882038365707,0.873679456915569
"Switchgrass",6,5,350,"TSOpt (untargeted)",0.670000000000016,0.34869708445191,0.768216116874265,0.874307277828567
"Switchgrass",7,1,45,"TrainSel CDmean (targeted, published)",NA,0.296981223833973,0.693740954295172,0.847880516310325
"Switchgrass",7,1,45,"TrainSel CDmean (untargeted, published)",NA,0.275011188781801,0.639155987287413,0.837556303329703
"Switchgrass",7,1,45,"Random (published)",NA,0.263289242773327,0.659930394158339,0.809619159423106
"Switchgrass",7,1,45,"TSOpt default (targeted)",0.0260000000000105,0.308703111033806,0.71709959283393,0.839605184803207
"Switchgrass",7,1,45,"TSOpt (untargeted)",0.0500000000000114,0.280386411709738,0.694541716420953,0.840863680759871
"Switchgrass",7,2,90,"TrainSel CDmean (targeted, published)",NA,0.345727602611679,0.71104217255644,0.837692167636756
"Switchgrass",7,2,90,"TrainSel CDmean (untargeted, published)",NA,0.31352690190204,0.725880475004991,0.873365732017188
"Switchgrass",7,2,90,"Random (published)",NA,0.292008708181567,0.694406851983034,0.814842406186067
"Switchgrass",7,2,90,"TSOpt default (targeted)",0.0540000000000305,0.351750711483898,0.739679379794747,0.886392613200615
"Switchgrass",7,2,90,"TSOpt (untargeted)",0.0879999999999654,0.326701080192375,0.729458732276353,0.879730861754819
"Switchgrass",7,3,175,"TrainSel CDmean (targeted, published)",NA,0.378496297127968,0.742027389266069,0.867020948458027
"Switchgrass",7,3,175,"TrainSel CDmean (untargeted, published)",NA,0.338296278181156,0.737180353607389,0.838264351696835
"Switchgrass",7,3,175,"Random (published)",NA,0.34977332981952,0.772639266157784,0.875332137196597
"Switchgrass",7,3,175,"TSOpt default (targeted)",0.111999999999966,0.380720390171217,0.748645599497442,0.877580735863073
"Switchgrass",7,3,175,"TSOpt (untargeted)",0.189000000000021,0.363060059386369,0.745546376798941,0.870905155784109
"Switchgrass",7,4,265,"TrainSel CDmean (targeted, published)",NA,0.391075442642822,0.753750923096163,0.884089189651484
"Switchgrass",7,4,265,"TrainSel CDmean (untargeted, published)",NA,0.353975078981253,0.750758699988995,0.890851373356709
"Switchgrass",7,4,265,"Random (published)",NA,0.370523359885503,0.763547291794484,0.87096238013483
"Switchgrass",7,4,265,"TSOpt default (targeted)",0.297000000000025,0.391751212157674,0.757600420535921,0.877396740459883
"Switchgrass",7,4,265,"TSOpt (untargeted)",0.394000000000005,0.379378647126025,0.758085954673632,0.872292042405551
"Switchgrass",7,5,350,"TrainSel CDmean (targeted, published)",NA,0.395415201953638,0.758859803751095,0.878424921980401
"Switchgrass",7,5,350,"TrainSel CDmean (untargeted, published)",NA,0.377776167090406,0.745465942159328,0.879458901731584
"Switchgrass",7,5,350,"Random (published)",NA,0.38584958636431,0.765597816133267,0.884455082828567
"Switchgrass",7,5,350,"TSOpt default (targeted)",0.475999999999999,0.395313205653391,0.755799824205728,0.886290891537872
"Switchgrass",7,5,350,"TSOpt (untargeted)",0.709000000000003,0.39001768395328,0.760507357147949,0.873080424824071
"Switchgrass",8,1,45,"TrainSel CDmean (targeted, published)",NA,0.250762451931146,0.638232170896423,0.797101603864357
"Switchgrass",8,1,45,"TrainSel CDmean (untargeted, published)",NA,0.234512722421959,0.616251669355151,0.788408816138058
"Switchgrass",8,1,45,"Random (published)",NA,0.215402737412853,0.647375273144353,0.795919048272395
"Switchgrass",8,1,45,"TSOpt default (targeted)",0.0259999999999536,0.262882942069721,0.645042321989416,0.812510637660588
"Switchgrass",8,1,45,"TSOpt (untargeted)",0.0510000000000446,0.248364681375142,0.626736849744403,0.776970652642473
"Switchgrass",8,2,90,"TrainSel CDmean (targeted, published)",NA,0.30746310333151,0.675072096083575,0.827367279843375
"Switchgrass",8,2,90,"TrainSel CDmean (untargeted, published)",NA,0.276998728949274,0.638075871647049,0.810415194718929
"Switchgrass",8,2,90,"Random (published)",NA,0.263358766721545,0.600828195514182,0.778616544687054
"Switchgrass",8,2,90,"TSOpt default (targeted)",0.0409999999999968,0.310603339739293,0.695244202626082,0.851920848237131
"Switchgrass",8,2,90,"TSOpt (untargeted)",0.115000000000009,0.291345418963761,0.698165234534903,0.849565078773151
"Switchgrass",8,3,175,"TrainSel CDmean (targeted, published)",NA,0.340568477553294,0.706102754473513,0.867943611966957
"Switchgrass",8,3,175,"TrainSel CDmean (untargeted, published)",NA,0.305089426821483,0.674938882694316,0.848371432136917
"Switchgrass",8,3,175,"Random (published)",NA,0.306337589093452,0.692151419307596,0.873486496845387
"Switchgrass",8,3,175,"TSOpt default (targeted)",0.0960000000000036,0.342709601736598,0.710024321363462,0.878485036849401
"Switchgrass",8,3,175,"TSOpt (untargeted)",0.216999999999985,0.326997313327784,0.708378610039564,0.859927296357259
"Switchgrass",8,4,265,"TrainSel CDmean (targeted, published)",NA,0.354228256913354,0.718369507606733,0.887012312001439
"Switchgrass",8,4,265,"TrainSel CDmean (untargeted, published)",NA,0.326412953849547,0.696625752305518,0.870815860720078
"Switchgrass",8,4,265,"Random (published)",NA,0.325974427915532,0.697574995764299,0.862571046228061
"Switchgrass",8,4,265,"TSOpt default (targeted)",0.230000000000018,0.355440923925522,0.715050719063935,0.885704070272108
"Switchgrass",8,4,265,"TSOpt (untargeted)",0.403999999999996,0.343561338800619,0.70541559596899,0.866512163853752
"Switchgrass",8,5,350,"TrainSel CDmean (targeted, published)",NA,0.360592306739972,0.717038046179825,0.888424363978193
"Switchgrass",8,5,350,"TrainSel CDmean (untargeted, published)",NA,0.347911965146437,0.710516494328599,0.891986052723195
"Switchgrass",8,5,350,"Random (published)",NA,0.351117901093721,0.702607092509733,0.883025865379262
"Switchgrass",8,5,350,"TSOpt default (targeted)",0.44599999999997,0.360845845996428,0.718352879779739,0.890812937225944
"Switchgrass",8,5,350,"TSOpt (untargeted)",0.650000000000034,0.354630243765866,0.715876865899941,0.869329115347956
"Switchgrass",9,1,45,"TrainSel CDmean (targeted, published)",NA,0.27003401093371,0.725576164055955,0.838011897210036
"Switchgrass",9,1,45,"TrainSel CDmean (untargeted, published)",NA,0.254805761842308,0.693058557907871,0.83907090263954
"Switchgrass",9,1,45,"Random (published)",NA,0.235021015081415,0.706442822028503,0.78584020058413
"Switchgrass",9,1,45,"TSOpt default (targeted)",0.02800000000002,0.281602681930916,0.729831698773413,0.832793811931402
"Switchgrass",9,1,45,"TSOpt (untargeted)",0.0529999999999973,0.261583556668356,0.734809141823121,0.815841031265347
"Switchgrass",9,2,90,"TrainSel CDmean (targeted, published)",NA,0.326096755954337,0.731957732033284,0.828997102565919
"Switchgrass",9,2,90,"TrainSel CDmean (untargeted, published)",NA,0.296154587717435,0.731721265655226,0.826223470086315
"Switchgrass",9,2,90,"Random (published)",NA,0.279874462261698,0.761211930158685,0.822699780601668
"Switchgrass",9,2,90,"TSOpt default (targeted)",0.0529999999999973,0.328763692844518,0.784347363038945,0.899490475439752
"Switchgrass",9,2,90,"TSOpt (untargeted)",0.0930000000000177,0.311751827014059,0.768584064877808,0.901968210810498
"Switchgrass",9,3,175,"TrainSel CDmean (targeted, published)",NA,0.361483629784327,0.803475715422693,0.903517343251879
"Switchgrass",9,3,175,"TrainSel CDmean (untargeted, published)",NA,0.324879153003137,0.772745786376502,0.894064947810903
"Switchgrass",9,3,175,"Random (published)",NA,0.32572103051165,0.775267624845314,0.897570893725198
"Switchgrass",9,3,175,"TSOpt default (targeted)",0.09699999999998,0.36284400806669,0.794447524084227,0.90179338311903
"Switchgrass",9,3,175,"TSOpt (untargeted)",0.211000000000013,0.346019791405047,0.787794179032209,0.895113608586837
"Switchgrass",9,4,265,"TrainSel CDmean (targeted, published)",NA,0.375419237443662,0.80343674033048,0.908862791681629
"Switchgrass",9,4,265,"TrainSel CDmean (untargeted, published)",NA,0.340081815168155,0.784993238588384,0.906323338645092
"Switchgrass",9,4,265,"Random (published)",NA,0.347375039550503,0.803604982617631,0.907332307723962
"Switchgrass",9,4,265,"TSOpt default (targeted)",0.237000000000023,0.375953220498039,0.801657228822363,0.904513398453852
"Switchgrass",9,4,265,"TSOpt (untargeted)",0.372000000000014,0.362986103180355,0.800176815779895,0.895351307866265
"Switchgrass",9,5,350,"TrainSel CDmean (targeted, published)",NA,0.380658709573362,0.802811891242289,0.906751243448413
"Switchgrass",9,5,350,"TrainSel CDmean (untargeted, published)",NA,0.363340614325144,0.794736722737387,0.917470385922369
"Switchgrass",9,5,350,"Random (published)",NA,0.368985910683629,0.797925995857558,0.901020146659541
"Switchgrass",9,5,350,"TSOpt default (targeted)",0.45999999999998,0.380914740563896,0.803220663457211,0.91087389427913
"Switchgrass",9,5,350,"TSOpt (untargeted)",0.694000000000017,0.37357209263393,0.801224554917906,0.902095289884611
"Switchgrass",10,1,45,"TrainSel CDmean (targeted, published)",NA,0.272365859499377,0.62841152579994,0.82553921353534
"Switchgrass",10,1,45,"TrainSel CDmean (untargeted, published)",NA,0.262373691239883,0.614940057066729,0.818837107439687
"Switchgrass",10,1,45,"Random (published)",NA,0.2404068401061,0.623887100403427,0.849365423565185
"Switchgrass",10,1,45,"TSOpt default (targeted)",0.0259999999999536,0.287840515033132,0.680169040777166,0.859210693476363
"Switchgrass",10,1,45,"TSOpt (untargeted)",0.0510000000000446,0.264901329429531,0.663255554566546,0.841484718270644
"Switchgrass",10,2,90,"TrainSel CDmean (targeted, published)",NA,0.324296367715269,0.688588791025451,0.8531982582532
"Switchgrass",10,2,90,"TrainSel CDmean (untargeted, published)",NA,0.29882430213846,0.648143873488502,0.832329313997983
"Switchgrass",10,2,90,"Random (published)",NA,0.276727636117079,0.728351371802695,0.925120225815297
"Switchgrass",10,2,90,"TSOpt default (targeted)",0.0419999999999732,0.328718623149672,0.733782049293342,0.907603284823382
"Switchgrass",10,2,90,"TSOpt (untargeted)",0.115000000000009,0.309645989318229,0.714098626244306,0.899506336549734
"Switchgrass",10,3,175,"TrainSel CDmean (targeted, published)",NA,0.357044119781361,0.751470528992752,0.905483555000916
"Switchgrass",10,3,175,"TrainSel CDmean (untargeted, published)",NA,0.323171285445024,0.738280263857568,0.935014945864138
"Switchgrass",10,3,175,"Random (published)",NA,0.328867684208204,0.724582192060252,0.921736415813866
"Switchgrass",10,3,175,"TSOpt default (targeted)",0.0950000000000273,0.358552636252906,0.758037594706166,0.913040317142099
"Switchgrass",10,3,175,"TSOpt (untargeted)",0.218999999999994,0.342830584536204,0.745078281416302,0.917093368224002
"Switchgrass",10,4,265,"TrainSel CDmean (targeted, published)",NA,0.370382115168099,0.761357818876857,0.903540479845981
"Switchgrass",10,4,265,"TrainSel CDmean (untargeted, published)",NA,0.334974329324634,0.754959828334019,0.915932889439835
"Switchgrass",10,4,265,"Random (published)",NA,0.350223872885898,0.752783039770081,0.922289869799116
"Switchgrass",10,4,265,"TSOpt default (targeted)",0.226999999999975,0.37084257003744,0.760321943788304,0.910801993986483
"Switchgrass",10,4,265,"TSOpt (untargeted)",0.379999999999995,0.360528699362312,0.758353628233339,0.906979403059802
"Switchgrass",10,5,350,"TrainSel CDmean (targeted, published)",NA,0.376263558840208,0.760957399750828,0.91594502458091
"Switchgrass",10,5,350,"TrainSel CDmean (untargeted, published)",NA,0.357450583104748,0.768202125482833,0.917478756069545
"Switchgrass",10,5,350,"Random (published)",NA,0.367391174189245,0.758361690933337,0.917826072551275
"Switchgrass",10,5,350,"TSOpt default (targeted)",0.435000000000002,0.375967435942896,0.765049339042628,0.899157285804041
"Switchgrass",10,5,350,"TSOpt (untargeted)",0.650999999999954,0.370416850605244,0.768104666317223,0.912364801863521
"Switchgrass",11,1,45,"TrainSel CDmean (targeted, published)",NA,0.278031447418535,0.602648347192603,0.811326489141758
"Switchgrass",11,1,45,"TrainSel CDmean (untargeted, published)",NA,0.275784585153928,0.621005197007383,0.785033116981917
"Switchgrass",11,1,45,"Random (published)",NA,0.243468032693517,0.622850394919037,0.855763188592651
"Switchgrass",11,1,45,"TSOpt default (targeted)",0.0259999999999536,0.2947098545046,0.668620816531486,0.852076602022089
"Switchgrass",11,1,45,"TSOpt (untargeted)",0.0510000000000446,0.272007502561736,0.605073994111626,0.715622351784564
"Switchgrass",11,2,90,"TrainSel CDmean (targeted, published)",NA,0.329982338724226,0.656637736865168,0.826489642162948
"Switchgrass",11,2,90,"TrainSel CDmean (untargeted, published)",NA,0.308809574955705,0.680788041755497,0.853726646446153
"Switchgrass",11,2,90,"Random (published)",NA,0.299217929427472,0.655249959161218,0.844035219885313
"Switchgrass",11,2,90,"TSOpt default (targeted)",0.0539999999999736,0.335215800621148,0.698301298210016,0.887119248722218
"Switchgrass",11,2,90,"TSOpt (untargeted)",0.0860000000000127,0.316402045223986,0.677846698681513,0.839650011959151
"Switchgrass",11,3,175,"TrainSel CDmean (targeted, published)",NA,0.363210962059895,0.713240659584766,0.882349900500005
"Switchgrass",11,3,175,"TrainSel CDmean (untargeted, published)",NA,0.328698066392256,0.697826782004172,0.861096248313183
"Switchgrass",11,3,175,"Random (published)",NA,0.337912218173496,0.707326153079443,0.861530271676939
"Switchgrass",11,3,175,"TSOpt default (targeted)",0.0939999999999941,0.364919545952233,0.722649072316642,0.887412754436998
"Switchgrass",11,3,175,"TSOpt (untargeted)",0.20700000000005,0.351468950084734,0.705423028220076,0.874797078753761
"Switchgrass",11,4,265,"TrainSel CDmean (targeted, published)",NA,0.376518123820122,0.726130808797322,0.885466139590568
"Switchgrass",11,4,265,"TrainSel CDmean (untargeted, published)",NA,0.342019623911667,0.721861056684794,0.878395853853871
"Switchgrass",11,4,265,"Random (published)",NA,0.35974565783227,0.707455583673302,0.884324320002459
"Switchgrass",11,4,265,"TSOpt default (targeted)",0.242999999999995,0.377289468417418,0.729721458984677,0.88616770974124
"Switchgrass",11,4,265,"TSOpt (untargeted)",0.394000000000005,0.367708196936283,0.717255680900516,0.874436862662581
"Switchgrass",11,5,350,"TrainSel CDmean (targeted, published)",NA,0.382718129142532,0.727890342543934,0.891446967168032
"Switchgrass",11,5,350,"TrainSel CDmean (untargeted, published)",NA,0.362291244021928,0.719086911737088,0.879534875438804
"Switchgrass",11,5,350,"Random (published)",NA,0.373073269603853,0.713103616630061,0.878018669929846
"Switchgrass",11,5,350,"TSOpt default (targeted)",0.475999999999999,0.383002176393961,0.731090408686792,0.886048727165862
"Switchgrass",11,5,350,"TSOpt (untargeted)",0.651999999999987,0.377690324183609,0.728057622047947,0.892781276696377
"Switchgrass",12,1,45,"TrainSel CDmean (targeted, published)",NA,0.271386949555215,0.709114608115958,0.855399066813238
"Switchgrass",12,1,45,"TrainSel CDmean (untargeted, published)",NA,0.265226692545612,0.692960098557541,0.841922301226134
"Switchgrass",12,1,45,"Random (published)",NA,0.206335908642183,0.611657529144877,0.890751939132693
"Switchgrass",12,1,45,"TSOpt default (targeted)",0.0260000000000105,0.284077275069246,0.715551358717691,0.921379871855082
"Switchgrass",12,1,45,"TSOpt (untargeted)",0.0509999999999877,0.26214489921873,0.681485285857489,0.841784943469728
"Switchgrass",12,2,90,"TrainSel CDmean (targeted, published)",NA,0.321944686503955,0.71739897344942,0.847228503974874
"Switchgrass",12,2,90,"TrainSel CDmean (untargeted, published)",NA,0.299323027264153,0.711035918168433,0.914001716377089
"Switchgrass",12,2,90,"Random (published)",NA,0.279404837739577,0.729148356261912,0.923826349431966
"Switchgrass",12,2,90,"TSOpt default (targeted)",0.0419999999999732,0.327341784934151,0.740253607745504,0.923791565456425
"Switchgrass",12,2,90,"TSOpt (untargeted)",0.108000000000004,0.310384898452129,0.744553913926006,0.918463339112069
"Switchgrass",12,3,175,"TrainSel CDmean (targeted, published)",NA,0.356689317837375,0.75594113479364,0.919513619898359
"Switchgrass",12,3,175,"TrainSel CDmean (untargeted, published)",NA,0.324808142220741,0.749625172940637,0.916810229713923
"Switchgrass",12,3,175,"Random (published)",NA,0.327753655930876,0.702164694154899,0.833107623985996
"Switchgrass",12,3,175,"TSOpt default (targeted)",0.0939999999999941,0.359274696958026,0.756985948884944,0.919952953611237
"Switchgrass",12,3,175,"TSOpt (untargeted)",0.221000000000004,0.345533667228953,0.75302966503161,0.916709912226202
"Switchgrass",12,4,265,"TrainSel CDmean (targeted, published)",NA,0.371807392780883,0.761934237379453,0.920248592192782
"Switchgrass",12,4,265,"TrainSel CDmean (untargeted, published)",NA,0.338946345217905,0.750423582001397,0.91226387786421
"Switchgrass",12,4,265,"Random (published)",NA,0.351535404615856,0.75669542168923,0.933061127982045
"Switchgrass",12,4,265,"TSOpt default (targeted)",0.229999999999961,0.372430661329517,0.758599214627712,0.93083388118416
"Switchgrass",12,4,265,"TSOpt (untargeted)",0.403999999999996,0.361579598522614,0.760733104722037,0.920449852659222
"Switchgrass",12,5,350,"TrainSel CDmean (targeted, published)",NA,0.37776804963525,0.763301111983267,0.9227634332364
"Switchgrass",12,5,350,"TrainSel CDmean (untargeted, published)",NA,0.360710651676892,0.765775707859209,0.923431696325103
"Switchgrass",12,5,350,"Random (published)",NA,0.369353075995109,0.746132515132551,0.9179986469164
"Switchgrass",12,5,350,"TSOpt default (targeted)",0.442000000000007,0.377812543570601,0.762713106405845,0.922793567460094
"Switchgrass",12,5,350,"TSOpt (untargeted)",0.646999999999991,0.372411932729594,0.761682421919909,0.920039878355098
"Switchgrass",13,1,45,"TrainSel CDmean (targeted, published)",NA,0.250905809689317,0.640155338135208,0.850186385613345
"Switchgrass",13,1,45,"TrainSel CDmean (untargeted, published)",NA,0.233655099706162,0.672265105421574,0.84540772175724
"Switchgrass",13,1,45,"Random (published)",NA,0.227452314324769,0.704420207540258,0.857560180550857
"Switchgrass",13,1,45,"TSOpt default (targeted)",0.0389999999999873,0.263725622044955,0.684650572907582,0.86824144711942
"Switchgrass",13,1,45,"TSOpt (untargeted)",0.049000000000035,0.242759232500445,0.676516731300589,0.849873596414795
"Switchgrass",13,2,90,"TrainSel CDmean (targeted, published)",NA,0.303572399013299,0.702530554690382,0.857554566442385
"Switchgrass",13,2,90,"TrainSel CDmean (untargeted, published)",NA,0.276872864819673,0.706921979964071,0.896951338638829
"Switchgrass",13,2,90,"Random (published)",NA,0.271060287931514,0.686973651157697,0.853617566580174
"Switchgrass",13,2,90,"TSOpt default (targeted)",0.0399999999999636,0.307545059731887,0.722548756728535,0.903520992475123
"Switchgrass",13,2,90,"TSOpt (untargeted)",0.0889999999999986,0.289476379947859,0.694903578670241,0.893487672864618
"Switchgrass",13,3,175,"TrainSel CDmean (targeted, published)",NA,0.336578495497209,0.72985596772809,0.897348992903832
"Switchgrass",13,3,175,"TrainSel CDmean (untargeted, published)",NA,0.306976806388263,0.7356011039829,0.915099178810108
"Switchgrass",13,3,175,"Random (published)",NA,0.297618381313125,0.707281116658568,0.890191014075267
"Switchgrass",13,3,175,"TSOpt default (targeted)",0.106000000000051,0.3397159824609,0.736341405345947,0.906481902295236
"Switchgrass",13,3,175,"TSOpt (untargeted)",0.210999999999956,0.323351521495738,0.722350638155509,0.892154320434697
"Switchgrass",13,4,265,"TrainSel CDmean (targeted, published)",NA,0.351948512840298,0.737523012894933,0.899987371552229
"Switchgrass",13,4,265,"TrainSel CDmean (untargeted, published)",NA,0.323794037079164,0.739506941120053,0.918241559368427
"Switchgrass",13,4,265,"Random (published)",NA,0.333041954816723,0.735480667422943,0.906294044513021
"Switchgrass",13,4,265,"TSOpt default (targeted)",0.245000000000005,0.353221913635909,0.739118693821738,0.904723656752216
"Switchgrass",13,4,265,"TSOpt (untargeted)",0.402999999999963,0.342239187393911,0.735516740819999,0.894237269402541
"Switchgrass",13,5,350,"TrainSel CDmean (targeted, published)",NA,0.358210133134472,0.739239858115105,0.895364679822898
"Switchgrass",13,5,350,"TrainSel CDmean (untargeted, published)",NA,0.347233095326487,0.741027773083181,0.896519842475958
"Switchgrass",13,5,350,"Random (published)",NA,0.344994095645816,0.752207805847809,0.903230174139128
"Switchgrass",13,5,350,"TSOpt default (targeted)",0.45799999999997,0.358810260382164,0.741468827193385,0.903327937837744
"Switchgrass",13,5,350,"TSOpt (untargeted)",0.668000000000006,0.352351675533031,0.739681387119832,0.89463310222445
"Switchgrass",14,1,45,"TrainSel CDmean (targeted, published)",NA,0.223717109159148,0.6841056442242,0.891916963201801
"Switchgrass",14,1,45,"TrainSel CDmean (untargeted, published)",NA,0.194251299414352,0.672948723121067,0.878491804929558
"Switchgrass",14,1,45,"Random (published)",NA,0.177219187094178,0.664485747238006,0.874204847779235
"Switchgrass",14,1,45,"TSOpt default (targeted)",0.0269999999999868,0.23478594191853,0.682782614137132,0.85964507974154
"Switchgrass",14,1,45,"TSOpt (untargeted)",0.0520000000000209,0.21231729251531,0.689016847127599,0.868415169262306
"Switchgrass",14,2,90,"TrainSel CDmean (targeted, published)",NA,0.277037008988961,0.714909876551161,0.898496599739066
"Switchgrass",14,2,90,"TrainSel CDmean (untargeted, published)",NA,0.245710104883446,0.724866340890383,0.932784390129183
"Switchgrass",14,2,90,"Random (published)",NA,0.228198412204646,0.690084622784091,0.891761922370653
"Switchgrass",14,2,90,"TSOpt default (targeted)",0.0589999999999691,0.282219409800915,0.724938554586132,0.886835412161106
"Switchgrass",14,2,90,"TSOpt (untargeted)",0.0880000000000223,0.258852893495312,0.72194111730165,0.934027027232677
"Switchgrass",14,3,175,"TrainSel CDmean (targeted, published)",NA,0.312402615137017,0.75051731453369,0.929818264499075
"Switchgrass",14,3,175,"TrainSel CDmean (untargeted, published)",NA,0.283686257645765,0.739880641121658,0.946213894179466
"Switchgrass",14,3,175,"Random (published)",NA,0.269822821353556,0.742839401451293,0.942800552644798
"Switchgrass",14,3,175,"TSOpt default (targeted)",0.124000000000024,0.315053554579087,0.757087468079168,0.943174681383187
"Switchgrass",14,3,175,"TSOpt (untargeted)",0.189999999999998,0.296265308775585,0.723118430488013,0.939879917620513
"Switchgrass",14,4,265,"TrainSel CDmean (targeted, published)",NA,0.326737959612782,0.759945391200732,0.94885707860835
"Switchgrass",14,4,265,"TrainSel CDmean (untargeted, published)",NA,0.303024383230389,0.751475648136479,0.938718274085856
"Switchgrass",14,4,265,"Random (published)",NA,0.298191108100666,0.75913526637208,0.940918275068485
"Switchgrass",14,4,265,"TSOpt default (targeted)",0.240000000000009,0.327752941924793,0.767936593782129,0.942674559620143
"Switchgrass",14,4,265,"TSOpt (untargeted)",0.379000000000019,0.315807444820761,0.748206109959338,0.952076973674269
"Switchgrass",14,5,350,"TrainSel CDmean (targeted, published)",NA,0.332134927957471,0.76317214075471,0.939852143478464
"Switchgrass",14,5,350,"TrainSel CDmean (untargeted, published)",NA,0.32362010059473,0.755669666322171,0.952809755030725
"Switchgrass",14,5,350,"Random (published)",NA,0.320977023575176,0.764895667575519,0.947979132231063
"Switchgrass",14,5,350,"TSOpt default (targeted)",0.436000000000035,0.332143188074737,0.764568830388921,0.938309829476064
"Switchgrass",14,5,350,"TSOpt (untargeted)",0.646999999999991,0.326541061370057,0.759727263180312,0.948579518985288
"Switchgrass",15,1,45,"TrainSel CDmean (targeted, published)",NA,0.248521648621168,0.593074553620609,0.819127555752839
"Switchgrass",15,1,45,"TrainSel CDmean (untargeted, published)",NA,0.237472096561086,0.641319489207532,0.809399877302175
"Switchgrass",15,1,45,"Random (published)",NA,0.215675584464638,0.703355682782542,0.867392100964917
"Switchgrass",15,1,45,"TSOpt default (targeted)",0.0260000000000105,0.26299736446011,0.669671454386509,0.838835156051019
"Switchgrass",15,1,45,"TSOpt (untargeted)",0.0500000000000114,0.248895930423337,0.605031849828691,0.80327885215996
"Switchgrass",15,2,90,"TrainSel CDmean (targeted, published)",NA,0.302699949124372,0.664540845562742,0.855027072278891
"Switchgrass",15,2,90,"TrainSel CDmean (untargeted, published)",NA,0.275871328963592,0.67152586763732,0.848886346558651
"Switchgrass",15,2,90,"Random (published)",NA,0.261083379480039,0.679170054205794,0.86575617807967
"Switchgrass",15,2,90,"TSOpt default (targeted)",0.0389999999999873,0.306377264462776,0.697196820424239,0.857089385794863
"Switchgrass",15,2,90,"TSOpt (untargeted)",0.100999999999999,0.288292818266741,0.631119813023433,0.83101095838249
"Switchgrass",15,3,175,"TrainSel CDmean (targeted, published)",NA,0.335893745839351,0.711986303103638,0.870978531466899
"Switchgrass",15,3,175,"TrainSel CDmean (untargeted, published)",NA,0.302720346597738,0.730926063786469,0.882679041088307
"Switchgrass",15,3,175,"Random (published)",NA,0.30378018502944,0.691166064761089,0.888562319595338
"Switchgrass",15,3,175,"TSOpt default (targeted)",0.0910000000000082,0.337625253049883,0.723731434190849,0.887674608195001
"Switchgrass",15,3,175,"TSOpt (untargeted)",0.224999999999966,0.322600440645963,0.700710342514989,0.865972208935107
"Switchgrass",15,4,265,"TrainSel CDmean (targeted, published)",NA,0.350169062089109,0.717320760634849,0.882738600745218
"Switchgrass",15,4,265,"TrainSel CDmean (untargeted, published)",NA,0.320212893335163,0.709132654916871,0.866826176133009
"Switchgrass",15,4,265,"Random (published)",NA,0.332585071519532,0.713277607188532,0.868410350669056
"Switchgrass",15,4,265,"TSOpt default (targeted)",0.238,0.350904869628932,0.721918370753784,0.879908311233417
"Switchgrass",15,4,265,"TSOpt (untargeted)",0.396999999999991,0.340199991350895,0.711000196888064,0.858371267676457
"Switchgrass",15,5,350,"TrainSel CDmean (targeted, published)",NA,0.356169612729188,0.718017044301648,0.880948653440721
"Switchgrass",15,5,350,"TrainSel CDmean (untargeted, published)",NA,0.34447477877958,0.722720280176911,0.862918948938504
"Switchgrass",15,5,350,"Random (published)",NA,0.34034956170785,0.730688027122569,0.87065734499476
"Switchgrass",15,5,350,"TSOpt default (targeted)",0.434000000000026,0.356287044425455,0.721438917422269,0.88348101992256
"Switchgrass",15,5,350,"TSOpt (untargeted)",0.659999999999968,0.350468124708629,0.717965978365727,0.855618799659019
"Switchgrass",16,1,45,"TrainSel CDmean (targeted, published)",NA,0.241837587705668,0.608756938644268,0.79595801140687
"Switchgrass",16,1,45,"TrainSel CDmean (untargeted, published)",NA,0.226945398116897,0.588175279860457,0.77160852294406
"Switchgrass",16,1,45,"Random (published)",NA,0.20835968344449,0.624483867316394,0.823870872173847
"Switchgrass",16,1,45,"TSOpt default (targeted)",0.02800000000002,0.251569036183442,0.665437975127145,0.841201383379329
"Switchgrass",16,1,45,"TSOpt (untargeted)",0.0699999999999932,0.236670773764435,0.597119694010251,0.765574178390647
"Switchgrass",16,2,90,"TrainSel CDmean (targeted, published)",NA,0.292164893583342,0.648795046514037,0.803140828901768
"Switchgrass",16,2,90,"TrainSel CDmean (untargeted, published)",NA,0.264781059243578,0.613725536574151,0.808024445357173
"Switchgrass",16,2,90,"Random (published)",NA,0.249327954676776,0.624421426156943,0.862842084178325
"Switchgrass",16,2,90,"TSOpt default (targeted)",0.0409999999999968,0.296699477621688,0.683750768434198,0.844604325762886
"Switchgrass",16,2,90,"TSOpt (untargeted)",0.0930000000000177,0.276989639262999,0.663376650508929,0.831995488990765
"Switchgrass",16,3,175,"TrainSel CDmean (targeted, published)",NA,0.325564464642162,0.706604578842556,0.860339948758029
"Switchgrass",16,3,175,"TrainSel CDmean (untargeted, published)",NA,0.291368439991627,0.696714998677545,0.867087568491182
"Switchgrass",16,3,175,"Random (published)",NA,0.294995000651875,0.67189328626105,0.881598275018073
"Switchgrass",16,3,175,"TSOpt default (targeted)",0.111999999999966,0.328448603315296,0.719071323513083,0.869316666457786
"Switchgrass",16,3,175,"TSOpt (untargeted)",0.194999999999993,0.310788887948028,0.695630671728775,0.871294751435797
"Switchgrass",16,4,265,"TrainSel CDmean (targeted, published)",NA,0.341196725400008,0.722768082971414,0.883995248179973
"Switchgrass",16,4,265,"TrainSel CDmean (untargeted, published)",NA,0.313131707304277,0.713348806875998,0.870434695857897
"Switchgrass",16,4,265,"Random (published)",NA,0.32230507127147,0.701276117496254,0.886893832585632
"Switchgrass",16,4,265,"TSOpt default (targeted)",0.249000000000024,0.34126482168959,0.723829399081377,0.885331118396946
"Switchgrass",16,4,265,"TSOpt (untargeted)",0.391999999999996,0.328743771800781,0.717595321573529,0.891997563558252
"Switchgrass",16,5,350,"TrainSel CDmean (targeted, published)",NA,0.346693598433525,0.725531543674596,0.881954069232559
"Switchgrass",16,5,350,"TrainSel CDmean (untargeted, published)",NA,0.334409504032069,0.723712507490572,0.867641123219047
"Switchgrass",16,5,350,"Random (published)",NA,0.336512061330669,0.706032181341601,0.886523900255053
"Switchgrass",16,5,350,"TSOpt default (targeted)",0.432999999999993,0.346713358710621,0.733057786929511,0.880419441059263
"Switchgrass",16,5,350,"TSOpt (untargeted)",0.650000000000034,0.339905526734861,0.723008338221151,0.866523275276067
"Switchgrass",17,1,45,"TrainSel CDmean (targeted, published)",NA,0.296574497901928,0.601471867962096,0.824616197595909
"Switchgrass",17,1,45,"TrainSel CDmean (untargeted, published)",NA,0.277217417916204,0.63039471963989,0.796688316225324
"Switchgrass",17,1,45,"Random (published)",NA,0.254120050866075,0.658052241537187,0.855209588543908
"Switchgrass",17,1,45,"TSOpt default (targeted)",0.0289999999999964,0.30739036696578,0.628502866155336,0.786094871752033
"Switchgrass",17,1,45,"TSOpt (untargeted)",0.144999999999982,0.283237641268088,0.633066139905307,0.799651988976852
"Switchgrass",17,2,90,"TrainSel CDmean (targeted, published)",NA,0.346450593008836,0.639986292294315,0.826315938668962
"Switchgrass",17,2,90,"TrainSel CDmean (untargeted, published)",NA,0.314249761017339,0.68986244567929,0.857903864322399
"Switchgrass",17,2,90,"Random (published)",NA,0.304094993746399,0.667563310840891,0.83694017528484
"Switchgrass",17,2,90,"TSOpt default (targeted)",0.0439999999999827,0.352347066867874,0.670035033181762,0.862017546996929
"Switchgrass",17,2,90,"TSOpt (untargeted)",0.0950000000000273,0.331580401793721,0.681245568921644,0.825128470503018
"Switchgrass",17,3,175,"TrainSel CDmean (targeted, published)",NA,0.382459593050066,0.676167252314152,0.848287331763959
"Switchgrass",17,3,175,"TrainSel CDmean (untargeted, published)",NA,0.341244614777435,0.667085651287831,0.831570045853977
"Switchgrass",17,3,175,"Random (published)",NA,0.335386652694559,0.688936684260301,0.870553969139266
"Switchgrass",17,3,175,"TSOpt default (targeted)",0.126999999999953,0.382812091333655,0.692716140545236,0.859730382069829
"Switchgrass",17,3,175,"TSOpt (untargeted)",0.201000000000022,0.367567134350645,0.691835487209889,0.85526271576484
"Switchgrass",17,4,265,"TrainSel CDmean (targeted, published)",NA,0.395722557665962,0.691267603297116,0.863237285998003
"Switchgrass",17,4,265,"TrainSel CDmean (untargeted, published)",NA,0.355550641699398,0.666219434885229,0.854682286326886
"Switchgrass",17,4,265,"Random (published)",NA,0.371296289298832,0.685085721381783,0.847654914495141
"Switchgrass",17,4,265,"TSOpt default (targeted)",0.276999999999987,0.395511151022276,0.691644573753703,0.863258974826219
"Switchgrass",17,4,265,"TSOpt (untargeted)",0.408999999999992,0.385034281528372,0.695313699733073,0.862464770071152
"Switchgrass",17,5,350,"TrainSel CDmean (targeted, published)",NA,0.401104387633385,0.699555421363679,0.865068207999251
"Switchgrass",17,5,350,"TrainSel CDmean (untargeted, published)",NA,0.378727906207876,0.691759031715735,0.858941923663186
"Switchgrass",17,5,350,"Random (published)",NA,0.383520515150728,0.719438293157718,0.88306155804215
"Switchgrass",17,5,350,"TSOpt default (targeted)",0.45999999999998,0.400912129264776,0.700605263781755,0.865109358035416
"Switchgrass",17,5,350,"TSOpt (untargeted)",0.703000000000031,0.395719539902019,0.701729090991735,0.855470749400785
"Switchgrass",18,1,45,"TrainSel CDmean (targeted, published)",NA,0.247530805563872,0.637498378082197,0.860782068758611
"Switchgrass",18,1,45,"TrainSel CDmean (untargeted, published)",NA,0.239877875542034,0.645739604433811,0.841638807701237
"Switchgrass",18,1,45,"Random (published)",NA,0.22479159394156,0.669926265953709,0.870378909199211
"Switchgrass",18,1,45,"TSOpt default (targeted)",0.049000000000035,0.259921440566631,0.689902394028308,0.883369359691337
"Switchgrass",18,1,45,"TSOpt (untargeted)",0.0509999999999877,0.243619018643489,0.656503318588998,0.869904663934713
"Switchgrass",18,2,90,"TrainSel CDmean (targeted, published)",NA,0.29999157193039,0.698485515995262,0.880748772345008
"Switchgrass",18,2,90,"TrainSel CDmean (untargeted, published)",NA,0.279670185089978,0.689752643618568,0.867722409120464
"Switchgrass",18,2,90,"Random (published)",NA,0.26435105784338,0.643813588201603,0.865091129724203
"Switchgrass",18,2,90,"TSOpt default (targeted)",0.04200000000003,0.306658983843126,0.696468242404013,0.880327767462491
"Switchgrass",18,2,90,"TSOpt (untargeted)",0.0949999999999704,0.287033140407996,0.669307052667679,0.86921785668892
"Switchgrass",18,3,175,"TrainSel CDmean (targeted, published)",NA,0.338298965060737,0.707377356918197,0.882923400863048
"Switchgrass",18,3,175,"TrainSel CDmean (untargeted, published)",NA,0.306272661700695,0.686471460651414,0.881263089046454
"Switchgrass",18,3,175,"Random (published)",NA,0.305026160197053,0.687683197159822,0.878057653183778
"Switchgrass",18,3,175,"TSOpt default (targeted)",0.0949999999999704,0.340956419342401,0.714823255421248,0.877860236250586
"Switchgrass",18,3,175,"TSOpt (untargeted)",0.22199999999998,0.323496091554853,0.695187374840136,0.89150472882503
"Switchgrass",18,4,265,"TrainSel CDmean (targeted, published)",NA,0.354517614913506,0.710637870093501,0.873421223616626
"Switchgrass",18,4,265,"TrainSel CDmean (untargeted, published)",NA,0.322777298245952,0.706943502929,0.879463975813709
"Switchgrass",18,4,265,"Random (published)",NA,0.337953482428351,0.708049589254659,0.89667505694347
"Switchgrass",18,4,265,"TSOpt default (targeted)",0.233000000000004,0.355778541062697,0.715700489476168,0.873464108827543
"Switchgrass",18,4,265,"TSOpt (untargeted)",0.387999999999977,0.343421157918985,0.705765919974364,0.881967369725626
"Switchgrass",18,5,350,"TrainSel CDmean (targeted, published)",NA,0.361263671983341,0.712108413588308,0.873770407765217
"Switchgrass",18,5,350,"TrainSel CDmean (untargeted, published)",NA,0.350646472861724,0.71226249462145,0.874888387244164
"Switchgrass",18,5,350,"Random (published)",NA,0.350223781315977,0.714568110670006,0.892516361976838
"Switchgrass",18,5,350,"TSOpt default (targeted)",0.430000000000007,0.36171101902514,0.718980784963187,0.877922783530825
"Switchgrass",18,5,350,"TSOpt (untargeted)",0.699000000000012,0.354847254532205,0.712561458811605,0.884821432755949
"Switchgrass",19,1,45,"TrainSel CDmean (targeted, published)",NA,0.273717782926172,0.574238388362239,0.827090948959207
"Switchgrass",19,1,45,"TrainSel CDmean (untargeted, published)",NA,0.265723970792784,0.605983121699933,0.777043121633645
"Switchgrass",19,1,45,"Random (published)",NA,0.253185361590356,0.625273061753274,0.891202063564233
"Switchgrass",19,1,45,"TSOpt default (targeted)",0.02800000000002,0.288550700694921,0.577276039682299,0.787138059638754
"Switchgrass",19,1,45,"TSOpt (untargeted)",0.0520000000000209,0.271687255670403,0.584790101609477,0.753703257626544
"Switchgrass",19,2,90,"TrainSel CDmean (targeted, published)",NA,0.331949955510283,0.619696245509733,0.842398116958995
"Switchgrass",19,2,90,"TrainSel CDmean (untargeted, published)",NA,0.305494547304078,0.664103717988503,0.862597402652711
"Switchgrass",19,2,90,"Random (published)",NA,0.290441103088118,0.698752562105323,0.854207225477259
"Switchgrass",19,2,90,"TSOpt default (targeted)",0.0419999999999732,0.336996359659908,0.622935738305742,0.830918761226455
"Switchgrass",19,2,90,"TSOpt (untargeted)",0.123000000000047,0.31875839785604,0.639937720455708,0.857328256926866
"Switchgrass",19,3,175,"TrainSel CDmean (targeted, published)",NA,0.369913802303502,0.675752552621829,0.87124961447602
"Switchgrass",19,3,175,"TrainSel CDmean (untargeted, published)",NA,0.331052389151052,0.702001715891598,0.84170068326407
"Switchgrass",19,3,175,"Random (published)",NA,0.338751126711692,0.700697878773698,0.890303673575625
"Switchgrass",19,3,175,"TSOpt default (targeted)",0.0979999999999563,0.371088294631268,0.684050635070974,0.882478317484761
"Switchgrass",19,3,175,"TSOpt (untargeted)",0.227000000000032,0.355339731029789,0.684360150407624,0.868194264430819
"Switchgrass",19,4,265,"TrainSel CDmean (targeted, published)",NA,0.384212664852632,0.697672967778593,0.873741042443085
"Switchgrass",19,4,265,"TrainSel CDmean (untargeted, published)",NA,0.347388160888542,0.700348590005728,0.861389677921072
"Switchgrass",19,4,265,"Random (published)",NA,0.356890253333617,0.719728232469572,0.894769639763787
"Switchgrass",19,4,265,"TSOpt default (targeted)",0.240999999999985,0.385125118885879,0.692546045061749,0.862598935637098
"Switchgrass",19,4,265,"TSOpt (untargeted)",0.399000000000001,0.374226999064822,0.698251339772244,0.86636337972767
"Switchgrass",19,5,350,"TrainSel CDmean (targeted, published)",NA,0.391041821054299,0.700886728185326,0.860249407704624
"Switchgrass",19,5,350,"TrainSel CDmean (untargeted, published)",NA,0.373535416114499,0.695133500111087,0.847779152163521
"Switchgrass",19,5,350,"Random (published)",NA,0.38003745907645,0.697194718239604,0.860209795482442
"Switchgrass",19,5,350,"TSOpt default (targeted)",0.460000000000036,0.391021933570386,0.699445753152354,0.860249407704624
"Switchgrass",19,5,350,"TSOpt (untargeted)",0.67999999999995,0.384169493437419,0.697327330854521,0.861544470162025
"Switchgrass",20,1,45,"TrainSel CDmean (targeted, published)",NA,0.256337280584692,0.659308016865395,0.83935407321242
"Switchgrass",20,1,45,"TrainSel CDmean (untargeted, published)",NA,0.235265609441557,0.641678496464472,0.832143276408598
"Switchgrass",20,1,45,"Random (published)",NA,0.231919789846894,0.675879948603554,0.884117168932
"Switchgrass",20,1,45,"TSOpt default (targeted)",0.0279999999999632,0.269273122374126,0.686970803949373,0.82308423468227
"Switchgrass",20,1,45,"TSOpt (untargeted)",0.0690000000000168,0.250567460162131,0.655681046346739,0.811047406976168
"Switchgrass",20,2,90,"TrainSel CDmean (targeted, published)",NA,0.307129596847717,0.706590433619784,0.840266802975906
"Switchgrass",20,2,90,"TrainSel CDmean (untargeted, published)",NA,0.276858082398989,0.698800416291858,0.875605282237537
"Switchgrass",20,2,90,"Random (published)",NA,0.269126092081741,0.703917548472949,0.857944646661028
"Switchgrass",20,2,90,"TSOpt default (targeted)",0.0489999999999782,0.311524100691833,0.724579127730993,0.849209885539938
"Switchgrass",20,2,90,"TSOpt (untargeted)",0.100000000000023,0.290600076358312,0.728387357921344,0.889632995656177
"Switchgrass",20,3,175,"TrainSel CDmean (targeted, published)",NA,0.339787812618334,0.754852692168776,0.916870950708729
"Switchgrass",20,3,175,"TrainSel CDmean (untargeted, published)",NA,0.304989409787889,0.743722241182905,0.876637319288972
"Switchgrass",20,3,175,"Random (published)",NA,0.302227879130705,0.74166878001125,0.869742367537485
"Switchgrass",20,3,175,"TSOpt default (targeted)",0.130999999999972,0.341200850198719,0.773370187641901,0.894281823327999
"Switchgrass",20,3,175,"TSOpt (untargeted)",0.220000000000027,0.327181560250232,0.763649376563059,0.90371585738792
"Switchgrass",20,4,265,"TrainSel CDmean (targeted, published)",NA,0.353368094668513,0.772998291837826,0.90038017572991
"Switchgrass",20,4,265,"TrainSel CDmean (untargeted, published)",NA,0.32136151336252,0.75255345609474,0.889942432832692
"Switchgrass",20,4,265,"Random (published)",NA,0.330553377443073,0.755373062389083,0.897951699773167
"Switchgrass",20,4,265,"TSOpt default (targeted)",0.225000000000023,0.353608376982333,0.780624862511533,0.882641922877491
"Switchgrass",20,4,265,"TSOpt (untargeted)",0.416999999999973,0.344317111732163,0.775530884035677,0.888611931602604
"Switchgrass",20,5,350,"TrainSel CDmean (targeted, published)",NA,0.359227494252528,0.773969660503478,0.892356697852209
"Switchgrass",20,5,350,"TrainSel CDmean (untargeted, published)",NA,0.345077194032199,0.77029190088294,0.893917619875014
"Switchgrass",20,5,350,"Random (published)",NA,0.348841921713237,0.772237548721522,0.894087495388569
"Switchgrass",20,5,350,"TSOpt default (targeted)",0.43199999999996,0.359395517367377,0.779977889039588,0.888623786326142
"Switchgrass",20,5,350,"TSOpt (untargeted)",0.715000000000032,0.353737620092118,0.775263457644169,0.881583613394599
"Switchgrass",21,1,45,"TrainSel CDmean (targeted, published)",NA,0.285093196738303,0.653525632329334,0.848041963907712
"Switchgrass",21,1,45,"TrainSel CDmean (untargeted, published)",NA,0.272607663502855,0.631706372044002,0.835158642685215
"Switchgrass",21,1,45,"Random (published)",NA,0.256428691404389,0.61856055500597,0.841907929423243
"Switchgrass",21,1,45,"TSOpt default (targeted)",0.0289999999999964,0.29698083152844,0.68350525412775,0.865656817908507
"Switchgrass",21,1,45,"TSOpt (untargeted)",0.0790000000000077,0.273838326170016,0.686663874416602,0.837078325575362
"Switchgrass",21,2,90,"TrainSel CDmean (targeted, published)",NA,0.339330101490625,0.678815517889234,0.85841977561902
"Switchgrass",21,2,90,"TrainSel CDmean (untargeted, published)",NA,0.31281344330844,0.648876391409417,0.847891450501972
"Switchgrass",21,2,90,"Random (published)",NA,0.297676983394252,0.629910820157487,0.864445061676392
"Switchgrass",21,2,90,"TSOpt default (targeted)",0.0409999999999968,0.345404656421378,0.697709954272207,0.86489476764727
"Switchgrass",21,2,90,"TSOpt (untargeted)",0.0939999999999941,0.322052949707432,0.675171119315643,0.831809216460662
"Switchgrass",21,3,175,"TrainSel CDmean (targeted, published)",NA,0.37655411672001,0.691778232709941,0.863371541299664
"Switchgrass",21,3,175,"TrainSel CDmean (untargeted, published)",NA,0.334912860941711,0.681103947254211,0.890275527585542
"Switchgrass",21,3,175,"Random (published)",NA,0.343574816959792,0.706627162700826,0.856343112737109
"Switchgrass",21,3,175,"TSOpt default (targeted)",0.115999999999985,0.379239274614783,0.698352615091734,0.858474990169962
"Switchgrass",21,3,175,"TSOpt (untargeted)",0.197999999999979,0.360386929965187,0.695337144303196,0.883452830580732
"Switchgrass",21,4,265,"TrainSel CDmean (targeted, published)",NA,0.39121994605911,0.705349894776616,0.850578112743545
"Switchgrass",21,4,265,"TrainSel CDmean (untargeted, published)",NA,0.350480665961385,0.684754201835672,0.885235600199319
"Switchgrass",21,4,265,"Random (published)",NA,0.367026534527355,0.693545194103216,0.863605062161724
"Switchgrass",21,4,265,"TSOpt default (targeted)",0.269000000000005,0.392081735305114,0.70820375822867,0.862262385417301
"Switchgrass",21,4,265,"TSOpt (untargeted)",0.401999999999987,0.377571520644771,0.70771036805362,0.876202984544173
"Switchgrass",21,5,350,"TrainSel CDmean (targeted, published)",NA,0.39713241229603,0.709494197180413,0.875535660079241
"Switchgrass",21,5,350,"TrainSel CDmean (untargeted, published)",NA,0.380030122261239,0.712367245860016,0.877125867816063
"Switchgrass",21,5,350,"Random (published)",NA,0.384387173856281,0.700469541488871,0.859620466900312
"Switchgrass",21,5,350,"TSOpt default (targeted)",0.45799999999997,0.39696187151011,0.71056595956589,0.883533286966978
"Switchgrass",21,5,350,"TSOpt (untargeted)",0.662000000000035,0.390985904539223,0.708441676570885,0.878229170417752
"Switchgrass",22,1,45,"TrainSel CDmean (targeted, published)",NA,0.273304608122687,0.62593830735369,0.829751521958615
"Switchgrass",22,1,45,"TrainSel CDmean (untargeted, published)",NA,0.245470343290366,0.630140941620722,0.785000505888871
"Switchgrass",22,1,45,"Random (published)",NA,0.224291822853946,0.607167906159904,0.815489839103766
"Switchgrass",22,1,45,"TSOpt default (targeted)",0.0269999999999868,0.287110666419168,0.663028136297952,0.824853438140134
"Switchgrass",22,1,45,"TSOpt (untargeted)",0.0529999999999973,0.264233751065296,0.642261174117284,0.81465691095731
"Switchgrass",22,2,90,"TrainSel CDmean (targeted, published)",NA,0.325833496634803,0.679137068106908,0.832014146501455
"Switchgrass",22,2,90,"TrainSel CDmean (untargeted, published)",NA,0.29167814252283,0.650901385662803,0.811193275924464
"Switchgrass",22,2,90,"Random (published)",NA,0.276146780642881,0.682629030255697,0.83447806545511
"Switchgrass",22,2,90,"TSOpt default (targeted)",0.0539999999999736,0.330076234956539,0.711567352918146,0.879702536943739
"Switchgrass",22,2,90,"TSOpt (untargeted)",0.0869999999999891,0.304712114906693,0.691078334206984,0.878209790828361
"Switchgrass",22,3,175,"TrainSel CDmean (targeted, published)",NA,0.357765100202457,0.726644611848593,0.898669998936375
"Switchgrass",22,3,175,"TrainSel CDmean (untargeted, published)",NA,0.314933023808054,0.723568854323271,0.896025142233664
"Switchgrass",22,3,175,"Random (published)",NA,0.319711698627137,0.716393094111215,0.896125260199455
"Switchgrass",22,3,175,"TSOpt default (targeted)",0.111999999999966,0.358951665906344,0.723224563840876,0.901957867245216
"Switchgrass",22,3,175,"TSOpt (untargeted)",0.189999999999998,0.342037084967952,0.699855382696399,0.904204839999167
"Switchgrass",22,4,265,"TrainSel CDmean (targeted, published)",NA,0.36831840378583,0.731186095485317,0.90443204780154
"Switchgrass",22,4,265,"TrainSel CDmean (untargeted, published)",NA,0.330468064241891,0.723594071387509,0.87603444529721
"Switchgrass",22,4,265,"Random (published)",NA,0.341097547996647,0.715535939287573,0.892618806285321
"Switchgrass",22,4,265,"TSOpt default (targeted)",0.23599999999999,0.368990457165056,0.727950045209191,0.905592358138386
"Switchgrass",22,4,265,"TSOpt (untargeted)",0.37700000000001,0.358772052935451,0.7240620822248,0.895527736834256
"Switchgrass",22,5,350,"TrainSel CDmean (targeted, published)",NA,0.372810476773234,0.728513440163446,0.904555038817686
"Switchgrass",22,5,350,"TrainSel CDmean (untargeted, published)",NA,0.357579586576314,0.736662976748568,0.905423790585183
"Switchgrass",22,5,350,"Random (published)",NA,0.362208453951149,0.732758213706655,0.891144039987644
"Switchgrass",22,5,350,"TSOpt default (targeted)",0.451999999999998,0.372743704903546,0.731162622906569,0.904770003293057
"Switchgrass",22,5,350,"TSOpt (untargeted)",0.659999999999968,0.367521330931242,0.732226635532172,0.904534023652531
"Switchgrass",23,1,45,"TrainSel CDmean (targeted, published)",NA,0.310947613159577,0.760944441500272,0.908382409565862
"Switchgrass",23,1,45,"TrainSel CDmean (untargeted, published)",NA,0.302272190848005,0.728713649335266,0.868305820670028
"Switchgrass",23,1,45,"Random (published)",NA,0.269169321434759,0.725522984764907,0.904040479901686
"Switchgrass",23,1,45,"TSOpt default (targeted)",0.0249999999999773,0.327790891609954,0.77103007122617,0.917993142510611
"Switchgrass",23,1,45,"TSOpt (untargeted)",0.0510000000000446,0.304466910426655,0.748769835095319,0.900307168008352
"Switchgrass",23,2,90,"TrainSel CDmean (targeted, published)",NA,0.367148626686537,0.786413564134826,0.905512950358992
"Switchgrass",23,2,90,"TrainSel CDmean (untargeted, published)",NA,0.337740052200831,0.767867341449702,0.897962481924194
"Switchgrass",23,2,90,"Random (published)",NA,0.32582296563034,0.739313538568498,0.879513261947028
"Switchgrass",23,2,90,"TSOpt default (targeted)",0.0409999999999968,0.374772603975133,0.795349667800081,0.916294218773107
"Switchgrass",23,2,90,"TSOpt (untargeted)",0.103999999999985,0.348629497734722,0.77329197754735,0.919386029159747
"Switchgrass",23,3,175,"TrainSel CDmean (targeted, published)",NA,0.405361789278648,0.800363949221669,0.911127215318685
"Switchgrass",23,3,175,"TrainSel CDmean (untargeted, published)",NA,0.361502732411014,0.786341376207658,0.913773770290217
"Switchgrass",23,3,175,"Random (published)",NA,0.358969015000618,0.773231654794257,0.878630643467836
"Switchgrass",23,3,175,"TSOpt default (targeted)",0.0949999999999704,0.406883673703227,0.796223994651695,0.91185075604006
"Switchgrass",23,3,175,"TSOpt (untargeted)",0.220000000000027,0.385238251624199,0.783229756663139,0.922339825494065
"Switchgrass",23,4,265,"TrainSel CDmean (targeted, published)",NA,0.418878015609377,0.79813999133236,0.913554070903806
"Switchgrass",23,4,265,"TrainSel CDmean (untargeted, published)",NA,0.374119989762977,0.763620011661405,0.922661533024862
"Switchgrass",23,4,265,"Random (published)",NA,0.392358225502635,0.770802674272584,0.888851947900557
"Switchgrass",23,4,265,"TSOpt default (targeted)",0.22399999999999,0.419538990224195,0.803633240000888,0.912953229977594
"Switchgrass",23,4,265,"TSOpt (untargeted)",0.396000000000015,0.403906452383031,0.799527463055722,0.927182277307591
"Switchgrass",23,5,350,"TrainSel CDmean (targeted, published)",NA,0.423562916109684,0.80301716300572,0.915816260732689
"Switchgrass",23,5,350,"TrainSel CDmean (untargeted, published)",NA,0.398640484771775,0.79236504614075,0.931436008104756
"Switchgrass",23,5,350,"Random (published)",NA,0.411816131346646,0.793205792053728,0.915250259309246
"Switchgrass",23,5,350,"TSOpt default (targeted)",0.440999999999974,0.423719670483143,0.802110551940363,0.912697728543061
"Switchgrass",23,5,350,"TSOpt (untargeted)",0.643000000000029,0.415684167416487,0.799864780357176,0.916549456991713
"Switchgrass",24,1,45,"TrainSel CDmean (targeted, published)",NA,0.255361846096557,0.533290599437307,0.833833015089177
"Switchgrass",24,1,45,"TrainSel CDmean (untargeted, published)",NA,0.233657867143716,0.522858099746861,0.746800298917361
"Switchgrass",24,1,45,"Random (published)",NA,0.227983381645509,0.579279676668365,0.863066209286807
"Switchgrass",24,1,45,"TSOpt default (targeted)",0.0369999999999777,0.266009710709668,0.562457184881455,0.817705145589833
"Switchgrass",24,1,45,"TSOpt (untargeted)",0.0480000000000018,0.245247480219874,0.556103212030067,0.811584989912943
"Switchgrass",24,2,90,"TrainSel CDmean (targeted, published)",NA,0.307150107546619,0.579092641805645,0.833929140742965
"Switchgrass",24,2,90,"TrainSel CDmean (untargeted, published)",NA,0.277708482242527,0.631272819721353,0.841070534089555
"Switchgrass",24,2,90,"Random (published)",NA,0.254716288995298,0.618544751523467,0.841082305236757
"Switchgrass",24,2,90,"TSOpt default (targeted)",0.0400000000000205,0.311272079540455,0.624435783802368,0.86302296927656
"Switchgrass",24,2,90,"TSOpt (untargeted)",0.0889999999999986,0.294179288852792,0.624653142586471,0.86794114587677
"Switchgrass",24,3,175,"TrainSel CDmean (targeted, published)",NA,0.342733739577005,0.635418873050854,0.869272414055648
"Switchgrass",24,3,175,"TrainSel CDmean (untargeted, published)",NA,0.308385077871847,0.652797896009612,0.895366000842077
"Switchgrass",24,3,175,"Random (published)",NA,0.31170265957016,0.650793953606308,0.859252034449954
"Switchgrass",24,3,175,"TSOpt default (targeted)",0.103999999999985,0.345398000072215,0.659842794023842,0.893824042099046
"Switchgrass",24,3,175,"TSOpt (untargeted)",0.201000000000022,0.329465120619504,0.650431828349266,0.892702391127574
"Switchgrass",24,4,265,"TrainSel CDmean (targeted, published)",NA,0.357315187974695,0.671669330131377,0.885351264616122
"Switchgrass",24,4,265,"TrainSel CDmean (untargeted, published)",NA,0.324825409987002,0.664547049434418,0.904456391099113
"Switchgrass",24,4,265,"Random (published)",NA,0.337980697216299,0.657573787042898,0.889075774081179
"Switchgrass",24,4,265,"TSOpt default (targeted)",0.225999999999999,0.358499386526985,0.660572190948246,0.893210537088333
"Switchgrass",24,4,265,"TSOpt (untargeted)",0.383999999999958,0.347325778470296,0.657651683304152,0.896230865690757
"Switchgrass",24,5,350,"TrainSel CDmean (targeted, published)",NA,0.363855824366774,0.669376490003439,0.885709389684745
"Switchgrass",24,5,350,"TrainSel CDmean (untargeted, published)",NA,0.350271519885231,0.662962525535344,0.879851796587767
"Switchgrass",24,5,350,"Random (published)",NA,0.355682887778362,0.666755645748471,0.886525847303259
"Switchgrass",24,5,350,"TSOpt default (targeted)",0.460000000000036,0.36419936081955,0.669437842974984,0.881726558030246
"Switchgrass",24,5,350,"TSOpt (untargeted)",0.67999999999995,0.357223765469538,0.669808273971975,0.900251441765832
"Switchgrass",25,1,45,"TrainSel CDmean (targeted, published)",NA,0.215147424781677,0.476069225848678,0.720914346026281
"Switchgrass",25,1,45,"TrainSel CDmean (untargeted, published)",NA,0.197345681813007,0.47346527713796,0.714395075361472
"Switchgrass",25,1,45,"Random (published)",NA,0.182551496304546,0.472469968654655,0.688399445565862
"Switchgrass",25,1,45,"TSOpt default (targeted)",0.0260000000000105,0.227047848063164,0.600352229873353,0.873185075251899
"Switchgrass",25,1,45,"TSOpt (untargeted)",0.0519999999999641,0.210924251476418,0.489692526111962,0.681705518117519
"Switchgrass",25,2,90,"TrainSel CDmean (targeted, published)",NA,0.26492899393338,0.612216189468737,0.843029343523102
"Switchgrass",25,2,90,"TrainSel CDmean (untargeted, published)",NA,0.238860849810762,0.50779052153534,0.719457827293987
"Switchgrass",25,2,90,"Random (published)",NA,0.230706659886402,0.50387326073811,0.713940543844747
"Switchgrass",25,2,90,"TSOpt default (targeted)",0.0600000000000023,0.270219353300061,0.633621167686374,0.83833972835152
"Switchgrass",25,2,90,"TSOpt (untargeted)",0.0889999999999986,0.254035577965867,0.591920513955308,0.856772431556117
"Switchgrass",25,3,175,"TrainSel CDmean (targeted, published)",NA,0.300170659745122,0.638779026454356,0.852951498473716
"Switchgrass",25,3,175,"TrainSel CDmean (untargeted, published)",NA,0.268904653875523,0.61942838457872,0.818330839823692
"Switchgrass",25,3,175,"Random (published)",NA,0.258467966924257,0.532970229396558,0.731869237228128
"Switchgrass",25,3,175,"TSOpt default (targeted)",0.0949999999999704,0.303242382810347,0.642682044481174,0.838445716444762
"Switchgrass",25,3,175,"TSOpt (untargeted)",0.213999999999999,0.286759944697243,0.636835666611376,0.882893111934555
"Switchgrass",25,4,265,"TrainSel CDmean (targeted, published)",NA,0.315844809543218,0.646662657252681,0.869316992437858
"Switchgrass",25,4,265,"TrainSel CDmean (untargeted, published)",NA,0.288034515733171,0.637951911476251,0.8496854074347
"Switchgrass",25,4,265,"Random (published)",NA,0.285809380901636,0.604579531599434,0.8622018326487
"Switchgrass",25,4,265,"TSOpt default (targeted)",0.232000000000028,0.316165269508023,0.646348692063398,0.85738135042299
"Switchgrass",25,4,265,"TSOpt (untargeted)",0.394999999999982,0.305193609295415,0.644142353336075,0.869724372605316
"Switchgrass",25,5,350,"TrainSel CDmean (targeted, published)",NA,0.321762804284471,0.651478691933686,0.875738086700945
"Switchgrass",25,5,350,"TrainSel CDmean (untargeted, published)",NA,0.313542922279306,0.64569281453327,0.843426569370755
"Switchgrass",25,5,350,"Random (published)",NA,0.308127248761967,0.652930181493485,0.866766892399995
"Switchgrass",25,5,350,"TSOpt default (targeted)",0.44599999999997,0.321619755255073,0.652027288231622,0.864471964814633
"Switchgrass",25,5,350,"TSOpt (untargeted)",0.650000000000034,0.315432872969779,0.649959150996443,0.854781044471451
"Switchgrass",26,1,45,"TrainSel CDmean (targeted, published)",NA,0.25937777573794,0.696190205464995,0.803791550865786
"Switchgrass",26,1,45,"TrainSel CDmean (untargeted, published)",NA,0.23844878851523,0.693162550219768,0.814840422685854
"Switchgrass",26,1,45,"Random (published)",NA,0.211252765349079,0.675876321947513,0.812509653678171
"Switchgrass",26,1,45,"TSOpt default (targeted)",0.0240000000000009,0.268236453151391,0.694117998816002,0.726632603420404
"Switchgrass",26,1,45,"TSOpt (untargeted)",0.0509999999999877,0.254619808398498,0.730730222001646,0.821051484349793
"Switchgrass",26,2,90,"TrainSel CDmean (targeted, published)",NA,0.314100954851243,0.740311781473345,0.824054691654457
"Switchgrass",26,2,90,"TrainSel CDmean (untargeted, published)",NA,0.280666685667668,0.760693186691981,0.881969247473938
"Switchgrass",26,2,90,"Random (published)",NA,0.266772652791344,0.740976561841127,0.860506459948932
"Switchgrass",26,2,90,"TSOpt default (targeted)",0.0400000000000205,0.31828582732961,0.740935493671085,0.826488531907453
"Switchgrass",26,2,90,"TSOpt (untargeted)",0.10899999999998,0.300442529279644,0.760513615365256,0.871121385360806
"Switchgrass",26,3,175,"TrainSel CDmean (targeted, published)",NA,0.350438396825202,0.746493358881406,0.84479048790289
"Switchgrass",26,3,175,"TrainSel CDmean (untargeted, published)",NA,0.315096417408669,0.787059483938136,0.891602568876338
"Switchgrass",26,3,175,"Random (published)",NA,0.303779367414081,0.765362777495136,0.916951572629707
"Switchgrass",26,3,175,"TSOpt default (targeted)",0.0930000000000177,0.35220627131594,0.778454395499757,0.878331533099756
"Switchgrass",26,3,175,"TSOpt (untargeted)",0.20599999999996,0.335611660583156,0.780638885853726,0.908541004744824
"Switchgrass",26,4,265,"TrainSel CDmean (targeted, published)",NA,0.364245121589918,0.786995273490034,0.907558123459358
"Switchgrass",26,4,265,"TrainSel CDmean (untargeted, published)",NA,0.33331755186791,0.779729680077906,0.895558970761264
"Switchgrass",26,4,265,"Random (published)",NA,0.3427784856481,0.77889303616678,0.899312697094075
"Switchgrass",26,4,265,"TSOpt default (targeted)",0.240999999999985,0.365151900067537,0.785461116251729,0.920740344004169
"Switchgrass",26,4,265,"TSOpt (untargeted)",0.384999999999991,0.353622223729537,0.789947966250938,0.896352873907836
"Switchgrass",26,5,350,"TrainSel CDmean (targeted, published)",NA,0.370757699108465,0.785080329073945,0.902287369370625
"Switchgrass",26,5,350,"TrainSel CDmean (untargeted, published)",NA,0.357705490773798,0.782452273957692,0.914047165973446
"Switchgrass",26,5,350,"Random (published)",NA,0.354244677993487,0.777595893536886,0.900598961674616
"Switchgrass",26,5,350,"TSOpt default (targeted)",0.439000000000021,0.370694751063422,0.790372024890461,0.914383429515145
"Switchgrass",26,5,350,"TSOpt (untargeted)",0.661999999999978,0.362771868498012,0.786001338254569,0.902688678334786
"Switchgrass",27,1,45,"TrainSel CDmean (targeted, published)",NA,0.2302207659189,0.596552281344603,0.77614528649035
"Switchgrass",27,1,45,"TrainSel CDmean (untargeted, published)",NA,0.224489478456783,0.599693322809352,0.77109158101861
"Switchgrass",27,1,45,"Random (published)",NA,0.210211711282557,0.563104777414971,0.777329581950306
"Switchgrass",27,1,45,"TSOpt default (targeted)",0.0260000000000105,0.246207261930733,0.67759429877475,0.899531680701405
"Switchgrass",27,1,45,"TSOpt (untargeted)",0.0509999999999877,0.2304504329907,0.604711270061508,0.766940128285796
"Switchgrass",27,2,90,"TrainSel CDmean (targeted, published)",NA,0.28708362801959,0.671468870397965,0.88787624900388
"Switchgrass",27,2,90,"TrainSel CDmean (untargeted, published)",NA,0.265008147122279,0.631913305211654,0.810013320786363
"Switchgrass",27,2,90,"Random (published)",NA,0.24780780690789,0.558083680713613,0.762485475053601
"Switchgrass",27,2,90,"TSOpt default (targeted)",0.0400000000000205,0.293600651258414,0.69997874073838,0.873775811055753
"Switchgrass",27,2,90,"TSOpt (untargeted)",0.103000000000009,0.272764024462029,0.666334990264286,0.88066595216527
"Switchgrass",27,3,175,"TrainSel CDmean (targeted, published)",NA,0.325931940576856,0.713640034044733,0.860954456441395
"Switchgrass",27,3,175,"TrainSel CDmean (untargeted, published)",NA,0.291852534473601,0.723083721183503,0.88446837926626
"Switchgrass",27,3,175,"Random (published)",NA,0.289804232770148,0.700906780735457,0.887479099136309
"Switchgrass",27,3,175,"TSOpt default (targeted)",0.0939999999999941,0.327994165431673,0.723990643606893,0.879586595116662
"Switchgrass",27,3,175,"TSOpt (untargeted)",0.20999999999998,0.307631940908403,0.700735462292716,0.88016081219792
"Switchgrass",27,4,265,"TrainSel CDmean (targeted, published)",NA,0.339004070540087,0.726262402528094,0.890258946149891
"Switchgrass",27,4,265,"TrainSel CDmean (untargeted, published)",NA,0.308713327476022,0.722881281693725,0.876601724136982
"Switchgrass",27,4,265,"Random (published)",NA,0.316179572321471,0.723198136352826,0.899842527734347
"Switchgrass",27,4,265,"TSOpt default (targeted)",0.230000000000018,0.3401680710014,0.736475344935319,0.900952579973448
"Switchgrass",27,4,265,"TSOpt (untargeted)",0.387,0.32638098012424,0.735150095424778,0.899942139389396
"Switchgrass",27,5,350,"TrainSel CDmean (targeted, published)",NA,0.344508043579575,0.734311257173759,0.903435360781131
"Switchgrass",27,5,350,"TrainSel CDmean (untargeted, published)",NA,0.331164702452927,0.726587336304875,0.886079088881306
"Switchgrass",27,5,350,"Random (published)",NA,0.332823970850514,0.729711090417017,0.891488128998395
"Switchgrass",27,5,350,"TSOpt default (targeted)",0.423999999999978,0.344531693555614,0.737079897469694,0.906481110164523
"Switchgrass",27,5,350,"TSOpt (untargeted)",0.658000000000015,0.337879384593982,0.738194125515777,0.913825448494539
"Switchgrass",28,1,45,"TrainSel CDmean (targeted, published)",NA,0.270851526730597,0.655342236592156,0.886123387708164
"Switchgrass",28,1,45,"TrainSel CDmean (untargeted, published)",NA,0.263647567778824,0.635698060145054,0.86987390935668
"Switchgrass",28,1,45,"Random (published)",NA,0.231944698324818,0.627038092976695,0.83205803032124
"Switchgrass",28,1,45,"TSOpt default (targeted)",0.0259999999999536,0.286212083277971,0.659865130592095,0.892543017526166
"Switchgrass",28,1,45,"TSOpt (untargeted)",0.0760000000000218,0.264209242178024,0.639793314665866,0.88536963237755
"Switchgrass",28,2,90,"TrainSel CDmean (targeted, published)",NA,0.321729821984313,0.662302239161494,0.890864130964278
"Switchgrass",28,2,90,"TrainSel CDmean (untargeted, published)",NA,0.298614508098699,0.671539294076811,0.913003158645372
"Switchgrass",28,2,90,"Random (published)",NA,0.282742648615025,0.623874497802436,0.843773789832211
"Switchgrass",28,2,90,"TSOpt default (targeted)",0.0409999999999968,0.328507197361312,0.685314411451257,0.885632882795065
"Switchgrass",28,2,90,"TSOpt (untargeted)",0.0880000000000223,0.307858090249,0.651128601566915,0.893891886793187
"Switchgrass",28,3,175,"TrainSel CDmean (targeted, published)",NA,0.357131973318107,0.692590671849275,0.906136943551426
"Switchgrass",28,3,175,"TrainSel CDmean (untargeted, published)",NA,0.319921875643022,0.67511413213882,0.876310346677321
"Switchgrass",28,3,175,"Random (published)",NA,0.322531017351395,0.647510349045867,0.847518136843017
"Switchgrass",28,3,175,"TSOpt default (targeted)",0.175000000000011,0.3595612237996,0.69151941252554,0.889185448163105
"Switchgrass",28,3,175,"TSOpt (untargeted)",0.19599999999997,0.345098963865849,0.678502731821517,0.873720671445806
"Switchgrass",28,4,265,"TrainSel CDmean (targeted, published)",NA,0.370686923195695,0.69792445711324,0.890409520434396
"Switchgrass",28,4,265,"TrainSel CDmean (untargeted, published)",NA,0.334193478406554,0.68562579259914,0.880067321306404
"Switchgrass",28,4,265,"Random (published)",NA,0.350937961004961,0.686465989377167,0.8756211613352
"Switchgrass",28,4,265,"TSOpt default (targeted)",0.247000000000014,0.371676405273995,0.699168555843952,0.901319315499841
"Switchgrass",28,4,265,"TSOpt (untargeted)",0.426999999999964,0.360243474400863,0.685801126758221,0.88051610319617
"Switchgrass",28,5,350,"TrainSel CDmean (targeted, published)",NA,0.376765987104904,0.704777706061291,0.887382430792768
"Switchgrass",28,5,350,"TrainSel CDmean (untargeted, published)",NA,0.359254619401759,0.685271228102085,0.894473244188379
"Switchgrass",28,5,350,"Random (published)",NA,0.364277608928003,0.703764783577418,0.889556490016029
"Switchgrass",28,5,350,"TSOpt default (targeted)",0.442000000000007,0.377091741482026,0.703522908468744,0.884666662100262
"Switchgrass",28,5,350,"TSOpt (untargeted)",0.682999999999993,0.370664819058253,0.697067834806409,0.869016262664026
"Switchgrass",29,1,45,"TrainSel CDmean (targeted, published)",NA,0.282491136598123,0.650541580269255,0.834870206755363
"Switchgrass",29,1,45,"TrainSel CDmean (untargeted, published)",NA,0.275171617033459,0.648288534727893,0.872561828987645
"Switchgrass",29,1,45,"Random (published)",NA,0.249670244971635,0.652646662714022,0.789697522282316
"Switchgrass",29,1,45,"TSOpt default (targeted)",0.0300000000000296,0.29708542294326,0.66194272508102,0.838184279188751
"Switchgrass",29,1,45,"TSOpt (untargeted)",0.0979999999999563,0.27980791645681,0.670522723535888,0.841995283901237
"Switchgrass",29,2,90,"TrainSel CDmean (targeted, published)",NA,0.333214376197533,0.696074536624808,0.85812944036286
"Switchgrass",29,2,90,"TrainSel CDmean (untargeted, published)",NA,0.310913886751436,0.719522037229346,0.899317156278213
"Switchgrass",29,2,90,"Random (published)",NA,0.288921287219406,0.638423499643107,0.85352399041355
"Switchgrass",29,2,90,"TSOpt default (targeted)",0.0450000000000159,0.339129514672912,0.70040009800484,0.910865803157048
"Switchgrass",29,2,90,"TSOpt (untargeted)",0.107000000000028,0.321338146277671,0.701587417420339,0.90335228727977
"Switchgrass",29,3,175,"TrainSel CDmean (targeted, published)",NA,0.367265922145719,0.705591770120687,0.861355697357388
"Switchgrass",29,3,175,"TrainSel CDmean (untargeted, published)",NA,0.333742638443821,0.7173607847572,0.894400909905647
"Switchgrass",29,3,175,"Random (published)",NA,0.336126289622705,0.719719972626172,0.893574336259391
"Switchgrass",29,3,175,"TSOpt default (targeted)",0.12700000000001,0.369713592899778,0.741461809858167,0.914163430310718
"Switchgrass",29,3,175,"TSOpt (untargeted)",0.215000000000032,0.354041917385063,0.720383938455525,0.903232361059218
"Switchgrass",29,4,265,"TrainSel CDmean (targeted, published)",NA,0.38086057531297,0.748425772398528,0.919581778179729
"Switchgrass",29,4,265,"TrainSel CDmean (untargeted, published)",NA,0.343389266067248,0.716076777907948,0.891828546337074
"Switchgrass",29,4,265,"Random (published)",NA,0.362799475699061,0.73267278971331,0.914679612431095
"Switchgrass",29,4,265,"TSOpt default (targeted)",0.245000000000005,0.382156829272119,0.754995857193831,0.914964029035582
"Switchgrass",29,4,265,"TSOpt (untargeted)",0.396999999999991,0.370383590874591,0.729289700393266,0.91241856549328
"Switchgrass",29,5,350,"TrainSel CDmean (targeted, published)",NA,0.386964681806328,0.744515371989065,0.91411628991066
"Switchgrass",29,5,350,"TrainSel CDmean (untargeted, published)",NA,0.367068263631927,0.731141490043154,0.91598593643383
"Switchgrass",29,5,350,"Random (published)",NA,0.375654969489775,0.73299598336297,0.907640044352596
"Switchgrass",29,5,350,"TSOpt default (targeted)",0.515999999999963,0.387339402841001,0.748197072331331,0.903453151130032
"Switchgrass",29,5,350,"TSOpt (untargeted)",0.776999999999987,0.381735064230885,0.745229049142656,0.916650249289287
"Switchgrass",30,1,45,"TrainSel CDmean (targeted, published)",NA,0.279237578379554,0.608190496138684,0.820202310304525
"Switchgrass",30,1,45,"TrainSel CDmean (untargeted, published)",NA,0.263373880370174,0.602842312261998,0.806567302945252
"Switchgrass",30,1,45,"Random (published)",NA,0.236502301846919,0.613173328114216,0.824039424073717
"Switchgrass",30,1,45,"TSOpt default (targeted)",0.0270000000000437,0.292294846791556,0.626525604208823,0.806253914227923
"Switchgrass",30,1,45,"TSOpt (untargeted)",0.0519999999999641,0.272729933498222,0.625754519584871,0.80623254982947
"Switchgrass",30,2,90,"TrainSel CDmean (targeted, published)",NA,0.33043443223926,0.652152961010261,0.810411039354234
"Switchgrass",30,2,90,"TrainSel CDmean (untargeted, published)",NA,0.303469482152634,0.683846301876862,0.863222180169417
"Switchgrass",30,2,90,"Random (published)",NA,0.286917343839627,0.641761116943367,0.790019963335484
"Switchgrass",30,2,90,"TSOpt default (targeted)",0.0540000000000305,0.334479108876505,0.649242102413585,0.819326574050012
"Switchgrass",30,2,90,"TSOpt (untargeted)",0.272999999999968,0.314981817129484,0.660003565435345,0.855800314846095
"Switchgrass",30,3,175,"TrainSel CDmean (targeted, published)",NA,0.362441031331755,0.688269420391287,0.817268750760629
"Switchgrass",30,3,175,"TrainSel CDmean (untargeted, published)",NA,0.326266354497489,0.709861382496776,0.875625152154226
"Switchgrass",30,3,175,"Random (published)",NA,0.333717341515183,0.696326095642337,0.865651093566271
"Switchgrass",30,3,175,"TSOpt default (targeted)",0.110000000000014,0.365270932334816,0.714774006118679,0.874050450467798
"Switchgrass",30,3,175,"TSOpt (untargeted)",0.254999999999995,0.351399098140356,0.689822744546607,0.865974705250639
"Switchgrass",30,4,265,"TrainSel CDmean (targeted, published)",NA,0.377141389021607,0.704963281517913,0.870823160764771
"Switchgrass",30,4,265,"TrainSel CDmean (untargeted, published)",NA,0.340336839885768,0.720587603483645,0.861686033276525
"Switchgrass",30,4,265,"Random (published)",NA,0.352711287469098,0.704689547092479,0.875359062568297
"Switchgrass",30,4,265,"TSOpt default (targeted)",0.291999999999973,0.37765183646822,0.712110990728994,0.879662390212156
"Switchgrass",30,4,265,"TSOpt (untargeted)",0.456999999999994,0.367471961560321,0.707549452569953,0.879419256535217
"Switchgrass",30,5,350,"TrainSel CDmean (targeted, published)",NA,0.383101298224175,0.708612832213917,0.871241303028248
"Switchgrass",30,5,350,"TrainSel CDmean (untargeted, published)",NA,0.36385053430982,0.71397347501728,0.881652835309395
"Switchgrass",30,5,350,"Random (published)",NA,0.373347278070745,0.71639036297104,0.874171706305159
"Switchgrass",30,5,350,"TSOpt default (targeted)",0.562999999999988,0.383046550814266,0.706595617242151,0.872330018815151
"Switchgrass",30,5,350,"TSOpt (untargeted)",0.817999999999984,0.377487746174635,0.712549052109889,0.876532806757067
"Switchgrass",31,1,45,"TrainSel CDmean (targeted, published)",NA,0.255062815765225,0.606819835545853,0.834019746051391
"Switchgrass",31,1,45,"TrainSel CDmean (untargeted, published)",NA,0.244215008143056,0.613831948904097,0.823426738405859
"Switchgrass",31,1,45,"Random (published)",NA,0.232597326859655,0.603786850453307,0.849741686756659
"Switchgrass",31,1,45,"TSOpt default (targeted)",0.0310000000000059,0.266654342612128,0.635313260860502,0.822084510779196
"Switchgrass",31,1,45,"TSOpt (untargeted)",0.0690000000000168,0.248950320436573,0.623937040095824,0.830487839335303
"Switchgrass",31,2,90,"TrainSel CDmean (targeted, published)",NA,0.306986871589116,0.629729976968817,0.80257256389497
"Switchgrass",31,2,90,"TrainSel CDmean (untargeted, published)",NA,0.282799192258849,0.635831251332621,0.83256248560354
"Switchgrass",31,2,90,"Random (published)",NA,0.256475716124553,0.548272114165053,0.852968158397352
"Switchgrass",31,2,90,"TSOpt default (targeted)",0.0480000000000018,0.311177784692433,0.647444995021839,0.802466234762461
"Switchgrass",31,2,90,"TSOpt (untargeted)",0.128999999999962,0.291390257350543,0.631874492624841,0.824353546753761
"Switchgrass",31,3,175,"TrainSel CDmean (targeted, published)",NA,0.339589527106425,0.657083155800494,0.826472617971548
"Switchgrass",31,3,175,"TrainSel CDmean (untargeted, published)",NA,0.302513189087511,0.613228201696066,0.849218771751872
"Switchgrass",31,3,175,"Random (published)",NA,0.309220457185941,0.619237538720803,0.857183518856451
"Switchgrass",31,3,175,"TSOpt default (targeted)",0.11099999999999,0.34057418249747,0.65459647056278,0.831021179814275
"Switchgrass",31,3,175,"TSOpt (untargeted)",0.237000000000023,0.325596024537407,0.63901984152627,0.84598293128546
"Switchgrass",31,4,265,"TrainSel CDmean (targeted, published)",NA,0.352908817118432,0.661624367000875,0.834223865449459
"Switchgrass",31,4,265,"TrainSel CDmean (untargeted, published)",NA,0.320145966954021,0.626335812468066,0.850155962711518
"Switchgrass",31,4,265,"Random (published)",NA,0.336616017384408,0.643059841134172,0.848467315525939
"Switchgrass",31,4,265,"TSOpt default (targeted)",0.239999999999952,0.353245675749824,0.668123221383305,0.840806864463947
"Switchgrass",31,4,265,"TSOpt (untargeted)",0.415999999999997,0.34154362650001,0.655827994669226,0.858714043027294
"Switchgrass",31,5,350,"TrainSel CDmean (targeted, published)",NA,0.358008957829766,0.667657626317049,0.835841954043775
"Switchgrass",31,5,350,"TrainSel CDmean (untargeted, published)",NA,0.343289568807693,0.656315936189379,0.830726253289088
"Switchgrass",31,5,350,"Random (published)",NA,0.348398324036246,0.656205322305763,0.845535187509406
"Switchgrass",31,5,350,"TSOpt default (targeted)",0.45799999999997,0.358421001439974,0.664435853869468,0.846388764254317
"Switchgrass",31,5,350,"TSOpt (untargeted)",0.725999999999999,0.352369959670928,0.655985163105246,0.85139428212094
"Switchgrass",32,1,45,"TrainSel CDmean (targeted, published)",NA,0.296785828970628,0.622566693182085,0.842182254555019
"Switchgrass",32,1,45,"TrainSel CDmean (untargeted, published)",NA,0.284212484995498,0.698353100946775,0.861430604124047
"Switchgrass",32,1,45,"Random (published)",NA,0.25872484544457,0.595350925987554,0.846218760383933
"Switchgrass",32,1,45,"TSOpt default (targeted)",0.0270000000000437,0.311267285923977,0.687351444940105,0.871168708384238
"Switchgrass",32,1,45,"TSOpt (untargeted)",0.0659999999999741,0.286605075618583,0.621861058763436,0.791831033034239
"Switchgrass",32,2,90,"TrainSel CDmean (targeted, published)",NA,0.352324785039685,0.693344409392508,0.834347119500478
"Switchgrass",32,2,90,"TrainSel CDmean (untargeted, published)",NA,0.320432446767568,0.731072108404727,0.865717237944717
"Switchgrass",32,2,90,"Random (published)",NA,0.307031092197943,0.696772708207489,0.864193374356547
"Switchgrass",32,2,90,"TSOpt default (targeted)",0.0410000000000537,0.35630194620425,0.726594644818986,0.886135519634005
"Switchgrass",32,2,90,"TSOpt (untargeted)",0.0919999999999845,0.332532016639358,0.697097584641978,0.866798797492825
"Switchgrass",32,3,175,"TrainSel CDmean (targeted, published)",NA,0.384303135982574,0.753486414411842,0.88619827465317
"Switchgrass",32,3,175,"TrainSel CDmean (untargeted, published)",NA,0.340345842585095,0.711971625720608,0.845858147036355
"Switchgrass",32,3,175,"Random (published)",NA,0.342849650765534,0.708921986503867,0.908568199305918
"Switchgrass",32,3,175,"TSOpt default (targeted)",0.110000000000014,0.38524973879177,0.754692882920561,0.900453565315966
"Switchgrass",32,3,175,"TSOpt (untargeted)",0.248999999999967,0.368891665588602,0.749088144966789,0.885512762045513
"Switchgrass",32,4,265,"TrainSel CDmean (targeted, published)",NA,0.397290941298354,0.766683122659853,0.885303968508205
"Switchgrass",32,4,265,"TrainSel CDmean (untargeted, published)",NA,0.355003977329231,0.731400558536857,0.892625629632351
"Switchgrass",32,4,265,"Random (published)",NA,0.377013218543004,0.754798138856495,0.884139896753627
"Switchgrass",32,4,265,"TSOpt default (targeted)",0.26400000000001,0.397640321391019,0.766614702564273,0.890391230083005
"Switchgrass",32,4,265,"TSOpt (untargeted)",0.415999999999997,0.388433064648834,0.763260428413321,0.891264843414067
"Switchgrass",32,5,350,"TrainSel CDmean (targeted, published)",NA,0.401928071493503,0.768507530269648,0.887314096623476
"Switchgrass",32,5,350,"TrainSel CDmean (untargeted, published)",NA,0.377773403149768,0.76322133130135,0.893858086261377
"Switchgrass",32,5,350,"Random (published)",NA,0.390560586804985,0.767051751176508,0.890862446199758
"Switchgrass",32,5,350,"TSOpt default (targeted)",0.588999999999999,0.401825013038727,0.768746200880786,0.887802702400876
"Switchgrass",32,5,350,"TSOpt (untargeted)",0.750999999999976,0.398061609511087,0.770358136569348,0.885447533940513
"Switchgrass",33,1,45,"TrainSel CDmean (targeted, published)",NA,0.223618293959682,0.592224791003229,0.799760175603995
"Switchgrass",33,1,45,"TrainSel CDmean (untargeted, published)",NA,0.205789192020879,0.591309217183484,0.788461792803918
"Switchgrass",33,1,45,"Random (published)",NA,0.19079968015892,0.596105801557454,0.804701265416641
"Switchgrass",33,1,45,"TSOpt default (targeted)",0.02800000000002,0.234262382101569,0.592952809029258,0.798692742702718
"Switchgrass",33,1,45,"TSOpt (untargeted)",0.05499999999995,0.218415479369465,0.6112062920149,0.781847782419343
"Switchgrass",33,2,90,"TrainSel CDmean (targeted, published)",NA,0.274696144073116,0.652392709201687,0.80495072669921
"Switchgrass",33,2,90,"TrainSel CDmean (untargeted, published)",NA,0.244700747356027,0.685318749857653,0.865967552600394
"Switchgrass",33,2,90,"Random (published)",NA,0.240843824645765,0.623333137434277,0.771016081694361
"Switchgrass",33,2,90,"TSOpt default (targeted)",0.0430000000000064,0.277376229834958,0.697711305288721,0.86550840972407
"Switchgrass",33,2,90,"TSOpt (untargeted)",0.111999999999966,0.262451999657546,0.68976687492527,0.843980718762666
"Switchgrass",33,3,175,"TrainSel CDmean (targeted, published)",NA,0.307080270492477,0.729072391925056,0.875760002041914
"Switchgrass",33,3,175,"TrainSel CDmean (untargeted, published)",NA,0.274835176356965,0.695380914203144,0.852881229036674
"Switchgrass",33,3,175,"Random (published)",NA,0.277844571739489,0.670589442971086,0.843614503826295
"Switchgrass",33,3,175,"TSOpt default (targeted)",0.0989999999999895,0.308472949443528,0.730973148267744,0.870448821526424
"Switchgrass",33,3,175,"TSOpt (untargeted)",0.230000000000018,0.292724899109359,0.695224896130687,0.860878375278081
"Switchgrass",33,4,265,"TrainSel CDmean (targeted, published)",NA,0.32072295238244,0.73529067603045,0.88843540130578
"Switchgrass",33,4,265,"TrainSel CDmean (untargeted, published)",NA,0.293029863831711,0.699102194522352,0.855857586101934
"Switchgrass",33,4,265,"Random (published)",NA,0.30458970443947,0.712796645842207,0.860645620400922
"Switchgrass",33,4,265,"TSOpt default (targeted)",0.245000000000005,0.321385660148884,0.730333156396657,0.877879241005628
"Switchgrass",33,4,265,"TSOpt (untargeted)",0.421000000000049,0.310189225852459,0.718743973872444,0.870912430557012
"Switchgrass",33,5,350,"TrainSel CDmean (targeted, published)",NA,0.326375584462687,0.734906272043803,0.88824091404514
"Switchgrass",33,5,350,"TrainSel CDmean (untargeted, published)",NA,0.316432907479868,0.727851961146555,0.873814998828118
"Switchgrass",33,5,350,"Random (published)",NA,0.313253182133244,0.715632520795946,0.865866322840761
"Switchgrass",33,5,350,"TSOpt default (targeted)",0.456000000000017,0.326165387987997,0.734057967042924,0.880558593739763
"Switchgrass",33,5,350,"TSOpt (untargeted)",0.66700000000003,0.320803623492502,0.718405607031346,0.849086943426337
"Switchgrass",34,1,45,"TrainSel CDmean (targeted, published)",NA,0.266451698039571,0.67986895954562,0.87261267566106
"Switchgrass",34,1,45,"TrainSel CDmean (untargeted, published)",NA,0.265434358968454,0.68380917119606,0.881387912477095
"Switchgrass",34,1,45,"Random (published)",NA,0.250353711397837,0.669072600896091,0.820421094808196
"Switchgrass",34,1,45,"TSOpt default (targeted)",0.0279999999999632,0.284769489589973,0.720590700804936,0.861888307354509
"Switchgrass",34,1,45,"TSOpt (untargeted)",0.0510000000000446,0.269728803580604,0.699062605601895,0.86603112814446
"Switchgrass",34,2,90,"TrainSel CDmean (targeted, published)",NA,0.324323143120488,0.732963204875932,0.877755497897356
"Switchgrass",34,2,90,"TrainSel CDmean (untargeted, published)",NA,0.304257179935693,0.719518669620829,0.857832830061771
"Switchgrass",34,2,90,"Random (published)",NA,0.28966886697653,0.752255528328812,0.869920107734019
"Switchgrass",34,2,90,"TSOpt default (targeted)",0.0409999999999968,0.330180872381708,0.77504829473054,0.905673983921403
"Switchgrass",34,2,90,"TSOpt (untargeted)",0.137,0.312107805048725,0.731236823881207,0.859346622055966
"Switchgrass",34,3,175,"TrainSel CDmean (targeted, published)",NA,0.363711337553711,0.778581349695453,0.907437092263594
"Switchgrass",34,3,175,"TrainSel CDmean (untargeted, published)",NA,0.327582842809606,0.777495563353175,0.877341138275849
"Switchgrass",34,3,175,"Random (published)",NA,0.333422431070071,0.725972227605468,0.864536502910583
"Switchgrass",34,3,175,"TSOpt default (targeted)",0.125999999999976,0.365409397614499,0.792562917818639,0.896514801998062
"Switchgrass",34,3,175,"TSOpt (untargeted)",0.296000000000049,0.34797559643337,0.773242028300097,0.907555178902579
"Switchgrass",34,4,265,"TrainSel CDmean (targeted, published)",NA,0.378643032306506,0.789822228383765,0.910771204548111
"Switchgrass",34,4,265,"TrainSel CDmean (untargeted, published)",NA,0.345143737686935,0.79062656074215,0.876651588576558
"Switchgrass",34,4,265,"Random (published)",NA,0.361035554065652,0.761584845739914,0.902418317407592
"Switchgrass",34,4,265,"TSOpt default (targeted)",0.302000000000021,0.379763944734007,0.793553118685843,0.908843521801175
"Switchgrass",34,4,265,"TSOpt (untargeted)",0.452999999999975,0.366568245395903,0.784008316134366,0.905586423294576
"Switchgrass",34,5,350,"TrainSel CDmean (targeted, published)",NA,0.384902432593378,0.796341475528765,0.894448884404252
"Switchgrass",34,5,350,"TrainSel CDmean (untargeted, published)",NA,0.367084609982793,0.793932793109445,0.868012693944637
"Switchgrass",34,5,350,"Random (published)",NA,0.373011050338651,0.789415889679183,0.895026181330676
"Switchgrass",34,5,350,"TSOpt default (targeted)",0.495999999999981,0.385412614442602,0.793311141114361,0.912907249698475
"Switchgrass",34,5,350,"TSOpt (untargeted)",0.715000000000032,0.377466463993521,0.792070557030486,0.905636730207256
"Switchgrass",35,1,45,"TrainSel CDmean (targeted, published)",NA,0.295559224674648,0.638863704167105,0.817741994634451
"Switchgrass",35,1,45,"TrainSel CDmean (untargeted, published)",NA,0.294724020328927,0.657781510141751,0.858668707836651
"Switchgrass",35,1,45,"Random (published)",NA,0.261812533920026,0.67932065059741,0.836179034119822
"Switchgrass",35,1,45,"TSOpt default (targeted)",0.02800000000002,0.319353752083437,0.675343518670674,0.81979101112367
"Switchgrass",35,1,45,"TSOpt (untargeted)",0.0529999999999973,0.294157846082343,0.64738253623191,0.812066131282678
"Switchgrass",35,2,90,"TrainSel CDmean (targeted, published)",NA,0.357747934421036,0.684944264806815,0.834930195794754
"Switchgrass",35,2,90,"TrainSel CDmean (untargeted, published)",NA,0.329924796643077,0.70131731618134,0.852996591214229
"Switchgrass",35,2,90,"Random (published)",NA,0.316128970241943,0.721891706111462,0.88690994536205
"Switchgrass",35,2,90,"TSOpt default (targeted)",0.0590000000000259,0.365302480086746,0.720033894280452,0.847246132785785
"Switchgrass",35,2,90,"TSOpt (untargeted)",0.089999999999975,0.340202500576095,0.717516226542409,0.8574834642624
"Switchgrass",35,3,175,"TrainSel CDmean (targeted, published)",NA,0.395746768563727,0.744790746461896,0.874660558507431
"Switchgrass",35,3,175,"TrainSel CDmean (untargeted, published)",NA,0.351108182529629,0.732917678932995,0.88028083800053
"Switchgrass",35,3,175,"Random (published)",NA,0.357296283828434,0.72352390664151,0.857365644745242
"Switchgrass",35,3,175,"TSOpt default (targeted)",0.123999999999967,0.396989917727252,0.750342562164325,0.869137820684917
"Switchgrass",35,3,175,"TSOpt (untargeted)",0.212000000000046,0.378166494488454,0.741475489296312,0.878724952565395
"Switchgrass",35,4,265,"TrainSel CDmean (targeted, published)",NA,0.40822625846973,0.759600708053411,0.873170015495189
"Switchgrass",35,4,265,"TrainSel CDmean (untargeted, published)",NA,0.365678526141296,0.750691513256003,0.874685293111117
"Switchgrass",35,4,265,"Random (published)",NA,0.386296692553024,0.748780318935291,0.878633870361513
"Switchgrass",35,4,265,"TSOpt default (targeted)",0.264999999999986,0.408862038583237,0.763483071009059,0.873823000452135
"Switchgrass",35,4,265,"TSOpt (untargeted)",0.397000000000048,0.396451678830815,0.757716805245236,0.878941667295291
"Switchgrass",35,5,350,"TrainSel CDmean (targeted, published)",NA,0.412811580168819,0.765803727321191,0.875619853059085
"Switchgrass",35,5,350,"TrainSel CDmean (untargeted, published)",NA,0.391171133177559,0.765733582404891,0.864515179840094
"Switchgrass",35,5,350,"Random (published)",NA,0.402992492762304,0.756991679922289,0.865271507893622
"Switchgrass",35,5,350,"TSOpt default (targeted)",0.463999999999999,0.412931426169603,0.766660925037283,0.87384748485814
"Switchgrass",35,5,350,"TSOpt (untargeted)",0.716999999999985,0.406015954723588,0.760547027103427,0.877101718189048
"Switchgrass",36,1,45,"TrainSel CDmean (targeted, published)",NA,0.211929083779505,0.56220649042696,0.82269916713349
"Switchgrass",36,1,45,"TrainSel CDmean (untargeted, published)",NA,0.186326319577149,0.577612476863694,0.788333626927839
"Switchgrass",36,1,45,"Random (published)",NA,0.172430158759097,0.618232011189493,0.858625552158731
"Switchgrass",36,1,45,"TSOpt default (targeted)",0.02800000000002,0.22434068651307,0.595193566230007,0.85008947138647
"Switchgrass",36,1,45,"TSOpt (untargeted)",0.0539999999999736,0.202528282368096,0.58854447411765,0.835709290216614
"Switchgrass",36,2,90,"TrainSel CDmean (targeted, published)",NA,0.265581208622781,0.611877160938854,0.866316986715883
"Switchgrass",36,2,90,"TrainSel CDmean (untargeted, published)",NA,0.23389791274511,0.652687588949334,0.879858432316183
"Switchgrass",36,2,90,"Random (published)",NA,0.22504523105527,0.585129213615199,0.847993881545153
"Switchgrass",36,2,90,"TSOpt default (targeted)",0.0429999999999495,0.271726567156559,0.63700994091923,0.882262937740056
"Switchgrass",36,2,90,"TSOpt (untargeted)",0.122000000000014,0.24947100249118,0.617124349455402,0.811292357366215
"Switchgrass",36,3,175,"TrainSel CDmean (targeted, published)",NA,0.301679377328604,0.636930276477622,0.873704021113362
"Switchgrass",36,3,175,"TrainSel CDmean (untargeted, published)",NA,0.265125372884384,0.642155611549193,0.846939627947942
"Switchgrass",36,3,175,"Random (published)",NA,0.259164001086946,0.665436688233653,0.88257376329068
"Switchgrass",36,3,175,"TSOpt default (targeted)",0.0989999999999895,0.304061822103783,0.63251686049723,0.854575492365365
"Switchgrass",36,3,175,"TSOpt (untargeted)",0.233000000000004,0.286153190098513,0.651993309929689,0.882454757727166
"Switchgrass",36,4,265,"TrainSel CDmean (targeted, published)",NA,0.315024879057844,0.651541439669888,0.871039882189788
"Switchgrass",36,4,265,"TrainSel CDmean (untargeted, published)",NA,0.288734968711498,0.646689842598252,0.867373344729067
"Switchgrass",36,4,265,"Random (published)",NA,0.292972895761292,0.661567044740091,0.883739491624674
"Switchgrass",36,4,265,"TSOpt default (targeted)",0.270000000000039,0.315923341158026,0.651443313914046,0.881686314595099
"Switchgrass",36,4,265,"TSOpt (untargeted)",0.413999999999987,0.303576611593365,0.64962269178576,0.89509069686087
"Switchgrass",36,5,350,"TrainSel CDmean (targeted, published)",NA,0.320751029281173,0.660075792630933,0.878054353260934
"Switchgrass",36,5,350,"TrainSel CDmean (untargeted, published)",NA,0.315275703428541,0.662222848110235,0.891525329222314
"Switchgrass",36,5,350,"Random (published)",NA,0.30473461768086,0.670968687628036,0.892065220680853
"Switchgrass",36,5,350,"TSOpt default (targeted)",0.490000000000009,0.321086383027408,0.655119275817563,0.881952247933518
"Switchgrass",36,5,350,"TSOpt (untargeted)",0.73599999999999,0.314067677767242,0.66319862837797,0.881580376186793
"Switchgrass",37,1,45,"TrainSel CDmean (targeted, published)",NA,0.230518264282295,0.585032424253472,0.779531837260342
"Switchgrass",37,1,45,"TrainSel CDmean (untargeted, published)",NA,0.212692358194737,0.578378899013652,0.806572587524693
"Switchgrass",37,1,45,"Random (published)",NA,0.183776217258736,0.603370367260104,0.768582897151401
"Switchgrass",37,1,45,"TSOpt default (targeted)",0.0519999999999641,0.240209985279082,0.584122797861494,0.784553632251537
"Switchgrass",37,1,45,"TSOpt (untargeted)",0.0559999999999832,0.22462234080103,0.583994017138504,0.757485793892615
"Switchgrass",37,2,90,"TrainSel CDmean (targeted, published)",NA,0.280240724042261,0.603573485953688,0.8188042385486
"Switchgrass",37,2,90,"TrainSel CDmean (untargeted, published)",NA,0.254985133232355,0.633137871712848,0.796658259324621
"Switchgrass",37,2,90,"Random (published)",NA,0.243831413533094,0.631560847513867,0.752856401605225
"Switchgrass",37,2,90,"TSOpt default (targeted)",0.0500000000000114,0.283795862908599,0.615763057472022,0.827243321281687
"Switchgrass",37,2,90,"TSOpt (untargeted)",0.113,0.268760102413089,0.624931130067169,0.804405541780425
"Switchgrass",37,3,175,"TrainSel CDmean (targeted, published)",NA,0.314615766844138,0.615147151074611,0.813894861305003
"Switchgrass",37,3,175,"TrainSel CDmean (untargeted, published)",NA,0.283075707341313,0.609887483372674,0.807068009664804
"Switchgrass",37,3,175,"Random (published)",NA,0.283652893826846,0.649413000862892,0.800645228042673
"Switchgrass",37,3,175,"TSOpt default (targeted)",0.122000000000014,0.315982344590447,0.626616843707945,0.804014336870749
"Switchgrass",37,3,175,"TSOpt (untargeted)",0.253999999999962,0.301493049609691,0.629322274863727,0.820472185936847
"Switchgrass",37,4,265,"TrainSel CDmean (targeted, published)",NA,0.329081932463565,0.624492749329891,0.813028627161434
"Switchgrass",37,4,265,"TrainSel CDmean (untargeted, published)",NA,0.301918714773086,0.596827625305456,0.794722117022359
"Switchgrass",37,4,265,"Random (published)",NA,0.307917088768026,0.622023792979719,0.798779626620575
"Switchgrass",37,4,265,"TSOpt default (targeted)",0.300000000000011,0.329532734462611,0.627807128451112,0.813831690852539
"Switchgrass",37,4,265,"TSOpt (untargeted)",0.489999999999952,0.318802930531432,0.639099765078043,0.825878931157696
"Switchgrass",37,5,350,"TrainSel CDmean (targeted, published)",NA,0.335201853986873,0.630918627827727,0.819527500367062
"Switchgrass",37,5,350,"TrainSel CDmean (untargeted, published)",NA,0.326347579554362,0.621560908196439,0.790843623096324
"Switchgrass",37,5,350,"Random (published)",NA,0.323059921486899,0.62750215202933,0.824783160406542
"Switchgrass",37,5,350,"TSOpt default (targeted)",0.545000000000016,0.334703423261835,0.635917169465478,0.808848801094315
"Switchgrass",37,5,350,"TSOpt (untargeted)",0.849999999999966,0.329167127842308,0.635311079217945,0.802836192955988
"Switchgrass",38,1,45,"TrainSel CDmean (targeted, published)",NA,0.274478124191669,0.603511740475649,0.813896773238693
"Switchgrass",38,1,45,"TrainSel CDmean (untargeted, published)",NA,0.26783306076681,0.626526657961252,0.775907753419073
"Switchgrass",38,1,45,"Random (published)",NA,0.250103282471601,0.577577769883001,0.74089655150591
"Switchgrass",38,1,45,"TSOpt default (targeted)",0.0319999999999823,0.293069995618181,0.672096043258881,0.843459314169938
"Switchgrass",38,1,45,"TSOpt (untargeted)",0.0900000000000318,0.27201635781282,0.656554500411943,0.754621906356116
"Switchgrass",38,2,90,"TrainSel CDmean (targeted, published)",NA,0.333330020496936,0.639919179380638,0.817615963136535
"Switchgrass",38,2,90,"TrainSel CDmean (untargeted, published)",NA,0.304480029469228,0.669858934685462,0.803908804443846
"Switchgrass",38,2,90,"Random (published)",NA,0.298487682448808,0.732699120241535,0.902308051424045
"Switchgrass",38,2,90,"TSOpt default (targeted)",0.0540000000000305,0.33974763093051,0.725179818980297,0.891621354081635
"Switchgrass",38,2,90,"TSOpt (untargeted)",0.194999999999993,0.320151830072109,0.723269100420898,0.883041583245422
"Switchgrass",38,3,175,"TrainSel CDmean (targeted, published)",NA,0.372577933448483,0.747178300121175,0.907335949896279
"Switchgrass",38,3,175,"TrainSel CDmean (untargeted, published)",NA,0.329942509029914,0.727296092082005,0.921908921142542
"Switchgrass",38,3,175,"Random (published)",NA,0.33752923058104,0.70345523350982,0.854941355569694
"Switchgrass",38,3,175,"TSOpt default (targeted)",0.164999999999964,0.373982597166654,0.74670085821981,0.91826875655009
"Switchgrass",38,3,175,"TSOpt (untargeted)",0.228000000000009,0.356316702534598,0.747644600450937,0.901137349145462
"Switchgrass",38,4,265,"TrainSel CDmean (targeted, published)",NA,0.387705379098516,0.746917607015851,0.898483164935123
"Switchgrass",38,4,265,"TrainSel CDmean (untargeted, published)",NA,0.349412981030599,0.744730458651332,0.898467033335689
"Switchgrass",38,4,265,"Random (published)",NA,0.363657337060117,0.740434830707976,0.900633888889261
"Switchgrass",38,4,265,"TSOpt default (targeted)",0.303999999999974,0.388313735643486,0.753497800876462,0.904068892787085
"Switchgrass",38,4,265,"TSOpt (untargeted)",0.465000000000032,0.377391385264335,0.746025444974901,0.895235941597508
"Switchgrass",38,5,350,"TrainSel CDmean (targeted, published)",NA,0.394337335390022,0.758173255806853,0.906167368070505
"Switchgrass",38,5,350,"TrainSel CDmean (untargeted, published)",NA,0.37299170262569,0.754232723058546,0.898858278588755
"Switchgrass",38,5,350,"Random (published)",NA,0.38379147893528,0.749863393009492,0.906257356593369
"Switchgrass",38,5,350,"TSOpt default (targeted)",0.524000000000001,0.394425493909096,0.758788320583081,0.906703476307333
"Switchgrass",38,5,350,"TSOpt (untargeted)",0.736999999999966,0.388017117175228,0.754529093862368,0.892779873104026
"Switchgrass",39,1,45,"TrainSel CDmean (targeted, published)",NA,0.261758328592048,0.688261280597361,0.878537631379174
"Switchgrass",39,1,45,"TrainSel CDmean (untargeted, published)",NA,0.259236396676806,0.673319646879378,0.857072158151266
"Switchgrass",39,1,45,"Random (published)",NA,0.247836918561808,0.642881574663004,0.867818740051875
"Switchgrass",39,1,45,"TSOpt default (targeted)",0.0289999999999964,0.281069715238476,0.721069403881332,0.867931285018389
"Switchgrass",39,1,45,"TSOpt (untargeted)",0.0529999999999973,0.262381169274002,0.705009093385116,0.856501091555125
"Switchgrass",39,2,90,"TrainSel CDmean (targeted, published)",NA,0.318290098306661,0.727746007956106,0.886261749755793
"Switchgrass",39,2,90,"TrainSel CDmean (untargeted, published)",NA,0.297217884702794,0.714927095327106,0.85499399948683
"Switchgrass",39,2,90,"Random (published)",NA,0.282401977875717,0.700250938465388,0.845239685284284
"Switchgrass",39,2,90,"TSOpt default (targeted)",0.0430000000000064,0.3251310950591,0.73896977293524,0.891044554214456
"Switchgrass",39,2,90,"TSOpt (untargeted)",0.107000000000028,0.307512414525601,0.720622283205313,0.870127621699835
"Switchgrass",39,3,175,"TrainSel CDmean (targeted, published)",NA,0.355539341776918,0.741216507608467,0.890682007115876
"Switchgrass",39,3,175,"TrainSel CDmean (untargeted, published)",NA,0.323894951566858,0.736108078399455,0.872438378258273
"Switchgrass",39,3,175,"Random (published)",NA,0.321928667308946,0.735358576981666,0.884573673978151
"Switchgrass",39,3,175,"TSOpt default (targeted)",0.0980000000000132,0.357557127291973,0.744932516624496,0.887973825733317
"Switchgrass",39,3,175,"TSOpt (untargeted)",0.21999999999997,0.341174215094926,0.744297981797434,0.871977571153156
"Switchgrass",39,4,265,"TrainSel CDmean (targeted, published)",NA,0.369887563144507,0.747225621495221,0.873190426309289
"Switchgrass",39,4,265,"TrainSel CDmean (untargeted, published)",NA,0.336663668580739,0.736627697678239,0.872961684522223
"Switchgrass",39,4,265,"Random (published)",NA,0.34781318626833,0.750863509278801,0.87194614679776
"Switchgrass",39,4,265,"TSOpt default (targeted)",0.257000000000005,0.370322596444986,0.749055002005348,0.899415803217652
"Switchgrass",39,4,265,"TSOpt (untargeted)",0.403999999999996,0.360171527880827,0.761912145220121,0.882422626164094
"Switchgrass",39,5,350,"TrainSel CDmean (targeted, published)",NA,0.37567476626168,0.753503567259424,0.895693590503595
"Switchgrass",39,5,350,"TrainSel CDmean (untargeted, published)",NA,0.359407241060644,0.74136423356398,0.877563279571996
"Switchgrass",39,5,350,"Random (published)",NA,0.368662357503559,0.75349245216308,0.883004860664143
"Switchgrass",39,5,350,"TSOpt default (targeted)",0.449999999999989,0.375852449795651,0.751884357349579,0.887929993862317
"Switchgrass",39,5,350,"TSOpt (untargeted)",0.745000000000005,0.370161327689736,0.756523370781836,0.878990531594135
"Switchgrass",40,1,45,"TrainSel CDmean (targeted, published)",NA,0.307328054979305,0.733735258044072,0.903002126851497
"Switchgrass",40,1,45,"TrainSel CDmean (untargeted, published)",NA,0.287943260253365,0.713941752804785,0.8754691340261
"Switchgrass",40,1,45,"Random (published)",NA,0.258544578936854,0.647526814951002,0.831738762120653
"Switchgrass",40,1,45,"TSOpt default (targeted)",0.0289999999999964,0.32133826697778,0.724146720837043,0.910090587349028
"Switchgrass",40,1,45,"TSOpt (untargeted)",0.0529999999999973,0.294956961838791,0.683420781518536,0.890827026220883
"Switchgrass",40,2,90,"TrainSel CDmean (targeted, published)",NA,0.361243983444132,0.728541254122832,0.909494699380093
"Switchgrass",40,2,90,"TrainSel CDmean (untargeted, published)",NA,0.329820006757372,0.726674179075388,0.935095316248306
"Switchgrass",40,2,90,"Random (published)",NA,0.296743774441862,0.733506046877645,0.932858547373984
"Switchgrass",40,2,90,"TSOpt default (targeted)",0.0670000000000073,0.366266694250271,0.75982543825857,0.927366333869309
"Switchgrass",40,2,90,"TSOpt (untargeted)",0.0910000000000082,0.341522858552107,0.742723318647651,0.940347068992191
"Switchgrass",40,3,175,"TrainSel CDmean (targeted, published)",NA,0.394781293713711,0.762949509505658,0.945784668420923
"Switchgrass",40,3,175,"TrainSel CDmean (untargeted, published)",NA,0.353123295167908,0.745265730878091,0.934197110191827
"Switchgrass",40,3,175,"Random (published)",NA,0.361735095423948,0.734261973957211,0.938900928601591
"Switchgrass",40,3,175,"TSOpt default (targeted)",0.123000000000047,0.396374547709214,0.766905584459789,0.944993678715028
"Switchgrass",40,3,175,"TSOpt (untargeted)",0.200999999999965,0.377172364257838,0.773987850086871,0.941277577344361
"Switchgrass",40,4,265,"TrainSel CDmean (targeted, published)",NA,0.407330590150577,0.777628025872264,0.936444299333111
"Switchgrass",40,4,265,"TrainSel CDmean (untargeted, published)",NA,0.369068257765294,0.732153435579956,0.929463611350404
"Switchgrass",40,4,265,"Random (published)",NA,0.380403713583795,0.745797799116909,0.94106958528933
"Switchgrass",40,4,265,"TSOpt default (targeted)",0.249000000000024,0.408312704507733,0.775120851678419,0.942187696910541
"Switchgrass",40,4,265,"TSOpt (untargeted)",0.430000000000007,0.396420585316645,0.781951304974236,0.944274742480715
"Switchgrass",40,5,350,"TrainSel CDmean (targeted, published)",NA,0.412433496781079,0.773028591881366,0.94244048502462
"Switchgrass",40,5,350,"TrainSel CDmean (untargeted, published)",NA,0.387829495762022,0.755353282463648,0.928344686309489
"Switchgrass",40,5,350,"Random (published)",NA,0.400174254695867,0.774256984954418,0.932420680250464
"Switchgrass",40,5,350,"TSOpt default (targeted)",0.461999999999989,0.412484050370383,0.775266869636636,0.942859027928039
"Switchgrass",40,5,350,"TSOpt (untargeted)",0.68100000000004,0.405906925687464,0.780218243037844,0.942212700107653
