"dataset","rep","size","n","method","seconds","cdmean","pa","ndcg10"
"Rice",1,1,30,"TrainSel CDmean (targeted, published)",NA,0.195889974399073,0.427297603231633,0.742145286751312
"Rice",1,1,30,"TrainSel CDmean (untargeted, published)",NA,0.155657732173297,0.213041651299993,0.70072359391609
"Rice",1,1,30,"Random (published)",NA,0.114769146538927,0.0499247600208342,0.676032896134842
"Rice",1,1,30,"TSOpt default (targeted)",0.0349999999999966,0.195572299658205,0.429320052155585,0.759164963402758
"Rice",1,1,30,"TSOpt (untargeted)",0.0229999999999961,0.173828377020673,0.439026397355549,0.768485566185058
"Rice",1,2,55,"TrainSel CDmean (targeted, published)",NA,0.261751819992856,0.441705603162469,0.801736612013284
"Rice",1,2,55,"TrainSel CDmean (untargeted, published)",NA,0.22121684786806,0.264617312150563,0.707932424966993
"Rice",1,2,55,"Random (published)",NA,0.188176837591693,0.263104724374503,0.642111065872091
"Rice",1,2,55,"TSOpt default (targeted)",0.0210000000000008,0.262133326723276,0.421408989544791,0.763822903526866
"Rice",1,2,55,"TSOpt (untargeted)",0.0319999999999965,0.239421494878979,0.350059218150771,0.778701729905798
"Rice",1,3,110,"TrainSel CDmean (targeted, published)",NA,0.338080045263714,0.422983349947606,0.742056423809852
"Rice",1,3,110,"TrainSel CDmean (untargeted, published)",NA,0.292280801634885,0.220939245965751,0.666897668460933
"Rice",1,3,110,"Random (published)",NA,0.279554544672988,0.23589325244305,0.700679558766814
"Rice",1,3,110,"TSOpt default (targeted)",0.0369999999999919,0.339087141582361,0.421245253254497,0.733022490199821
"Rice",1,3,110,"TSOpt (untargeted)",0.0739999999999981,0.317785463277911,0.334809093050003,0.760838540356149
"Rice",1,4,165,"TrainSel CDmean (targeted, published)",NA,0.383680265980423,0.384301914192844,0.752507421352467
"Rice",1,4,165,"TrainSel CDmean (untargeted, published)",NA,0.34659621147628,0.344918726114802,0.700137300297053
"Rice",1,4,165,"Random (published)",NA,0.339957618716174,0.168709352427828,0.632153102366377
"Rice",1,4,165,"TSOpt default (targeted)",0.0660000000000025,0.383933262880665,0.391778782211176,0.749729985468461
"Rice",1,4,165,"TSOpt (untargeted)",0.122,0.368116351051635,0.39561951856553,0.70313226124344
"Rice",1,5,220,"TrainSel CDmean (targeted, published)",NA,0.412345099291604,0.404457997201645,0.735963091573712
"Rice",1,5,220,"TrainSel CDmean (untargeted, published)",NA,0.395964230076313,0.388713272857047,0.781637787737511
"Rice",1,5,220,"Random (published)",NA,0.389975120046931,0.466851482430561,0.76768778637999
"Rice",1,5,220,"TSOpt default (targeted)",0.126999999999995,0.412534609009463,0.404731961328291,0.72996472571971
"Rice",1,5,220,"TSOpt (untargeted)",0.190000000000012,0.404739948346492,0.422521359682753,0.743434020523938
"Rice",2,1,30,"TrainSel CDmean (targeted, published)",NA,0.201678502348513,0.231513552910005,0.668754267142291
"Rice",2,1,30,"TrainSel CDmean (untargeted, published)",NA,0.153078190866722,0.15738886505512,0.588130548839298
"Rice",2,1,30,"Random (published)",NA,0.12527194567667,0.065709514799733,0.450634665382455
"Rice",2,1,30,"TSOpt default (targeted)",0.0169999999999959,0.203554494254621,0.218155325668707,0.656502238728003
"Rice",2,1,30,"TSOpt (untargeted)",0.0240000000000009,0.177266462207291,0.165439328463425,0.592119065406681
"Rice",2,2,55,"TrainSel CDmean (targeted, published)",NA,0.268273608526951,0.313622763522763,0.762358325965918
"Rice",2,2,55,"TrainSel CDmean (untargeted, published)",NA,0.214967688919229,0.101283775620423,0.481717968258424
"Rice",2,2,55,"Random (published)",NA,0.175941661536903,0.291513906442699,0.677913550090635
"Rice",2,2,55,"TSOpt default (targeted)",0.0210000000000008,0.269648352630014,0.288941406355114,0.700766440306117
"Rice",2,2,55,"TSOpt (untargeted)",0.032999999999987,0.250574430245177,0.232525694245014,0.607693752299798
"Rice",2,3,110,"TrainSel CDmean (targeted, published)",NA,0.342585940191541,0.344137547423446,0.75230776710175
"Rice",2,3,110,"TrainSel CDmean (untargeted, published)",NA,0.290603093915902,0.312658319534754,0.722959320176599
"Rice",2,3,110,"Random (published)",NA,0.271107586076685,0.219915984107654,0.623825814564017
"Rice",2,3,110,"TSOpt default (targeted)",0.0489999999999924,0.342911853638105,0.327774942595317,0.749298847787376
"Rice",2,3,110,"TSOpt (untargeted)",0.0620000000000118,0.324977241927453,0.281158110489227,0.751156951193144
"Rice",2,4,165,"TrainSel CDmean (targeted, published)",NA,0.383970031490655,0.323892361859295,0.768988192164824
"Rice",2,4,165,"TrainSel CDmean (untargeted, published)",NA,0.340078759438792,0.286111678896747,0.69654580245515
"Rice",2,4,165,"Random (published)",NA,0.348230507206482,0.226177143633073,0.687409007562957
"Rice",2,4,165,"TSOpt default (targeted)",0.0810000000000031,0.384280160862663,0.331845403542768,0.752157118220205
"Rice",2,4,165,"TSOpt (untargeted)",0.119,0.372354950925199,0.303668296530789,0.764565686652764
"Rice",2,5,220,"TrainSel CDmean (targeted, published)",NA,0.411188470139513,0.322709708497026,0.722669416821662
"Rice",2,5,220,"TrainSel CDmean (untargeted, published)",NA,0.393039997806789,0.343128546217655,0.716852377627273
"Rice",2,5,220,"Random (published)",NA,0.386903957443061,0.317045446755543,0.764131729115768
"Rice",2,5,220,"TSOpt default (targeted)",0.137999999999991,0.411346276871338,0.343886846421262,0.747086871599854
"Rice",2,5,220,"TSOpt (untargeted)",0.182000000000002,0.404099125854937,0.322188665868321,0.747700697910791
"Rice",3,1,30,"TrainSel CDmean (targeted, published)",NA,0.215557178251429,0.329161465396463,0.742092211280416
"Rice",3,1,30,"TrainSel CDmean (untargeted, published)",NA,0.165435766144873,0.256408188178523,0.76225216448564
"Rice",3,1,30,"Random (published)",NA,0.141223459160908,0.266722371337075,0.718134853299583
"Rice",3,1,30,"TSOpt default (targeted)",0.0180000000000007,0.215424982251827,0.358417212108333,0.764711528337386
"Rice",3,1,30,"TSOpt (untargeted)",0.0349999999999966,0.184115307510439,0.290298977623646,0.72572329539051
"Rice",3,2,55,"TrainSel CDmean (targeted, published)",NA,0.276558471705305,0.344136831747103,0.752918089136711
"Rice",3,2,55,"TrainSel CDmean (untargeted, published)",NA,0.224304268174173,0.276755031866166,0.704680840828234
"Rice",3,2,55,"Random (published)",NA,0.169667596872244,0.171570854581989,0.524090243359576
"Rice",3,2,55,"TSOpt default (targeted)",0.019999999999996,0.277174255762595,0.339962549644137,0.733489791264505
"Rice",3,2,55,"TSOpt (untargeted)",0.0349999999999966,0.252173446452256,0.324814065291062,0.789864080637513
"Rice",3,3,110,"TrainSel CDmean (targeted, published)",NA,0.350706290109571,0.337122005093864,0.697673300492466
"Rice",3,3,110,"TrainSel CDmean (untargeted, published)",NA,0.291152289477317,0.274561483837103,0.747755083412433
"Rice",3,3,110,"Random (published)",NA,0.297208947839585,0.226108754031911,0.739342437927505
"Rice",3,3,110,"TSOpt default (targeted)",0.0369999999999919,0.35143810600787,0.338108422359779,0.736113346072264
"Rice",3,3,110,"TSOpt (untargeted)",0.0720000000000027,0.330935684740504,0.382358684314674,0.748773982228474
"Rice",3,4,165,"TrainSel CDmean (targeted, published)",NA,0.393228714029663,0.37770246315693,0.707173584142387
"Rice",3,4,165,"TrainSel CDmean (untargeted, published)",NA,0.355008969553092,0.410972442058103,0.773282985645466
"Rice",3,4,165,"Random (published)",NA,0.353060870736468,0.331404002909014,0.65433541420424
"Rice",3,4,165,"TSOpt default (targeted)",0.0659999999999883,0.393449676772819,0.348930391344604,0.722141516746524
"Rice",3,4,165,"TSOpt (untargeted)",0.113,0.377476028458394,0.355851507720919,0.692295967784209
"Rice",3,5,220,"TrainSel CDmean (targeted, published)",NA,0.421166686681717,0.363775855305022,0.714173024236432
"Rice",3,5,220,"TrainSel CDmean (untargeted, published)",NA,0.402525797443538,0.346788065614519,0.767442830369666
"Rice",3,5,220,"Random (published)",NA,0.392019759846069,0.366749532808343,0.768101632985965
"Rice",3,5,220,"TSOpt default (targeted)",0.131,0.421417511819718,0.365986312895,0.724027021429494
"Rice",3,5,220,"TSOpt (untargeted)",0.173000000000002,0.411600176022735,0.36263598720266,0.726001819432771
"Rice",4,1,30,"TrainSel CDmean (targeted, published)",NA,0.217262992581768,0.370885847880782,0.756907755621442
"Rice",4,1,30,"TrainSel CDmean (untargeted, published)",NA,0.165278499050589,0.232731473433432,0.704162036865955
"Rice",4,1,30,"Random (published)",NA,0.121330175080822,0.051405909587756,0.589837257706839
"Rice",4,1,30,"TSOpt default (targeted)",0.0169999999999959,0.218361279180066,0.374431090681933,0.784941678128477
"Rice",4,1,30,"TSOpt (untargeted)",0.0240000000000009,0.189977028641752,0.33761474201817,0.806428185866284
"Rice",4,2,55,"TrainSel CDmean (targeted, published)",NA,0.283052297536097,0.377844185779195,0.793305662252706
"Rice",4,2,55,"TrainSel CDmean (untargeted, published)",NA,0.244091599082477,0.291283162479287,0.761763032669924
"Rice",4,2,55,"Random (published)",NA,0.186813450710579,0.2350261092866,0.670492717615761
"Rice",4,2,55,"TSOpt default (targeted)",0.0210000000000008,0.283752834370594,0.343596681625671,0.851195328744781
"Rice",4,2,55,"TSOpt (untargeted)",0.0330000000000013,0.262890262321003,0.311332557301329,0.78739975024939
"Rice",4,3,110,"TrainSel CDmean (targeted, published)",NA,0.360938068402967,0.36080202213075,0.766157546357733
"Rice",4,3,110,"TrainSel CDmean (untargeted, published)",NA,0.315114765614218,0.256297245918756,0.793068108422466
"Rice",4,3,110,"Random (published)",NA,0.291280945897139,0.275795563010513,0.719007348954282
"Rice",4,3,110,"TSOpt default (targeted)",0.0499999999999972,0.361207881192489,0.343236482598223,0.788947768103677
"Rice",4,3,110,"TSOpt (untargeted)",0.0600000000000023,0.33809896812104,0.351987815279708,0.770931719729679
"Rice",4,4,165,"TrainSel CDmean (targeted, published)",NA,0.405627583491323,0.382270498438115,0.779897827079039
"Rice",4,4,165,"TrainSel CDmean (untargeted, published)",NA,0.370878351016091,0.345505036824676,0.735405370132872
"Rice",4,4,165,"Random (published)",NA,0.367577423774658,0.300090392351043,0.755645793444457
"Rice",4,4,165,"TSOpt default (targeted)",0.0700000000000074,0.405957621430639,0.379278106232615,0.740620828289281
"Rice",4,4,165,"TSOpt (untargeted)",0.122,0.389430799427308,0.360240465582256,0.739536837749333
"Rice",4,5,220,"TrainSel CDmean (targeted, published)",NA,0.43502946678855,0.388005676666628,0.80997686091646
"Rice",4,5,220,"TrainSel CDmean (untargeted, published)",NA,0.412833608296801,0.368619024661888,0.811544382042968
"Rice",4,5,220,"Random (published)",NA,0.412494982128523,0.34233838593926,0.777542804398163
"Rice",4,5,220,"TSOpt default (targeted)",0.131,0.435040743094673,0.398844588112529,0.776163341593976
"Rice",4,5,220,"TSOpt (untargeted)",0.183000000000007,0.423292097429915,0.374785117881656,0.77879373084257
"Rice",5,1,30,"TrainSel CDmean (targeted, published)",NA,0.223867028531825,0.236609482545952,0.728403262186354
"Rice",5,1,30,"TrainSel CDmean (untargeted, published)",NA,0.167945557050386,0.215862503874942,0.734824952614787
"Rice",5,1,30,"Random (published)",NA,0.117944212572908,0.113572127675506,0.655349146514073
"Rice",5,1,30,"TSOpt default (targeted)",0.0169999999999959,0.226125481312747,0.317648510862848,0.730552737009034
"Rice",5,1,30,"TSOpt (untargeted)",0.0240000000000009,0.201157887266342,0.323430324575976,0.75142462393954
"Rice",5,2,55,"TrainSel CDmean (targeted, published)",NA,0.28573851076311,0.348695134032519,0.784336648684944
"Rice",5,2,55,"TrainSel CDmean (untargeted, published)",NA,0.235415122665823,0.314441826433656,0.660979791109248
"Rice",5,2,55,"Random (published)",NA,0.177108826375256,0.262672146432938,0.662202393661716
"Rice",5,2,55,"TSOpt default (targeted)",0.0210000000000008,0.287876095646063,0.352652302690514,0.680372580549805
"Rice",5,2,55,"TSOpt (untargeted)",0.0339999999999918,0.262502176449508,0.263222606864577,0.739450445968961
"Rice",5,3,110,"TrainSel CDmean (targeted, published)",NA,0.362403338759652,0.422932299179324,0.746727982820894
"Rice",5,3,110,"TrainSel CDmean (untargeted, published)",NA,0.310700861395891,0.375829911426264,0.731366205584154
"Rice",5,3,110,"Random (published)",NA,0.280919148378679,0.323401715272921,0.69626341311276
"Rice",5,3,110,"TSOpt default (targeted)",0.0379999999999967,0.362963189873247,0.431024398092767,0.741787517952604
"Rice",5,3,110,"TSOpt (untargeted)",0.078000000000003,0.345207416261857,0.31113152606003,0.753535704697677
"Rice",5,4,165,"TrainSel CDmean (targeted, published)",NA,0.403932876120822,0.440334908008365,0.746787649405879
"Rice",5,4,165,"TrainSel CDmean (untargeted, published)",NA,0.361286300955269,0.350510053056008,0.713119412283382
"Rice",5,4,165,"Random (published)",NA,0.348087759517133,0.30736800646546,0.699807107476689
"Rice",5,4,165,"TSOpt default (targeted)",0.0669999999999931,0.404229207431813,0.456637661458921,0.748763659045997
"Rice",5,4,165,"TSOpt (untargeted)",0.103999999999999,0.386832385451795,0.381377751232153,0.726340138467948
"Rice",5,5,220,"TrainSel CDmean (targeted, published)",NA,0.431219047996245,0.429673389345213,0.743192500116191
"Rice",5,5,220,"TrainSel CDmean (untargeted, published)",NA,0.411371814707125,0.366948154119115,0.747862413677829
"Rice",5,5,220,"Random (published)",NA,0.417626454640712,0.399626777529246,0.70446531395258
"Rice",5,5,220,"TSOpt default (targeted)",0.142999999999986,0.431423380243696,0.453712633610376,0.763050025631154
"Rice",5,5,220,"TSOpt (untargeted)",0.171000000000006,0.421689948527506,0.384445510966361,0.753691118245568
"Rice",6,1,30,"TrainSel CDmean (targeted, published)",NA,0.229809798474127,0.484070370693241,0.835353851487912
"Rice",6,1,30,"TrainSel CDmean (untargeted, published)",NA,0.168256070432178,0.200047568165504,0.645214199096014
"Rice",6,1,30,"Random (published)",NA,0.135719082659819,0.233683935877556,0.614068561182113
"Rice",6,1,30,"TSOpt default (targeted)",0.0180000000000007,0.230092079546629,0.444475478764969,0.833002377187468
"Rice",6,1,30,"TSOpt (untargeted)",0.0570000000000022,0.195339010166779,0.496778186759962,0.856371562250979
"Rice",6,2,55,"TrainSel CDmean (targeted, published)",NA,0.293635498578136,0.435467666820871,0.856242851218413
"Rice",6,2,55,"TrainSel CDmean (untargeted, published)",NA,0.242735297098519,0.463222273475103,0.836522846952173
"Rice",6,2,55,"Random (published)",NA,0.196820657436427,0.28875847916375,0.644786223582656
"Rice",6,2,55,"TSOpt default (targeted)",0.0210000000000008,0.295005855648974,0.461300451399129,0.847636874360889
"Rice",6,2,55,"TSOpt (untargeted)",0.034000000000006,0.26548307140369,0.429238395444129,0.844100646028672
"Rice",6,3,110,"TrainSel CDmean (targeted, published)",NA,0.367905112172575,0.511345383444044,0.852775455284465
"Rice",6,3,110,"TrainSel CDmean (untargeted, published)",NA,0.314826072148627,0.442034650348095,0.733993068822938
"Rice",6,3,110,"Random (published)",NA,0.305329984672891,0.350699083425458,0.792645177181853
"Rice",6,3,110,"TSOpt default (targeted)",0.0460000000000065,0.368460088649333,0.477489368806119,0.844224233251914
"Rice",6,3,110,"TSOpt (untargeted)",0.0649999999999977,0.343438341624638,0.473232113914449,0.86368623185201
"Rice",6,4,165,"TrainSel CDmean (targeted, published)",NA,0.409807196670323,0.552048419227861,0.855736488365668
"Rice",6,4,165,"TrainSel CDmean (untargeted, published)",NA,0.366711682752038,0.499820961802118,0.841936013065122
"Rice",6,4,165,"Random (published)",NA,0.37166024845622,0.463020238665198,0.813277461722145
"Rice",6,4,165,"TSOpt default (targeted)",0.0900000000000034,0.410011677810693,0.56578487902778,0.864456019350235
"Rice",6,4,165,"TSOpt (untargeted)",0.105999999999995,0.393242833511109,0.517817975034815,0.862807916817279
"Rice",6,5,220,"TrainSel CDmean (targeted, published)",NA,0.437527706749677,0.559422571526594,0.834319049278138
"Rice",6,5,220,"TrainSel CDmean (untargeted, published)",NA,0.415992693491394,0.509620082936079,0.815241234888861
"Rice",6,5,220,"Random (published)",NA,0.412616387289079,0.516241628525579,0.86044218108803
"Rice",6,5,220,"TSOpt default (targeted)",0.119,0.437715171687034,0.57343698564502,0.861882760926556
"Rice",6,5,220,"TSOpt (untargeted)",0.209999999999994,0.429090011682464,0.544653737134583,0.861240514199586
"Rice",7,1,30,"TrainSel CDmean (targeted, published)",NA,0.182809030271361,0.313184155269388,0.635766994427606
"Rice",7,1,30,"TrainSel CDmean (untargeted, published)",NA,0.154000198493663,0.0326281207146726,0.644388511178896
"Rice",7,1,30,"Random (published)",NA,0.130120873234112,0.208551260912426,0.592257227172885
"Rice",7,1,30,"TSOpt default (targeted)",0.0170000000000101,0.183994249198963,0.28225349111747,0.714391454225792
"Rice",7,1,30,"TSOpt (untargeted)",0.0249999999999915,0.160279288998472,0.0812729289585814,0.620903471618631
"Rice",7,2,55,"TrainSel CDmean (targeted, published)",NA,0.245859594812899,0.228805944703462,0.555930169732691
"Rice",7,2,55,"TrainSel CDmean (untargeted, published)",NA,0.213366364302501,0.176190070668771,0.583781354797061
"Rice",7,2,55,"Random (published)",NA,0.174759502115247,0.216300768370913,0.685729734698593
"Rice",7,2,55,"TSOpt default (targeted)",0.0210000000000008,0.246234598513183,0.286772562149293,0.710464762265264
"Rice",7,2,55,"TSOpt (untargeted)",0.0570000000000022,0.231515532659983,0.166812879475781,0.641100974889686
"Rice",7,3,110,"TrainSel CDmean (targeted, published)",NA,0.322970777206089,0.324949898319844,0.720381160918473
"Rice",7,3,110,"TrainSel CDmean (untargeted, published)",NA,0.281662916763235,0.275158756877231,0.651492203451307
"Rice",7,3,110,"Random (published)",NA,0.273232691396696,0.256781286290987,0.695548839122064
"Rice",7,3,110,"TSOpt default (targeted)",0.0360000000000014,0.323661141041438,0.2785199192122,0.667631769255224
"Rice",7,3,110,"TSOpt (untargeted)",0.0619999999999976,0.306597929186239,0.250969448097955,0.608355445747809
"Rice",7,4,165,"TrainSel CDmean (targeted, published)",NA,0.368729172659692,0.371413245338214,0.689736556669072
"Rice",7,4,165,"TrainSel CDmean (untargeted, published)",NA,0.335222807182285,0.311725342647939,0.655801395188024
"Rice",7,4,165,"Random (published)",NA,0.332809006432426,0.286364030838354,0.662124305678675
"Rice",7,4,165,"TSOpt default (targeted)",0.0659999999999883,0.368909990955252,0.373029784596206,0.721940572230318
"Rice",7,4,165,"TSOpt (untargeted)",0.12700000000001,0.355203198581939,0.276887047714088,0.677344019050843
"Rice",7,5,220,"TrainSel CDmean (targeted, published)",NA,0.397209797166075,0.37082393032965,0.706556193442425
"Rice",7,5,220,"TrainSel CDmean (untargeted, published)",NA,0.37938033558471,0.313372654915143,0.664684930572693
"Rice",7,5,220,"Random (published)",NA,0.381791704059442,0.326421366244504,0.721671101002582
"Rice",7,5,220,"TSOpt default (targeted)",0.116,0.39723610758649,0.344766753853102,0.710195673832175
"Rice",7,5,220,"TSOpt (untargeted)",0.200000000000003,0.389193443738539,0.29514200575886,0.707550248957206
"Rice",8,1,30,"TrainSel CDmean (targeted, published)",NA,0.213905353444181,0.437129836341876,0.815012401976961
"Rice",8,1,30,"TrainSel CDmean (untargeted, published)",NA,0.167148341041392,0.17263155743076,0.719428251046537
"Rice",8,1,30,"Random (published)",NA,0.144729969677328,0.0766968573828079,0.612766522369269
"Rice",8,1,30,"TSOpt default (targeted)",0.0210000000000008,0.214802787492205,0.420814688009413,0.845198016642383
"Rice",8,1,30,"TSOpt (untargeted)",0.0260000000000105,0.188490884150387,0.271909385864504,0.802019243857259
"Rice",8,2,55,"TrainSel CDmean (targeted, published)",NA,0.274565862701718,0.393014681849954,0.820305825807264
"Rice",8,2,55,"TrainSel CDmean (untargeted, published)",NA,0.23137494606397,0.342706049792367,0.795231500745644
"Rice",8,2,55,"Random (published)",NA,0.171582313007408,0.194340537758831,0.630854626229353
"Rice",8,2,55,"TSOpt default (targeted)",0.0220000000000056,0.276157229196796,0.390252697804302,0.821061145024252
"Rice",8,2,55,"TSOpt (untargeted)",0.0339999999999918,0.250796638234768,0.343736697822788,0.756694631951772
"Rice",8,3,110,"TrainSel CDmean (targeted, published)",NA,0.349248018426835,0.414637649883079,0.846570772503854
"Rice",8,3,110,"TrainSel CDmean (untargeted, published)",NA,0.306527488255531,0.380235143309712,0.757948388710394
"Rice",8,3,110,"Random (published)",NA,0.295190016692179,0.242151507269317,0.629790281304123
"Rice",8,3,110,"TSOpt default (targeted)",0.0570000000000022,0.349097342154026,0.438349076465271,0.836952039802015
"Rice",8,3,110,"TSOpt (untargeted)",0.0600000000000023,0.330188423786026,0.403369428827676,0.784560924496367
"Rice",8,4,165,"TrainSel CDmean (targeted, published)",NA,0.390720590394895,0.461341640924252,0.789135650736243
"Rice",8,4,165,"TrainSel CDmean (untargeted, published)",NA,0.34959852169712,0.408027182227157,0.773069619448985
"Rice",8,4,165,"Random (published)",NA,0.357079067291936,0.452025991380453,0.802412755490855
"Rice",8,4,165,"TSOpt default (targeted)",0.0649999999999977,0.390646041488493,0.456235367907846,0.806370987718265
"Rice",8,4,165,"TSOpt (untargeted)",0.105000000000004,0.374925190564024,0.43215122989282,0.821503126357385
"Rice",8,5,220,"TrainSel CDmean (targeted, published)",NA,0.417799703471944,0.435553573060586,0.820433841050313
"Rice",8,5,220,"TrainSel CDmean (untargeted, published)",NA,0.39844184608409,0.441160336426532,0.807812219060924
"Rice",8,5,220,"Random (published)",NA,0.400594679128083,0.483619647231856,0.837732884399493
"Rice",8,5,220,"TSOpt default (targeted)",0.13900000000001,0.417919301200613,0.44608108028437,0.817067220652507
"Rice",8,5,220,"TSOpt (untargeted)",0.170000000000002,0.409394281884504,0.415009443664116,0.820384674515676
"Rice",9,1,30,"TrainSel CDmean (targeted, published)",NA,0.206796105076366,0.159147106470142,0.59800876836064
"Rice",9,1,30,"TrainSel CDmean (untargeted, published)",NA,0.164248269507932,0.189644560485384,0.618705616404703
"Rice",9,1,30,"Random (published)",NA,0.117930576786273,0.258380175912657,0.60535067392707
"Rice",9,1,30,"TSOpt default (targeted)",0.0169999999999959,0.20672161144827,0.164899982116093,0.628667808274263
"Rice",9,1,30,"TSOpt (untargeted)",0.0240000000000009,0.185120063959809,0.218957011923364,0.620451326949287
"Rice",9,2,55,"TrainSel CDmean (targeted, published)",NA,0.269692901619411,0.314991681414768,0.664363034752958
"Rice",9,2,55,"TrainSel CDmean (untargeted, published)",NA,0.232593523523159,0.32278011115367,0.643250942817921
"Rice",9,2,55,"Random (published)",NA,0.173200404994965,0.218378615150134,0.617611106943088
"Rice",9,2,55,"TSOpt default (targeted)",0.0210000000000008,0.270212574196713,0.280699561369998,0.634371221700652
"Rice",9,2,55,"TSOpt (untargeted)",0.032999999999987,0.253186928137631,0.198306074059231,0.607471022232527
"Rice",9,3,110,"TrainSel CDmean (targeted, published)",NA,0.345730506949929,0.338873639799841,0.616425173288716
"Rice",9,3,110,"TrainSel CDmean (untargeted, published)",NA,0.294906181118013,0.280486146529781,0.625875236711256
"Rice",9,3,110,"Random (published)",NA,0.290611629926735,0.309090452127823,0.69997271368711
"Rice",9,3,110,"TSOpt default (targeted)",0.0369999999999919,0.345931464842703,0.303184875991461,0.598811767498941
"Rice",9,3,110,"TSOpt (untargeted)",0.0720000000000027,0.331588659751655,0.304243060562561,0.638350398739027
"Rice",9,4,165,"TrainSel CDmean (targeted, published)",NA,0.388200874284629,0.345008773535964,0.644291469399293
"Rice",9,4,165,"TrainSel CDmean (untargeted, published)",NA,0.35010954245329,0.354634267951795,0.689450730526082
"Rice",9,4,165,"Random (published)",NA,0.347479873594475,0.350852360675014,0.697753095468767
"Rice",9,4,165,"TSOpt default (targeted)",0.0660000000000025,0.38865580174399,0.329971669878343,0.643257126343521
"Rice",9,4,165,"TSOpt (untargeted)",0.105999999999995,0.376377924986078,0.334780654371763,0.583213124033829
"Rice",9,5,220,"TrainSel CDmean (targeted, published)",NA,0.416531593082098,0.385196970863862,0.671090693538014
"Rice",9,5,220,"TrainSel CDmean (untargeted, published)",NA,0.40034828086739,0.401355830957529,0.637220100207662
"Rice",9,5,220,"Random (published)",NA,0.39972917188377,0.387287223243124,0.688904484898041
"Rice",9,5,220,"TSOpt default (targeted)",0.132999999999996,0.416691999130475,0.372134508664181,0.68248643183891
"Rice",9,5,220,"TSOpt (untargeted)",0.170000000000002,0.409359857917888,0.379791545524951,0.56122361506152
"Rice",10,1,30,"TrainSel CDmean (targeted, published)",NA,0.223515610331901,0.463462737980607,0.83197759271212
"Rice",10,1,30,"TrainSel CDmean (untargeted, published)",NA,0.16313018640048,0.07318013630715,0.592905087686042
"Rice",10,1,30,"Random (published)",NA,0.120894316669388,0.0334965595734555,0.680924087919959
"Rice",10,1,30,"TSOpt default (targeted)",0.0159999999999911,0.225427658947822,0.451134987523918,0.831776622176729
"Rice",10,1,30,"TSOpt (untargeted)",0.0250000000000057,0.202159828065223,0.398130290326832,0.781203963926522
"Rice",10,2,55,"TrainSel CDmean (targeted, published)",NA,0.295669087445007,0.475567749017266,0.812337732131986
"Rice",10,2,55,"TrainSel CDmean (untargeted, published)",NA,0.255964710004006,0.402492001335544,0.783079401153108
"Rice",10,2,55,"Random (published)",NA,0.198848525739145,0.0471280852816031,0.600456907705621
"Rice",10,2,55,"TSOpt default (targeted)",0.0210000000000008,0.296161215272516,0.525510056992955,0.845841399789522
"Rice",10,2,55,"TSOpt (untargeted)",0.0330000000000013,0.269294956619887,0.477527342338111,0.858210666536854
"Rice",10,3,110,"TrainSel CDmean (targeted, published)",NA,0.375106531935574,0.510920980328051,0.838920801011081
"Rice",10,3,110,"TrainSel CDmean (untargeted, published)",NA,0.317820597909821,0.427450384329555,0.753552177829131
"Rice",10,3,110,"Random (published)",NA,0.296707227369697,0.345982701763847,0.653600962656049
"Rice",10,3,110,"TSOpt default (targeted)",0.0360000000000014,0.375681852081244,0.536389560560078,0.868000342172467
"Rice",10,3,110,"TSOpt (untargeted)",0.070999999999998,0.355298887883841,0.475586423674524,0.805065317005083
"Rice",10,4,165,"TrainSel CDmean (targeted, published)",NA,0.419156887427705,0.509101945696656,0.86223923652502
"Rice",10,4,165,"TrainSel CDmean (untargeted, published)",NA,0.369266152623635,0.40940792903663,0.839132933546193
"Rice",10,4,165,"Random (published)",NA,0.368052922939333,0.441727740555015,0.818564876213044
"Rice",10,4,165,"TSOpt default (targeted)",0.0649999999999977,0.419549489107228,0.534396674158836,0.835461518797542
"Rice",10,4,165,"TSOpt (untargeted)",0.10499999999999,0.402331606172424,0.448731753964164,0.848137838176836
"Rice",10,5,220,"TrainSel CDmean (targeted, published)",NA,0.447866031615799,0.505211376117222,0.823306664360867
"Rice",10,5,220,"TrainSel CDmean (untargeted, published)",NA,0.427618026887282,0.477786520003896,0.850731794284705
"Rice",10,5,220,"Random (published)",NA,0.424302153447114,0.472579025160097,0.831010302044321
"Rice",10,5,220,"TSOpt default (targeted)",0.134,0.44817665651588,0.508918587644062,0.83495126899627
"Rice",10,5,220,"TSOpt (untargeted)",0.168999999999997,0.439030868543485,0.495030270695878,0.82386949577439
"Rice",11,1,30,"TrainSel CDmean (targeted, published)",NA,0.204016931468239,0.407214245138982,0.682448505847764
"Rice",11,1,30,"TrainSel CDmean (untargeted, published)",NA,0.1476625904749,0.255432705132713,0.619027344674475
"Rice",11,1,30,"Random (published)",NA,0.126765744691476,0.239249141411085,0.647351043881979
"Rice",11,1,30,"TSOpt default (targeted)",0.0169999999999959,0.206554587105337,0.331352202147707,0.6873289658903
"Rice",11,1,30,"TSOpt (untargeted)",0.0250000000000057,0.174602290146476,0.163395659245395,0.631451620129708
"Rice",11,2,55,"TrainSel CDmean (targeted, published)",NA,0.272182780085298,0.42099889253393,0.64571102025955
"Rice",11,2,55,"TrainSel CDmean (untargeted, published)",NA,0.224761388421777,0.296706554188859,0.709611464766721
"Rice",11,2,55,"Random (published)",NA,0.181972388225998,0.22060520011043,0.554003964954311
"Rice",11,2,55,"TSOpt default (targeted)",0.0210000000000008,0.273136786863549,0.401709123281818,0.720136452605143
"Rice",11,2,55,"TSOpt (untargeted)",0.034000000000006,0.24206462464237,0.251154057113977,0.75254549749506
"Rice",11,3,110,"TrainSel CDmean (targeted, published)",NA,0.349803748396862,0.412241737677317,0.668995093898282
"Rice",11,3,110,"TrainSel CDmean (untargeted, published)",NA,0.300266778507421,0.310937817008918,0.588397254324317
"Rice",11,3,110,"Random (published)",NA,0.267334888147926,0.320137557947688,0.644449327400194
"Rice",11,3,110,"TSOpt default (targeted)",0.0360000000000014,0.350424550712898,0.40648063183661,0.662011618497526
"Rice",11,3,110,"TSOpt (untargeted)",0.0769999999999982,0.330319626483429,0.397314448608546,0.685430809665036
"Rice",11,4,165,"TrainSel CDmean (targeted, published)",NA,0.393912996211123,0.425535779014164,0.616889690385481
"Rice",11,4,165,"TrainSel CDmean (untargeted, published)",NA,0.352658612621122,0.344358025720941,0.562813447171541
"Rice",11,4,165,"Random (published)",NA,0.345575402670843,0.381405493060224,0.639077383643763
"Rice",11,4,165,"TSOpt default (targeted)",0.0660000000000025,0.394243904381369,0.412584684572048,0.609274222316151
"Rice",11,4,165,"TSOpt (untargeted)",0.10499999999999,0.378042341052931,0.396623810687369,0.668104743448656
"Rice",11,5,220,"TrainSel CDmean (targeted, published)",NA,0.420487118283661,0.420974905029531,0.636985159342609
"Rice",11,5,220,"TrainSel CDmean (untargeted, published)",NA,0.402565196699218,0.357813693113414,0.607534059989241
"Rice",11,5,220,"Random (published)",NA,0.399235619555149,0.317875486803782,0.62133342688296
"Rice",11,5,220,"TSOpt default (targeted)",0.141999999999996,0.420800139148833,0.420466174107758,0.632540672621371
"Rice",11,5,220,"TSOpt (untargeted)",0.169000000000011,0.411878216545128,0.384851471128041,0.6239783743872
"Rice",12,1,30,"TrainSel CDmean (targeted, published)",NA,0.247988145467591,0.447560488329576,0.795618575762756
"Rice",12,1,30,"TrainSel CDmean (untargeted, published)",NA,0.177483410288645,0.295649637041626,0.722259532024569
"Rice",12,1,30,"Random (published)",NA,0.138709898777813,0.287976594935755,0.631749165932923
"Rice",12,1,30,"TSOpt default (targeted)",0.0559999999999974,0.248741038595468,0.432051163464949,0.802974413402892
"Rice",12,1,30,"TSOpt (untargeted)",0.0230000000000103,0.22107368874601,0.464336232624692,0.80065045083718
"Rice",12,2,55,"TrainSel CDmean (targeted, published)",NA,0.315109600213616,0.520136330285734,0.804855169421067
"Rice",12,2,55,"TrainSel CDmean (untargeted, published)",NA,0.261443161040619,0.464279435108882,0.819726825476261
"Rice",12,2,55,"Random (published)",NA,0.199296065254532,0.378485858713618,0.702092425166744
"Rice",12,2,55,"TSOpt default (targeted)",0.019999999999996,0.316344719751593,0.534834028665416,0.802623322458235
"Rice",12,2,55,"TSOpt (untargeted)",0.0330000000000013,0.296562825666311,0.365240569575165,0.793504478779463
"Rice",12,3,110,"TrainSel CDmean (targeted, published)",NA,0.388982832150598,0.53698209268603,0.82407143695755
"Rice",12,3,110,"TrainSel CDmean (untargeted, published)",NA,0.326539894435525,0.502917839463261,0.842505599213633
"Rice",12,3,110,"Random (published)",NA,0.305469945963126,0.393442771305678,0.684105195815289
"Rice",12,3,110,"TSOpt default (targeted)",0.0360000000000014,0.389404310579892,0.530087013012884,0.809054061189483
"Rice",12,3,110,"TSOpt (untargeted)",0.0609999999999928,0.369209696065324,0.46595026710654,0.787003378819629
"Rice",12,4,165,"TrainSel CDmean (targeted, published)",NA,0.429007655443176,0.549458335512097,0.83311509467227
"Rice",12,4,165,"TrainSel CDmean (untargeted, published)",NA,0.376795972855198,0.515690138541219,0.820222762654219
"Rice",12,4,165,"Random (published)",NA,0.391527276353962,0.364959689502176,0.798512388197719
"Rice",12,4,165,"TSOpt default (targeted)",0.063999999999993,0.429221531259503,0.56910676076544,0.826612888487922
"Rice",12,4,165,"TSOpt (untargeted)",0.105000000000004,0.413989908103024,0.512573667610525,0.817576647439495
"Rice",12,5,220,"TrainSel CDmean (targeted, published)",NA,0.455838359485702,0.5610973051192,0.846886038123634
"Rice",12,5,220,"TrainSel CDmean (untargeted, published)",NA,0.431331530672853,0.530849009735857,0.793887403424182
"Rice",12,5,220,"Random (published)",NA,0.433076969883936,0.53208468537107,0.834086866238968
"Rice",12,5,220,"TSOpt default (targeted)",0.15100000000001,0.45591662114576,0.560331298677665,0.850850153615706
"Rice",12,5,220,"TSOpt (untargeted)",0.171999999999997,0.447115065201336,0.546856927221298,0.847939105110414
"Rice",13,1,30,"TrainSel CDmean (targeted, published)",NA,0.192562518495481,0.506639440499052,0.779703578509039
"Rice",13,1,30,"TrainSel CDmean (untargeted, published)",NA,0.145971557807899,0.106049211939839,0.576562929050164
"Rice",13,1,30,"Random (published)",NA,0.129743639922752,0.238825938772776,0.599928725351357
"Rice",13,1,30,"TSOpt default (targeted)",0.0180000000000007,0.193654145390426,0.505405507883361,0.75458492862225
"Rice",13,1,30,"TSOpt (untargeted)",0.0240000000000009,0.165513555897732,0.350275849230917,0.654314698817753
"Rice",13,2,55,"TrainSel CDmean (targeted, published)",NA,0.253631184944209,0.469740515720198,0.76631047544911
"Rice",13,2,55,"TrainSel CDmean (untargeted, published)",NA,0.21611565382421,0.442429041574475,0.736895764709663
"Rice",13,2,55,"Random (published)",NA,0.182472045640063,0.382471470380919,0.684595221232974
"Rice",13,2,55,"TSOpt default (targeted)",0.0210000000000008,0.252958356353162,0.466297063011105,0.779886649721538
"Rice",13,2,55,"TSOpt (untargeted)",0.0670000000000073,0.228944984219542,0.37621913362384,0.706258672029616
"Rice",13,3,110,"TrainSel CDmean (targeted, published)",NA,0.327222149373854,0.470311045208467,0.74580808127993
"Rice",13,3,110,"TrainSel CDmean (untargeted, published)",NA,0.286952906400413,0.448107113894534,0.739253033896126
"Rice",13,3,110,"Random (published)",NA,0.286898433552204,0.269835225876783,0.675830258040665
"Rice",13,3,110,"TSOpt default (targeted)",0.0360000000000014,0.327704520205435,0.493666873231909,0.757356953024053
"Rice",13,3,110,"TSOpt (untargeted)",0.0619999999999976,0.308368469453704,0.426663924104878,0.66742540726391
"Rice",13,4,165,"TrainSel CDmean (targeted, published)",NA,0.369457285503486,0.478487341944664,0.725720778875617
"Rice",13,4,165,"TrainSel CDmean (untargeted, published)",NA,0.335735693801259,0.418281490121361,0.717595318164314
"Rice",13,4,165,"Random (published)",NA,0.340503832805888,0.387613263383653,0.754545414807277
"Rice",13,4,165,"TSOpt default (targeted)",0.0669999999999931,0.369937298367784,0.47491363830178,0.739987856488958
"Rice",13,4,165,"TSOpt (untargeted)",0.125,0.353681255148494,0.461043637930226,0.701911906333956
"Rice",13,5,220,"TrainSel CDmean (targeted, published)",NA,0.397213048784722,0.473578137672433,0.723611414320989
"Rice",13,5,220,"TrainSel CDmean (untargeted, published)",NA,0.380446281316764,0.437208805350756,0.729583899349212
"Rice",13,5,220,"Random (published)",NA,0.381506157779185,0.442639446691993,0.772163781470579
"Rice",13,5,220,"TSOpt default (targeted)",0.116,0.397627690396153,0.469526393035527,0.710523746653753
"Rice",13,5,220,"TSOpt (untargeted)",0.209000000000003,0.389127053942119,0.464645005282212,0.708182767259925
"Rice",14,1,30,"TrainSel CDmean (targeted, published)",NA,0.226171744996756,0.418381075228121,0.776355331658167
"Rice",14,1,30,"TrainSel CDmean (untargeted, published)",NA,0.182685564541587,0.30560767194901,0.723592034498013
"Rice",14,1,30,"Random (published)",NA,0.134890625559093,-0.0502083268459966,0.593134271258943
"Rice",14,1,30,"TSOpt default (targeted)",0.0180000000000007,0.226358057322068,0.428074948847405,0.752888838582473
"Rice",14,1,30,"TSOpt (untargeted)",0.0250000000000057,0.202909646950632,0.341123514365166,0.726147370981052
"Rice",14,2,55,"TrainSel CDmean (targeted, published)",NA,0.292889474713437,0.394595445619639,0.761177790958857
"Rice",14,2,55,"TrainSel CDmean (untargeted, published)",NA,0.249495154052861,0.322501153502852,0.778565980308229
"Rice",14,2,55,"Random (published)",NA,0.204658681717627,0.254219647178084,0.736285288666274
"Rice",14,2,55,"TSOpt default (targeted)",0.0220000000000056,0.293531902509925,0.355932767873341,0.763119974891988
"Rice",14,2,55,"TSOpt (untargeted)",0.0330000000000013,0.272191747922501,0.348350953522999,0.740968587099114
"Rice",14,3,110,"TrainSel CDmean (targeted, published)",NA,0.370617234427024,0.354687290138045,0.791470833048038
"Rice",14,3,110,"TrainSel CDmean (untargeted, published)",NA,0.319218877455118,0.355192495402121,0.792197499209179
"Rice",14,3,110,"Random (published)",NA,0.295005190567088,0.149251361756704,0.675067253627682
"Rice",14,3,110,"TSOpt default (targeted)",0.0559999999999974,0.370507597817175,0.350978434028908,0.790682220521281
"Rice",14,3,110,"TSOpt (untargeted)",0.0589999999999975,0.347185263307021,0.374332152266283,0.777446104325212
"Rice",14,4,165,"TrainSel CDmean (targeted, published)",NA,0.41207653374862,0.376470558309009,0.782730753201492
"Rice",14,4,165,"TrainSel CDmean (untargeted, published)",NA,0.368376262559158,0.365158910034303,0.756913679391525
"Rice",14,4,165,"Random (published)",NA,0.363270703931741,0.333883078093396,0.757754933284409
"Rice",14,4,165,"TSOpt default (targeted)",0.0649999999999977,0.412006964868298,0.367797360008314,0.80655688182596
"Rice",14,4,165,"TSOpt (untargeted)",0.105000000000004,0.393936544120423,0.324239072447094,0.780675307095815
"Rice",14,5,220,"TrainSel CDmean (targeted, published)",NA,0.438226105799798,0.377847532628989,0.799243114938258
"Rice",14,5,220,"TrainSel CDmean (untargeted, published)",NA,0.408642749083525,0.328996441137106,0.793127082626289
"Rice",14,5,220,"Random (published)",NA,0.417160970296671,0.35793139213882,0.804294222387931
"Rice",14,5,220,"TSOpt default (targeted)",0.138000000000005,0.438315578035835,0.380033987872582,0.786513166015053
"Rice",14,5,220,"TSOpt (untargeted)",0.171999999999997,0.426881083432897,0.355142136707355,0.77820426914651
"Rice",15,1,30,"TrainSel CDmean (targeted, published)",NA,0.204082915105428,0.320792809576319,0.690674092256706
"Rice",15,1,30,"TrainSel CDmean (untargeted, published)",NA,0.153624706709632,0.274264688224477,0.653512404189223
"Rice",15,1,30,"Random (published)",NA,0.122431318127146,0.135185230092891,0.664818248777586
"Rice",15,1,30,"TSOpt default (targeted)",0.0160000000000053,0.205048704609404,0.292272300142497,0.643938564953534
"Rice",15,1,30,"TSOpt (untargeted)",0.0240000000000009,0.174681254735769,0.313285712108378,0.69340436900759
"Rice",15,2,55,"TrainSel CDmean (targeted, published)",NA,0.264607704862432,0.372840391678085,0.713181459577442
"Rice",15,2,55,"TrainSel CDmean (untargeted, published)",NA,0.223789210783508,0.37362055138467,0.691259417905085
"Rice",15,2,55,"Random (published)",NA,0.180820832725646,0.324743176973567,0.783265355363257
"Rice",15,2,55,"TSOpt default (targeted)",0.0209999999999866,0.266431087452529,0.376412926490688,0.70678844648194
"Rice",15,2,55,"TSOpt (untargeted)",0.0330000000000013,0.240493188484052,0.369477942619142,0.701842211987825
"Rice",15,3,110,"TrainSel CDmean (targeted, published)",NA,0.340001451251584,0.419095567756402,0.801540110623963
"Rice",15,3,110,"TrainSel CDmean (untargeted, published)",NA,0.288648273366861,0.425399749674777,0.709681764355382
"Rice",15,3,110,"Random (published)",NA,0.291110514569959,0.396077891184722,0.727163378635711
"Rice",15,3,110,"TSOpt default (targeted)",0.0360000000000014,0.340986811554215,0.378325003078384,0.777858267228681
"Rice",15,3,110,"TSOpt (untargeted)",0.0729999999999933,0.323912537669745,0.481983882149251,0.774714213197885
"Rice",15,4,165,"TrainSel CDmean (targeted, published)",NA,0.382242070078553,0.47424201850945,0.790631324265775
"Rice",15,4,165,"TrainSel CDmean (untargeted, published)",NA,0.34505267445085,0.513584177988289,0.829863138986655
"Rice",15,4,165,"Random (published)",NA,0.345397321159618,0.541305521034782,0.73766452895868
"Rice",15,4,165,"TSOpt default (targeted)",0.0660000000000025,0.382456283177373,0.477891051407853,0.793875261903297
"Rice",15,4,165,"TSOpt (untargeted)",0.111000000000004,0.367440641290925,0.485554018029012,0.786426269954521
"Rice",15,5,220,"TrainSel CDmean (targeted, published)",NA,0.409455571874088,0.487736670264479,0.783139811318769
"Rice",15,5,220,"TrainSel CDmean (untargeted, published)",NA,0.390376374612298,0.442645231181261,0.763903313541614
"Rice",15,5,220,"Random (published)",NA,0.379314820066452,0.432071208208419,0.779554359369014
"Rice",15,5,220,"TSOpt default (targeted)",0.140000000000001,0.409515564203862,0.49236857567841,0.77644786636242
"Rice",15,5,220,"TSOpt (untargeted)",0.186000000000007,0.400151615459929,0.500854299302181,0.81118460081163
"Rice",16,1,30,"TrainSel CDmean (targeted, published)",NA,0.216139760874318,0.21658900187294,0.63793813182259
"Rice",16,1,30,"TrainSel CDmean (untargeted, published)",NA,0.169835928818216,0.195453315674744,0.68722820317512
"Rice",16,1,30,"Random (published)",NA,0.120631964107849,0.130427425421286,0.576966399488021
"Rice",16,1,30,"TSOpt default (targeted)",0.0169999999999959,0.215974712713528,0.300729237095865,0.719189147948589
"Rice",16,1,30,"TSOpt (untargeted)",0.0250000000000057,0.186222874120988,0.201502754601055,0.644396293781914
"Rice",16,2,55,"TrainSel CDmean (targeted, published)",NA,0.28268667440146,0.365313145053598,0.767228203578353
"Rice",16,2,55,"TrainSel CDmean (untargeted, published)",NA,0.23356115711399,0.321971531912709,0.679233280913242
"Rice",16,2,55,"Random (published)",NA,0.183504624702698,0.199969826853385,0.61180155669087
"Rice",16,2,55,"TSOpt default (targeted)",0.0220000000000056,0.283149734452314,0.363090065203786,0.772933144404465
"Rice",16,2,55,"TSOpt (untargeted)",0.0330000000000013,0.261883150216054,0.304624937785718,0.672564450669152
"Rice",16,3,110,"TrainSel CDmean (targeted, published)",NA,0.360723726807917,0.413831482099544,0.741446965959899
"Rice",16,3,110,"TrainSel CDmean (untargeted, published)",NA,0.311986082326352,0.317703113858788,0.775728292522292
"Rice",16,3,110,"Random (published)",NA,0.305792419364309,0.235439016430153,0.635320597631307
"Rice",16,3,110,"TSOpt default (targeted)",0.0370000000000061,0.361345326578083,0.412163165084746,0.782201331977503
"Rice",16,3,110,"TSOpt (untargeted)",0.0750000000000028,0.341226759426601,0.317184723408425,0.66244556390451
"Rice",16,4,165,"TrainSel CDmean (targeted, published)",NA,0.405753496724498,0.427160379411106,0.790355618397111
"Rice",16,4,165,"TrainSel CDmean (untargeted, published)",NA,0.362883205860725,0.324789730839696,0.712421100169687
"Rice",16,4,165,"Random (published)",NA,0.368807096596126,0.328701910709426,0.672402111767553
"Rice",16,4,165,"TSOpt default (targeted)",0.0700000000000074,0.406053397291569,0.429182235208269,0.744733854391211
"Rice",16,4,165,"TSOpt (untargeted)",0.109999999999999,0.390485967142959,0.347672236196915,0.73473460249108
"Rice",16,5,220,"TrainSel CDmean (targeted, published)",NA,0.434207487945745,0.388084345276823,0.744975745462636
"Rice",16,5,220,"TrainSel CDmean (untargeted, published)",NA,0.413772077373326,0.366457788165861,0.739322519981723
"Rice",16,5,220,"Random (published)",NA,0.417293409463884,0.349950293146534,0.740359965287488
"Rice",16,5,220,"TSOpt default (targeted)",0.147000000000006,0.434623177000137,0.403107574951645,0.801355862772851
"Rice",16,5,220,"TSOpt (untargeted)",0.174999999999997,0.425306897622317,0.379635059002036,0.749458362724894
"Rice",17,1,30,"TrainSel CDmean (targeted, published)",NA,0.221739125552155,0.363381674253956,0.758544460224006
"Rice",17,1,30,"TrainSel CDmean (untargeted, published)",NA,0.176719628856311,0.238302293720195,0.671240585987021
"Rice",17,1,30,"Random (published)",NA,0.14893104777362,0.257842294417589,0.726017914664616
"Rice",17,1,30,"TSOpt default (targeted)",0.0180000000000007,0.223359774581604,0.40483426345098,0.718318407760742
"Rice",17,1,30,"TSOpt (untargeted)",0.0259999999999962,0.188858007047071,0.362466103478132,0.721815436388756
"Rice",17,2,55,"TrainSel CDmean (targeted, published)",NA,0.287445785957134,0.545173212702804,0.794429049350662
"Rice",17,2,55,"TrainSel CDmean (untargeted, published)",NA,0.239180044489158,0.374503569284893,0.78037388815592
"Rice",17,2,55,"Random (published)",NA,0.216754481375372,0.25039189950404,0.706191202623466
"Rice",17,2,55,"TSOpt default (targeted)",0.0210000000000008,0.287907556394656,0.543199160222498,0.797566494538893
"Rice",17,2,55,"TSOpt (untargeted)",0.0339999999999918,0.259643978337439,0.409194822475144,0.748194814065727
"Rice",17,3,110,"TrainSel CDmean (targeted, published)",NA,0.36018762380126,0.503818356372334,0.774171873190999
"Rice",17,3,110,"TrainSel CDmean (untargeted, published)",NA,0.312706948833814,0.482671448469314,0.790573051678243
"Rice",17,3,110,"Random (published)",NA,0.311401441204765,0.476139160741703,0.758160302920203
"Rice",17,3,110,"TSOpt default (targeted)",0.0379999999999967,0.360967790097984,0.473403441217831,0.788407561953635
"Rice",17,3,110,"TSOpt (untargeted)",0.0729999999999933,0.342284375521536,0.447161217756087,0.764315242190523
"Rice",17,4,165,"TrainSel CDmean (targeted, published)",NA,0.401057537875537,0.520558207417587,0.760897711622565
"Rice",17,4,165,"TrainSel CDmean (untargeted, published)",NA,0.361656071545119,0.446437948566766,0.771194793591883
"Rice",17,4,165,"Random (published)",NA,0.367744882045831,0.467579857089408,0.738803889728725
"Rice",17,4,165,"TSOpt default (targeted)",0.0679999999999978,0.401551040337414,0.482820434127242,0.741904142811667
"Rice",17,4,165,"TSOpt (untargeted)",0.106999999999999,0.384557973642687,0.488012536239908,0.785429957492676
"Rice",17,5,220,"TrainSel CDmean (targeted, published)",NA,0.42844241272251,0.518921790374899,0.779128708989253
"Rice",17,5,220,"TrainSel CDmean (untargeted, published)",NA,0.403536957183873,0.49261914290347,0.804469366227856
"Rice",17,5,220,"Random (published)",NA,0.410493054157986,0.464153316777555,0.812212895174327
"Rice",17,5,220,"TSOpt default (targeted)",0.141000000000005,0.428563043541601,0.520906936754437,0.784819758487952
"Rice",17,5,220,"TSOpt (untargeted)",0.175999999999988,0.418112580905827,0.503292583097219,0.808403811594155
"Rice",18,1,30,"TrainSel CDmean (targeted, published)",NA,0.201870434736578,0.262205170197435,0.638348101538088
"Rice",18,1,30,"TrainSel CDmean (untargeted, published)",NA,0.173473444171901,0.123366726902847,0.621912659495651
"Rice",18,1,30,"Random (published)",NA,0.130070593631234,0.108301481220562,0.673592079794035
"Rice",18,1,30,"TSOpt default (targeted)",0.0189999999999912,0.203996398171706,0.209556887649108,0.692699222281251
"Rice",18,1,30,"TSOpt (untargeted)",0.0250000000000057,0.182959896175581,0.221305864369597,0.66223581414988
"Rice",18,2,55,"TrainSel CDmean (targeted, published)",NA,0.265828372303039,0.324750640276134,0.701704090617157
"Rice",18,2,55,"TrainSel CDmean (untargeted, published)",NA,0.23792978888995,0.238114122293617,0.73428613909595
"Rice",18,2,55,"Random (published)",NA,0.193522372803867,0.208884059539121,0.69488725381543
"Rice",18,2,55,"TSOpt default (targeted)",0.0200000000000102,0.266589009855505,0.238662272067094,0.687461977093956
"Rice",18,2,55,"TSOpt (untargeted)",0.0339999999999918,0.247424046328048,0.232829132145337,0.683239713630745
"Rice",18,3,110,"TrainSel CDmean (targeted, published)",NA,0.345013241183717,0.329991436038961,0.67983871219034
"Rice",18,3,110,"TrainSel CDmean (untargeted, published)",NA,0.305989650994139,0.26831675776699,0.650951837304862
"Rice",18,3,110,"Random (published)",NA,0.281336073510726,0.384202942053716,0.736452445140041
"Rice",18,3,110,"TSOpt default (targeted)",0.0370000000000061,0.345586319492341,0.340167781712088,0.757782938137953
"Rice",18,3,110,"TSOpt (untargeted)",0.125999999999991,0.324996136089462,0.29039093170601,0.682543966664323
"Rice",18,4,165,"TrainSel CDmean (targeted, published)",NA,0.389490543492698,0.39216976466412,0.764899375385942
"Rice",18,4,165,"TrainSel CDmean (untargeted, published)",NA,0.351367973093448,0.405519883330766,0.761237546396391
"Rice",18,4,165,"Random (published)",NA,0.351861611298182,0.348654785379426,0.729022631030519
"Rice",18,4,165,"TSOpt default (targeted)",0.0689999999999884,0.390147651069702,0.39726290405716,0.742974776763836
"Rice",18,4,165,"TSOpt (untargeted)",0.112000000000009,0.372175400156555,0.378361729912365,0.786852738576738
"Rice",18,5,220,"TrainSel CDmean (targeted, published)",NA,0.419876663121599,0.417155511347452,0.738471110962389
"Rice",18,5,220,"TrainSel CDmean (untargeted, published)",NA,0.397169465371332,0.440097131051855,0.756490799165914
"Rice",18,5,220,"Random (published)",NA,0.405832444988474,0.430146629326914,0.72268470676464
"Rice",18,5,220,"TSOpt default (targeted)",0.152000000000001,0.420115218790334,0.432852445363534,0.7755877911397
"Rice",18,5,220,"TSOpt (untargeted)",0.180999999999997,0.412585992706613,0.413272536414425,0.769417097715989
"Rice",19,1,30,"TrainSel CDmean (targeted, published)",NA,0.194739935520508,0.331585545458867,0.712952484179802
"Rice",19,1,30,"TrainSel CDmean (untargeted, published)",NA,0.15453572923599,0.143520502309707,0.611428608827449
"Rice",19,1,30,"Random (published)",NA,0.140698453948906,-0.0618848820637819,0.581335372919472
"Rice",19,1,30,"TSOpt default (targeted)",0.0559999999999974,0.195974462948448,0.338288172769919,0.730533218570921
"Rice",19,1,30,"TSOpt (untargeted)",0.0250000000000057,0.173024694032682,0.251532116371072,0.710397088057528
"Rice",19,2,55,"TrainSel CDmean (targeted, published)",NA,0.259350304641273,0.29432492555981,0.769412698009554
"Rice",19,2,55,"TrainSel CDmean (untargeted, published)",NA,0.216333293490564,0.17695737306752,0.573158769278495
"Rice",19,2,55,"Random (published)",NA,0.184655759025677,0.120433703695386,0.606893847971318
"Rice",19,2,55,"TSOpt default (targeted)",0.0220000000000056,0.259867360417934,0.313820934830582,0.752861844645523
"Rice",19,2,55,"TSOpt (untargeted)",0.0330000000000013,0.235041263553334,0.286996803440287,0.665092076192271
"Rice",19,3,110,"TrainSel CDmean (targeted, published)",NA,0.335525347239763,0.400783704637319,0.75779219172717
"Rice",19,3,110,"TrainSel CDmean (untargeted, published)",NA,0.296713410323717,0.339526443559855,0.711399163105605
"Rice",19,3,110,"Random (published)",NA,0.272128452246817,0.365449643353296,0.731579236433389
"Rice",19,3,110,"TSOpt default (targeted)",0.0379999999999967,0.336035893794371,0.381533479553907,0.721702659248732
"Rice",19,3,110,"TSOpt (untargeted)",0.0770000000000124,0.314373788032261,0.318618441202273,0.655788274104704
"Rice",19,4,165,"TrainSel CDmean (targeted, published)",NA,0.379310925709591,0.388355870113457,0.717424921545105
"Rice",19,4,165,"TrainSel CDmean (untargeted, published)",NA,0.344571847452108,0.334712734763773,0.764789853870607
"Rice",19,4,165,"Random (published)",NA,0.347322582522398,0.367918618620522,0.749503131510388
"Rice",19,4,165,"TSOpt default (targeted)",0.0669999999999931,0.379591003140615,0.425934453741669,0.793570829209304
"Rice",19,4,165,"TSOpt (untargeted)",0.113,0.365369864594936,0.307961687936265,0.687913406479612
"Rice",19,5,220,"TrainSel CDmean (targeted, published)",NA,0.408108684307251,0.370072961430825,0.769127042117599
"Rice",19,5,220,"TrainSel CDmean (untargeted, published)",NA,0.393777060815359,0.322250167170177,0.733481314140189
"Rice",19,5,220,"Random (published)",NA,0.393604399087231,0.413992331751434,0.811391494294248
"Rice",19,5,220,"TSOpt default (targeted)",0.155000000000001,0.408401090901769,0.394882567252758,0.84279733155791
"Rice",19,5,220,"TSOpt (untargeted)",0.179000000000002,0.400804018203647,0.348371629697814,0.80548178216648
"Rice",20,1,30,"TrainSel CDmean (targeted, published)",NA,0.202821980916228,0.239351199304711,0.792144407866673
"Rice",20,1,30,"TrainSel CDmean (untargeted, published)",NA,0.144723738973868,0.216359965383359,0.732488834866475
"Rice",20,1,30,"Random (published)",NA,0.117493653121755,0.158614602897675,0.699403777298965
"Rice",20,1,30,"TSOpt default (targeted)",0.0190000000000055,0.202942360326639,0.206538714973792,0.631768832135991
"Rice",20,1,30,"TSOpt (untargeted)",0.0259999999999962,0.16878044029511,0.182744775128296,0.688818904642519
"Rice",20,2,55,"TrainSel CDmean (targeted, published)",NA,0.26561119688024,0.28753709218293,0.730273602399067
"Rice",20,2,55,"TrainSel CDmean (untargeted, published)",NA,0.222418118379316,0.208944471693292,0.690478737893456
"Rice",20,2,55,"Random (published)",NA,0.195696756656073,0.179105012535437,0.655046282284677
"Rice",20,2,55,"TSOpt default (targeted)",0.0570000000000022,0.26636617773691,0.277346865414315,0.735337744731018
"Rice",20,2,55,"TSOpt (untargeted)",0.0330000000000013,0.246214392857326,0.259395089865546,0.778889402593225
"Rice",20,3,110,"TrainSel CDmean (targeted, published)",NA,0.341112595424689,0.305861242176818,0.668621546633715
"Rice",20,3,110,"TrainSel CDmean (untargeted, published)",NA,0.296971558406464,0.305976129993867,0.717596865270574
"Rice",20,3,110,"Random (published)",NA,0.292135080968188,0.309957298087556,0.625706256627908
"Rice",20,3,110,"TSOpt default (targeted)",0.0369999999999919,0.341764485259849,0.269288030389076,0.698999089719334
"Rice",20,3,110,"TSOpt (untargeted)",0.0630000000000024,0.323278019252056,0.344606248355295,0.759152135899805
"Rice",20,4,165,"TrainSel CDmean (targeted, published)",NA,0.382955240899485,0.3342905544967,0.692928542590111
"Rice",20,4,165,"TrainSel CDmean (untargeted, published)",NA,0.346004894218973,0.373200791508,0.794713392185114
"Rice",20,4,165,"Random (published)",NA,0.346519095628455,0.345154631717576,0.735072974658921
"Rice",20,4,165,"TSOpt default (targeted)",0.0840000000000032,0.383418021684487,0.341784009960934,0.715366061414245
"Rice",20,4,165,"TSOpt (untargeted)",0.105999999999995,0.370345585834593,0.364206712831907,0.767104110286871
"Rice",20,5,220,"TrainSel CDmean (targeted, published)",NA,0.411119646406671,0.396212038302286,0.764785870499869
"Rice",20,5,220,"TrainSel CDmean (untargeted, published)",NA,0.395553739702173,0.377594043569805,0.722998795146096
"Rice",20,5,220,"Random (published)",NA,0.382883856221057,0.384712194046424,0.718180022424508
"Rice",20,5,220,"TSOpt default (targeted)",0.11999999999999,0.411236749179114,0.391673878572951,0.77550233020775
"Rice",20,5,220,"TSOpt (untargeted)",0.203000000000003,0.404198111050624,0.39899098629443,0.762937130151676
"Rice",21,1,30,"TrainSel CDmean (targeted, published)",NA,0.217150602163894,0.465176411826837,0.757548984166686
"Rice",21,1,30,"TrainSel CDmean (untargeted, published)",NA,0.166780283373926,0.384145667649278,0.701640595732804
"Rice",21,1,30,"Random (published)",NA,0.127061907525164,0.249281413982443,0.663395238010464
"Rice",21,1,30,"TSOpt default (targeted)",0.0189999999999912,0.219406045790174,0.500754991606152,0.783628685874226
"Rice",21,1,30,"TSOpt (untargeted)",0.027000000000001,0.198970190131509,0.327467513002917,0.712917248320377
"Rice",21,2,55,"TrainSel CDmean (targeted, published)",NA,0.281655481820185,0.488381649228047,0.696555642947922
"Rice",21,2,55,"TrainSel CDmean (untargeted, published)",NA,0.228256781839771,0.378851855540248,0.732324791422099
"Rice",21,2,55,"Random (published)",NA,0.19446951318833,0.19591276838474,0.546021130219923
"Rice",21,2,55,"TSOpt default (targeted)",0.0220000000000056,0.282662097339781,0.463639063613494,0.71485128994832
"Rice",21,2,55,"TSOpt (untargeted)",0.0339999999999918,0.261700539637078,0.430584370048711,0.745902217693226
"Rice",21,3,110,"TrainSel CDmean (targeted, published)",NA,0.357891431720819,0.497091245098336,0.760582926687299
"Rice",21,3,110,"TrainSel CDmean (untargeted, published)",NA,0.309399738001986,0.532224191006562,0.800299573605361
"Rice",21,3,110,"Random (published)",NA,0.299888425472718,0.372072136325394,0.615970061330244
"Rice",21,3,110,"TSOpt default (targeted)",0.0570000000000022,0.358076540703503,0.480469955457992,0.746789198964235
"Rice",21,3,110,"TSOpt (untargeted)",0.0640000000000072,0.336431277675673,0.462233222971098,0.70589400727881
"Rice",21,4,165,"TrainSel CDmean (targeted, published)",NA,0.400092856116483,0.546832031938188,0.773529701249194
"Rice",21,4,165,"TrainSel CDmean (untargeted, published)",NA,0.365120546207256,0.420764772807823,0.718316640293145
"Rice",21,4,165,"Random (published)",NA,0.351404358594869,0.339411714399836,0.685427857015449
"Rice",21,4,165,"TSOpt default (targeted)",0.0889999999999986,0.40052732352616,0.551075112753701,0.756648990597243
"Rice",21,4,165,"TSOpt (untargeted)",0.117000000000004,0.384972415393212,0.465500499121367,0.668606722798145
"Rice",21,5,220,"TrainSel CDmean (targeted, published)",NA,0.427234380439233,0.550302858647314,0.788974617141446
"Rice",21,5,220,"TrainSel CDmean (untargeted, published)",NA,0.405070360699896,0.495162662603381,0.771771771831556
"Rice",21,5,220,"Random (published)",NA,0.412963176024914,0.43081557494699,0.715362124742235
"Rice",21,5,220,"TSOpt default (targeted)",0.124000000000009,0.427389889890153,0.550560195287891,0.789607111303415
"Rice",21,5,220,"TSOpt (untargeted)",0.182000000000002,0.419620649554299,0.508628149867388,0.729385848193885
"Rice",22,1,30,"TrainSel CDmean (targeted, published)",NA,0.183868689742235,0.300906070775266,0.747431366273369
"Rice",22,1,30,"TrainSel CDmean (untargeted, published)",NA,0.150826690688386,0.1814404189902,0.680912489326049
"Rice",22,1,30,"Random (published)",NA,0.121788772022601,0.236373753704651,0.615637999786569
"Rice",22,1,30,"TSOpt default (targeted)",0.019999999999996,0.185530965781097,0.212258004519971,0.716544105205283
"Rice",22,1,30,"TSOpt (untargeted)",0.0289999999999964,0.165855950786034,0.200878098982045,0.659106709688344
"Rice",22,2,55,"TrainSel CDmean (targeted, published)",NA,0.249043955035324,0.307293620257316,0.715185313063005
"Rice",22,2,55,"TrainSel CDmean (untargeted, published)",NA,0.21430777313062,0.341736249263759,0.717345407749367
"Rice",22,2,55,"Random (published)",NA,0.18336708202791,0.409434515049635,0.735957701080267
"Rice",22,2,55,"TSOpt default (targeted)",0.0240000000000009,0.24987481500451,0.295343742359851,0.738939879687056
"Rice",22,2,55,"TSOpt (untargeted)",0.039999999999992,0.226873155562575,0.221827929622959,0.616857168210539
"Rice",22,3,110,"TrainSel CDmean (targeted, published)",NA,0.327708570136861,0.309989396904598,0.711393049804413
"Rice",22,3,110,"TrainSel CDmean (untargeted, published)",NA,0.291553798620452,0.319040067840885,0.644204585005364
"Rice",22,3,110,"Random (published)",NA,0.283833272235262,0.317773128177289,0.712371458543275
"Rice",22,3,110,"TSOpt default (targeted)",0.0400000000000063,0.328388321832364,0.352128189383981,0.710708990134661
"Rice",22,3,110,"TSOpt (untargeted)",0.078000000000003,0.30978361160359,0.306633813492117,0.679839919731477
"Rice",22,4,165,"TrainSel CDmean (targeted, published)",NA,0.372858320347725,0.416644248206073,0.729107480551845
"Rice",22,4,165,"TrainSel CDmean (untargeted, published)",NA,0.33966973185319,0.386852760624085,0.663563641907662
"Rice",22,4,165,"Random (published)",NA,0.343112808181996,0.430960248917346,0.71388015002037
"Rice",22,4,165,"TSOpt default (targeted)",0.0679999999999978,0.373256570785149,0.415953627715076,0.739992312808357
"Rice",22,4,165,"TSOpt (untargeted)",0.108999999999995,0.361203189651651,0.315568075365755,0.678030169885901
"Rice",22,5,220,"TrainSel CDmean (targeted, published)",NA,0.402130141693609,0.454118951657976,0.754883796181091
"Rice",22,5,220,"TrainSel CDmean (untargeted, published)",NA,0.386823617365513,0.408122495831547,0.711410852394921
"Rice",22,5,220,"Random (published)",NA,0.387228104810887,0.400113580760706,0.676719874126967
"Rice",22,5,220,"TSOpt default (targeted)",0.164000000000001,0.402261371057834,0.457317490661074,0.781216634793798
"Rice",22,5,220,"TSOpt (untargeted)",0.204999999999998,0.395328364614141,0.390021661942527,0.712445828732094
"Rice",23,1,30,"TrainSel CDmean (targeted, published)",NA,0.227035541563684,0.342034075228585,0.752008816065199
"Rice",23,1,30,"TrainSel CDmean (untargeted, published)",NA,0.169589321580629,0.241151298469154,0.644368256798365
"Rice",23,1,30,"Random (published)",NA,0.131144274195455,0.154787414615546,0.594932560661917
"Rice",23,1,30,"TSOpt default (targeted)",0.0189999999999912,0.228405565866099,0.339483254790501,0.712428865108883
"Rice",23,1,30,"TSOpt (untargeted)",0.0300000000000011,0.192768502486739,0.193450237405391,0.653311536357389
"Rice",23,2,55,"TrainSel CDmean (targeted, published)",NA,0.286399727589061,0.359033377993195,0.757235142484389
"Rice",23,2,55,"TrainSel CDmean (untargeted, published)",NA,0.233430830673556,0.248367860977595,0.691214960959165
"Rice",23,2,55,"Random (published)",NA,0.197160977400914,0.309585332309212,0.722970191100011
"Rice",23,2,55,"TSOpt default (targeted)",0.0240000000000009,0.287391056350275,0.35223824164003,0.718005080020082
"Rice",23,2,55,"TSOpt (untargeted)",0.0379999999999967,0.259173659164704,0.282133113280093,0.684202242072659
"Rice",23,3,110,"TrainSel CDmean (targeted, published)",NA,0.359252467363803,0.404738618932456,0.774915530131915
"Rice",23,3,110,"TrainSel CDmean (untargeted, published)",NA,0.302494266064968,0.408248563770998,0.752299219592803
"Rice",23,3,110,"Random (published)",NA,0.306354516030474,0.353512536138094,0.681861585354451
"Rice",23,3,110,"TSOpt default (targeted)",0.0430000000000064,0.359723001755514,0.408639630468283,0.702397580300295
"Rice",23,3,110,"TSOpt (untargeted)",0.083999999999989,0.34025259859776,0.423077576923631,0.718299960775094
"Rice",23,4,165,"TrainSel CDmean (targeted, published)",NA,0.399655015432144,0.426081218599416,0.748043505973608
"Rice",23,4,165,"TrainSel CDmean (untargeted, published)",NA,0.355762075078373,0.430804234643163,0.734799248147143
"Rice",23,4,165,"Random (published)",NA,0.368303826053447,0.433397956441296,0.749780776129695
"Rice",23,4,165,"TSOpt default (targeted)",0.0760000000000076,0.400120878762794,0.429422079487777,0.721710666635639
"Rice",23,4,165,"TSOpt (untargeted)",0.111000000000004,0.383269206826168,0.465610307611917,0.72718946192596
"Rice",23,5,220,"TrainSel CDmean (targeted, published)",NA,0.42608962221692,0.446076226079663,0.739804424711294
"Rice",23,5,220,"TrainSel CDmean (untargeted, published)",NA,0.400644174821672,0.456127478068851,0.731028901237409
"Rice",23,5,220,"Random (published)",NA,0.407963556490526,0.433918774718819,0.742729930736307
"Rice",23,5,220,"TSOpt default (targeted)",0.144000000000005,0.426402503346022,0.447201186645983,0.749977778891438
"Rice",23,5,220,"TSOpt (untargeted)",0.180999999999997,0.416665763830169,0.478275760533143,0.730083570233876
"Rice",24,1,30,"TrainSel CDmean (targeted, published)",NA,0.203876676103832,0.0965967725770903,0.623644369101848
"Rice",24,1,30,"TrainSel CDmean (untargeted, published)",NA,0.161245838829346,0.177230553120699,0.610348135370861
"Rice",24,1,30,"Random (published)",NA,0.135078265781347,0.0472600091489188,0.495638129088956
"Rice",24,1,30,"TSOpt default (targeted)",0.0180000000000007,0.205793242548129,0.110921254365948,0.600712204362527
"Rice",24,1,30,"TSOpt (untargeted)",0.0259999999999962,0.186880382564006,0.0773679987162555,0.635251082680736
"Rice",24,2,55,"TrainSel CDmean (targeted, published)",NA,0.270836019282223,0.138513904247277,0.620390194218691
"Rice",24,2,55,"TrainSel CDmean (untargeted, published)",NA,0.238724201723186,0.173441208311612,0.64066882022511
"Rice",24,2,55,"Random (published)",NA,0.207126457474934,-0.083655948428028,0.548094040159293
"Rice",24,2,55,"TSOpt default (targeted)",0.0219999999999914,0.271916424774508,0.117599044470626,0.621427349829869
"Rice",24,2,55,"TSOpt (untargeted)",0.034000000000006,0.255520213398043,0.107635427801825,0.615323460557402
"Rice",24,3,110,"TrainSel CDmean (targeted, published)",NA,0.348733518742007,0.223030792098488,0.642775547552747
"Rice",24,3,110,"TrainSel CDmean (untargeted, published)",NA,0.307437777960959,0.16404309499613,0.634854082549246
"Rice",24,3,110,"Random (published)",NA,0.299955687191466,0.125296902433652,0.595184732253107
"Rice",24,3,110,"TSOpt default (targeted)",0.0370000000000061,0.349545571933908,0.238980131912043,0.58711775393598
"Rice",24,3,110,"TSOpt (untargeted)",0.0739999999999981,0.334379278668458,0.166486982747881,0.590680689739877
"Rice",24,4,165,"TrainSel CDmean (targeted, published)",NA,0.3928006616612,0.249462104066472,0.642138127245806
"Rice",24,4,165,"TrainSel CDmean (untargeted, published)",NA,0.355426531750713,0.154352412374145,0.634102909771636
"Rice",24,4,165,"Random (published)",NA,0.357575446790746,0.188886208363707,0.572449708853951
"Rice",24,4,165,"TSOpt default (targeted)",0.0679999999999978,0.393046285733535,0.249019506043299,0.577197007972159
"Rice",24,4,165,"TSOpt (untargeted)",0.109000000000009,0.380444243439861,0.177854329534843,0.576069138816966
"Rice",24,5,220,"TrainSel CDmean (targeted, published)",NA,0.422412223687463,0.223584313061888,0.600646082423382
"Rice",24,5,220,"TrainSel CDmean (untargeted, published)",NA,0.407073647403273,0.207449681793555,0.652095032659052
"Rice",24,5,220,"Random (published)",NA,0.402482854281074,0.114412893084312,0.532740518844404
"Rice",24,5,220,"TSOpt default (targeted)",0.135000000000005,0.422554671663391,0.234419363539138,0.577831026578322
"Rice",24,5,220,"TSOpt (untargeted)",0.185000000000002,0.414102753593961,0.1894481441621,0.589591739663417
"Rice",25,1,30,"TrainSel CDmean (targeted, published)",NA,0.200619703427376,0.329325697799409,0.74156606146108
"Rice",25,1,30,"TrainSel CDmean (untargeted, published)",NA,0.164331335107424,0.210989462299274,0.654619277235807
"Rice",25,1,30,"Random (published)",NA,0.123420265081447,0.143555941520329,0.691484817529057
"Rice",25,1,30,"TSOpt default (targeted)",0.0180000000000007,0.202149126464055,0.38363287725129,0.728169884525112
"Rice",25,1,30,"TSOpt (untargeted)",0.0259999999999962,0.173243349771761,0.236172258440488,0.705481191297856
"Rice",25,2,55,"TrainSel CDmean (targeted, published)",NA,0.263547246651158,0.375659365579215,0.708677835783072
"Rice",25,2,55,"TrainSel CDmean (untargeted, published)",NA,0.22588688429874,0.342049229489125,0.720183195394962
"Rice",25,2,55,"Random (published)",NA,0.187119106644376,0.100184136165493,0.591254005076026
"Rice",25,2,55,"TSOpt default (targeted)",0.0240000000000009,0.265932954727505,0.38099841547065,0.698202172501784
"Rice",25,2,55,"TSOpt (untargeted)",0.0409999999999968,0.242991419308331,0.30623221558718,0.707349276469666
"Rice",25,3,110,"TrainSel CDmean (targeted, published)",NA,0.339473459380035,0.357569093155186,0.741686767033706
"Rice",25,3,110,"TrainSel CDmean (untargeted, published)",NA,0.286355417522148,0.294155364755262,0.767614167549192
"Rice",25,3,110,"Random (published)",NA,0.281091693347454,0.371897691569838,0.660271725776961
"Rice",25,3,110,"TSOpt default (targeted)",0.0409999999999968,0.340296696139082,0.353288637643858,0.712754316642369
"Rice",25,3,110,"TSOpt (untargeted)",0.0849999999999937,0.320500984121565,0.371449488657269,0.773066020689744
"Rice",25,4,165,"TrainSel CDmean (targeted, published)",NA,0.382101101337382,0.385156112464305,0.74944254154234
"Rice",25,4,165,"TrainSel CDmean (untargeted, published)",NA,0.340662672865506,0.413079225161701,0.767234740049935
"Rice",25,4,165,"Random (published)",NA,0.350847040804359,0.257030513588642,0.732347673412148
"Rice",25,4,165,"TSOpt default (targeted)",0.0789999999999935,0.382586979061349,0.358258115885286,0.715764841301643
"Rice",25,4,165,"TSOpt (untargeted)",0.123000000000005,0.368552085520976,0.374804431667319,0.723380282518883
"Rice",25,5,220,"TrainSel CDmean (targeted, published)",NA,0.409484923654575,0.393406261704416,0.734261678047585
"Rice",25,5,220,"TrainSel CDmean (untargeted, published)",NA,0.390908089702215,0.429150075283079,0.766701381528988
"Rice",25,5,220,"Random (published)",NA,0.388937861698097,0.423855572808947,0.73185398530531
"Rice",25,5,220,"TSOpt default (targeted)",0.215000000000003,0.409849908959489,0.395539801814491,0.755019517948796
"Rice",25,5,220,"TSOpt (untargeted)",0.218999999999994,0.400337629033411,0.402515752740768,0.748537115342654
"Rice",26,1,30,"TrainSel CDmean (targeted, published)",NA,0.215369830850209,0.38672576482305,0.721167077296701
"Rice",26,1,30,"TrainSel CDmean (untargeted, published)",NA,0.17231894154277,0.301809506770907,0.739067554101101
"Rice",26,1,30,"Random (published)",NA,0.10284404507239,0.0167553762841948,0.597495538953645
"Rice",26,1,30,"TSOpt default (targeted)",0.0190000000000055,0.218013749983573,0.35499175264585,0.691240121657747
"Rice",26,1,30,"TSOpt (untargeted)",0.0279999999999916,0.181014703263273,0.32772069627343,0.66803506684286
"Rice",26,2,55,"TrainSel CDmean (targeted, published)",NA,0.27841154257658,0.357065193353423,0.731061286506621
"Rice",26,2,55,"TrainSel CDmean (untargeted, published)",NA,0.226426964123217,0.297775039416875,0.710247559096216
"Rice",26,2,55,"Random (published)",NA,0.204841720244212,0.19585046205756,0.671540982580703
"Rice",26,2,55,"TSOpt default (targeted)",0.0229999999999961,0.279627840499213,0.339529899442354,0.681106405897507
"Rice",26,2,55,"TSOpt (untargeted)",0.034000000000006,0.251715640256653,0.358446700532655,0.743775591526076
"Rice",26,3,110,"TrainSel CDmean (targeted, published)",NA,0.348601880991453,0.391932892676483,0.704740449204709
"Rice",26,3,110,"TrainSel CDmean (untargeted, published)",NA,0.297844732644903,0.377948444230475,0.719607516887343
"Rice",26,3,110,"Random (published)",NA,0.292067461916232,0.384261749663048,0.717810432086662
"Rice",26,3,110,"TSOpt default (targeted)",0.0619999999999976,0.349213888349374,0.449616025372405,0.756666380212049
"Rice",26,3,110,"TSOpt (untargeted)",0.0630000000000024,0.329877433545325,0.342467552981275,0.701487191475183
"Rice",26,4,165,"TrainSel CDmean (targeted, published)",NA,0.389427951686528,0.458818852033644,0.719504992446487
"Rice",26,4,165,"TrainSel CDmean (untargeted, published)",NA,0.341963995977959,0.398271187900536,0.747773751296668
"Rice",26,4,165,"Random (published)",NA,0.338459164966035,0.393463146180586,0.718340447946712
"Rice",26,4,165,"TSOpt default (targeted)",0.0760000000000076,0.389943915192749,0.470890636214965,0.737096517353305
"Rice",26,4,165,"TSOpt (untargeted)",0.117999999999995,0.373613908569706,0.390500102098441,0.704450743091495
"Rice",26,5,220,"TrainSel CDmean (targeted, published)",NA,0.415883035928402,0.459866060988778,0.749546740695958
"Rice",26,5,220,"TrainSel CDmean (untargeted, published)",NA,0.392115059540816,0.412459915807873,0.770198053602219
"Rice",26,5,220,"Random (published)",NA,0.388471923570443,0.38556691551048,0.791452383589547
"Rice",26,5,220,"TSOpt default (targeted)",0.146000000000001,0.416128023739809,0.457220444589191,0.753337629029227
"Rice",26,5,220,"TSOpt (untargeted)",0.231999999999999,0.407181701517722,0.399455265692492,0.724746033170299
"Rice",27,1,30,"TrainSel CDmean (targeted, published)",NA,0.226471627049215,0.482399859983237,0.820515649013128
"Rice",27,1,30,"TrainSel CDmean (untargeted, published)",NA,0.177460085802967,0.368864466197007,0.66650888983931
"Rice",27,1,30,"Random (published)",NA,0.130851008793333,0.284613363527992,0.758667848158817
"Rice",27,1,30,"TSOpt default (targeted)",0.0189999999999912,0.227896488242802,0.491732469027648,0.803314092240502
"Rice",27,1,30,"TSOpt (untargeted)",0.0280000000000058,0.210914035369927,0.398849268652219,0.688178838148034
"Rice",27,2,55,"TrainSel CDmean (targeted, published)",NA,0.288734671074149,0.489533538891772,0.738506173320383
"Rice",27,2,55,"TrainSel CDmean (untargeted, published)",NA,0.247896679260669,0.418183257109321,0.696594593287638
"Rice",27,2,55,"Random (published)",NA,0.196297642130502,0.190915992035644,0.66072430126989
"Rice",27,2,55,"TSOpt default (targeted)",0.0519999999999925,0.29033807398891,0.484172627502031,0.712679243171298
"Rice",27,2,55,"TSOpt (untargeted)",0.0450000000000017,0.268979093328663,0.450166556879894,0.702589160842709
"Rice",27,3,110,"TrainSel CDmean (targeted, published)",NA,0.365825000817504,0.544731650434863,0.754838984640299
"Rice",27,3,110,"TrainSel CDmean (untargeted, published)",NA,0.310230521798715,0.458829772656043,0.71402337949301
"Rice",27,3,110,"Random (published)",NA,0.297778719954181,0.416138791101071,0.710637681427181
"Rice",27,3,110,"TSOpt default (targeted)",0.063999999999993,0.366365000243759,0.551028141738635,0.7251880696883
"Rice",27,3,110,"TSOpt (untargeted)",0.0700000000000074,0.346419673056271,0.508074691429567,0.664438526981186
"Rice",27,4,165,"TrainSel CDmean (targeted, published)",NA,0.40841933587964,0.589938770738241,0.749595767859888
"Rice",27,4,165,"TrainSel CDmean (untargeted, published)",NA,0.360833979534544,0.546215946895377,0.775067693056482
"Rice",27,4,165,"Random (published)",NA,0.363366497636134,0.457025963415149,0.678205380864577
"Rice",27,4,165,"TSOpt default (targeted)",0.0790000000000077,0.408615214533036,0.576233134958717,0.758600877574698
"Rice",27,4,165,"TSOpt (untargeted)",0.11699999999999,0.392951596095842,0.522152729103572,0.704652269862255
"Rice",27,5,220,"TrainSel CDmean (targeted, published)",NA,0.43509657053241,0.586097303390729,0.753472891378504
"Rice",27,5,220,"TrainSel CDmean (untargeted, published)",NA,0.413137116575708,0.560422617709579,0.747111109924591
"Rice",27,5,220,"Random (published)",NA,0.411648320301882,0.495367022815817,0.738705319827915
"Rice",27,5,220,"TSOpt default (targeted)",0.182000000000002,0.435245243431263,0.585884926038941,0.729019026301302
"Rice",27,5,220,"TSOpt (untargeted)",0.212999999999994,0.427584079199962,0.573593084227906,0.749806910987889
"Rice",28,1,30,"TrainSel CDmean (targeted, published)",NA,0.212461162161649,0.166995980636022,0.747188566577683
"Rice",28,1,30,"TrainSel CDmean (untargeted, published)",NA,0.165629368440478,0.0620552747805534,0.65073809284667
"Rice",28,1,30,"Random (published)",NA,0.128228870602195,0.0247322163868908,0.567233618794116
"Rice",28,1,30,"TSOpt default (targeted)",0.027000000000001,0.21406674890421,0.188472023765853,0.715707987715714
"Rice",28,1,30,"TSOpt (untargeted)",0.0300000000000011,0.193691196831022,0.0527690652197557,0.599960899441774
"Rice",28,2,55,"TrainSel CDmean (targeted, published)",NA,0.279871580164097,0.229836292539776,0.650776066229346
"Rice",28,2,55,"TrainSel CDmean (untargeted, published)",NA,0.235657992459909,-0.00205136961704606,0.624349592004791
"Rice",28,2,55,"Random (published)",NA,0.199650952777101,0.0765482403303278,0.684051409671866
"Rice",28,2,55,"TSOpt default (targeted)",0.0249999999999915,0.281793144151541,0.239078989049325,0.682054281007273
"Rice",28,2,55,"TSOpt (untargeted)",0.0400000000000063,0.257208943956234,0.0852762418087667,0.623484453556234
"Rice",28,3,110,"TrainSel CDmean (targeted, published)",NA,0.358644306347055,0.343467208052796,0.727392899102985
"Rice",28,3,110,"TrainSel CDmean (untargeted, published)",NA,0.307224003904638,0.315659922236741,0.722463839722661
"Rice",28,3,110,"Random (published)",NA,0.307676389614851,0.199722690980591,0.697148135706671
"Rice",28,3,110,"TSOpt default (targeted)",0.0650000000000119,0.359615320401409,0.330865126241647,0.730447623407408
"Rice",28,3,110,"TSOpt (untargeted)",0.0719999999999885,0.339915428032191,0.309671153592596,0.693317690412228
"Rice",28,4,165,"TrainSel CDmean (targeted, published)",NA,0.40105373336926,0.383388403105451,0.719750260405522
"Rice",28,4,165,"TrainSel CDmean (untargeted, published)",NA,0.358834620045627,0.298252653424041,0.807403899474903
"Rice",28,4,165,"Random (published)",NA,0.367948884152301,0.398349151794717,0.77509467157391
"Rice",28,4,165,"TSOpt default (targeted)",0.0739999999999981,0.401641996516825,0.369101268828019,0.753892336810117
"Rice",28,4,165,"TSOpt (untargeted)",0.116,0.388195099055882,0.316195188620488,0.718671978777204
"Rice",28,5,220,"TrainSel CDmean (targeted, published)",NA,0.428921463293536,0.376541823687688,0.725514893863949
"Rice",28,5,220,"TrainSel CDmean (untargeted, published)",NA,0.409468688379387,0.363703491812728,0.774809134068163
"Rice",28,5,220,"Random (published)",NA,0.413448262739127,0.351042913970957,0.760879276044283
"Rice",28,5,220,"TSOpt default (targeted)",0.176000000000002,0.429150397617324,0.384790841740043,0.749789901447965
"Rice",28,5,220,"TSOpt (untargeted)",0.224999999999994,0.419530087104661,0.34832667381512,0.803408395592109
"Rice",29,1,30,"TrainSel CDmean (targeted, published)",NA,0.199088407552106,0.480027289970323,0.805920392076931
"Rice",29,1,30,"TrainSel CDmean (untargeted, published)",NA,0.138313831367268,0.153252881175129,0.644091346278316
"Rice",29,1,30,"Random (published)",NA,0.12193720340298,0.321255552882632,0.728007600116858
"Rice",29,1,30,"TSOpt default (targeted)",0.019999999999996,0.201737796114349,0.47607365688005,0.802920501158519
"Rice",29,1,30,"TSOpt (untargeted)",0.027000000000001,0.173228073746285,0.439475334652835,0.768715150944006
"Rice",29,2,55,"TrainSel CDmean (targeted, published)",NA,0.261268423477648,0.52076880781694,0.814425816834798
"Rice",29,2,55,"TrainSel CDmean (untargeted, published)",NA,0.22575944365106,0.453113533890941,0.757225075210913
"Rice",29,2,55,"Random (published)",NA,0.175059980075069,0.29411181045881,0.645797714529103
"Rice",29,2,55,"TSOpt default (targeted)",0.027000000000001,0.263315857823339,0.508909215882179,0.799667113596366
"Rice",29,2,55,"TSOpt (untargeted)",0.0409999999999968,0.245953932388754,0.477325145307186,0.769534300704883
"Rice",29,3,110,"TrainSel CDmean (targeted, published)",NA,0.337632951720879,0.59387795746606,0.842379758898421
"Rice",29,3,110,"TrainSel CDmean (untargeted, published)",NA,0.294878723867654,0.485666001989128,0.769037860985373
"Rice",29,3,110,"Random (published)",NA,0.274808771024892,0.526435406571595,0.846868478176543
"Rice",29,3,110,"TSOpt default (targeted)",0.0650000000000119,0.338304823606204,0.555992925525325,0.862868143842534
"Rice",29,3,110,"TSOpt (untargeted)",0.0679999999999978,0.31652930921017,0.543803470792343,0.762845321051058
"Rice",29,4,165,"TrainSel CDmean (targeted, published)",NA,0.381249574322858,0.597091904248501,0.852126864198149
"Rice",29,4,165,"TrainSel CDmean (untargeted, published)",NA,0.3388014390243,0.503205560554413,0.77353235094445
"Rice",29,4,165,"Random (published)",NA,0.340955756354833,0.543551595967806,0.820852245698558
"Rice",29,4,165,"TSOpt default (targeted)",0.0759999999999934,0.381830053092484,0.580020685623068,0.847930202197163
"Rice",29,4,165,"TSOpt (untargeted)",0.116000000000014,0.365952517204564,0.586567624861507,0.832577962454197
"Rice",29,5,220,"TrainSel CDmean (targeted, published)",NA,0.410112617676683,0.580976630303812,0.833095215289547
"Rice",29,5,220,"TrainSel CDmean (untargeted, published)",NA,0.392645707352613,0.560335503668635,0.844992995624119
"Rice",29,5,220,"Random (published)",NA,0.388895647713873,0.545897752162568,0.782732787135466
"Rice",29,5,220,"TSOpt default (targeted)",0.129999999999995,0.41025548948431,0.580797108761692,0.833095372702451
"Rice",29,5,220,"TSOpt (untargeted)",0.215000000000003,0.4007583996162,0.604672159412919,0.86427896621209
"Rice",30,1,30,"TrainSel CDmean (targeted, published)",NA,0.200527057216163,0.342900438196122,0.672245305528739
"Rice",30,1,30,"TrainSel CDmean (untargeted, published)",NA,0.144241894973691,0.0897893263631238,0.589626299595349
"Rice",30,1,30,"Random (published)",NA,0.115585197692537,0.284126305818021,0.66616545617368
"Rice",30,1,30,"TSOpt default (targeted)",0.0180000000000007,0.200808186786589,0.393838292760002,0.71298538404911
"Rice",30,1,30,"TSOpt (untargeted)",0.0250000000000057,0.173886971099754,0.245060063551439,0.591596199913861
"Rice",30,2,55,"TrainSel CDmean (targeted, published)",NA,0.262300658677658,0.387015502043664,0.66090331914977
"Rice",30,2,55,"TrainSel CDmean (untargeted, published)",NA,0.213129830892546,0.411343763797897,0.74446250771252
"Rice",30,2,55,"Random (published)",NA,0.1794865445774,0.0964274671932657,0.652484656344329
"Rice",30,2,55,"TSOpt default (targeted)",0.0230000000000103,0.263005018170392,0.427721574343283,0.737099985713612
"Rice",30,2,55,"TSOpt (untargeted)",0.0349999999999966,0.239916150159763,0.334710024811366,0.660087772007904
"Rice",30,3,110,"TrainSel CDmean (targeted, published)",NA,0.335577161585205,0.432670594622386,0.768433958370927
"Rice",30,3,110,"TrainSel CDmean (untargeted, published)",NA,0.288745670158361,0.340295006172633,0.684740160837008
"Rice",30,3,110,"Random (published)",NA,0.270181584279091,0.155557175931451,0.646199455392351
"Rice",30,3,110,"TSOpt default (targeted)",0.0529999999999973,0.335374690358966,0.449916663997231,0.742326093375975
"Rice",30,3,110,"TSOpt (untargeted)",0.0630000000000024,0.316139094051812,0.416815291881461,0.672773391873125
"Rice",30,4,165,"TrainSel CDmean (targeted, published)",NA,0.375953517037937,0.414062584665595,0.728404408961738
"Rice",30,4,165,"TrainSel CDmean (untargeted, published)",NA,0.335647128519915,0.288491374118456,0.647789410060162
"Rice",30,4,165,"Random (published)",NA,0.351488298891127,0.288358794643241,0.626262196857092
"Rice",30,4,165,"TSOpt default (targeted)",0.0670000000000073,0.37648422172313,0.417930999950263,0.740843718674856
"Rice",30,4,165,"TSOpt (untargeted)",0.108999999999995,0.360395043168037,0.411021829074943,0.661397019780049
"Rice",30,5,220,"TrainSel CDmean (targeted, published)",NA,0.402807396223378,0.392643719614681,0.658686405010121
"Rice",30,5,220,"TrainSel CDmean (untargeted, published)",NA,0.38378799796437,0.385300238719852,0.675867061073281
"Rice",30,5,220,"Random (published)",NA,0.390115644138092,0.346825428639498,0.655430995885595
"Rice",30,5,220,"TSOpt default (targeted)",0.125,0.403063694037786,0.392656130018337,0.664270778663165
"Rice",30,5,220,"TSOpt (untargeted)",0.192999999999998,0.394864202181412,0.40719178727765,0.676384382627008
"Rice",31,1,30,"TrainSel CDmean (targeted, published)",NA,0.20372806859182,0.294649301682636,0.682920909664312
"Rice",31,1,30,"TrainSel CDmean (untargeted, published)",NA,0.147707985276178,0.204127209122144,0.673932723882365
"Rice",31,1,30,"Random (published)",NA,0.117564342701044,0.177894206549953,0.605205145421396
"Rice",31,1,30,"TSOpt default (targeted)",0.0180000000000007,0.207182358289872,0.301752828749972,0.655914655844023
"Rice",31,1,30,"TSOpt (untargeted)",0.0259999999999962,0.193666530036566,0.351449603254963,0.695621327075904
"Rice",31,2,55,"TrainSel CDmean (targeted, published)",NA,0.267523978877078,0.348877758128844,0.679912412810422
"Rice",31,2,55,"TrainSel CDmean (untargeted, published)",NA,0.217631076860068,0.383790281660662,0.747992035473643
"Rice",31,2,55,"Random (published)",NA,0.17206340162783,0.0989643096529498,0.677385684294083
"Rice",31,2,55,"TSOpt default (targeted)",0.0220000000000056,0.269051704561464,0.30743586803301,0.640817937662414
"Rice",31,2,55,"TSOpt (untargeted)",0.0339999999999918,0.249338633046883,0.29946808748351,0.704929839066022
"Rice",31,3,110,"TrainSel CDmean (targeted, published)",NA,0.342611113531578,0.397128239299901,0.709481993519781
"Rice",31,3,110,"TrainSel CDmean (untargeted, published)",NA,0.295403425666543,0.302587145525198,0.648362873130368
"Rice",31,3,110,"Random (published)",NA,0.286430272483472,0.254734346567825,0.683242015688022
"Rice",31,3,110,"TSOpt default (targeted)",0.0510000000000019,0.343422118485448,0.384733320353054,0.717873329675104
"Rice",31,3,110,"TSOpt (untargeted)",0.0619999999999976,0.323225062184597,0.316209401561272,0.670555175769734
"Rice",31,4,165,"TrainSel CDmean (targeted, published)",NA,0.386700808451469,0.375578734385326,0.758675449665862
"Rice",31,4,165,"TrainSel CDmean (untargeted, published)",NA,0.34592261295932,0.390950922512247,0.696017223605955
"Rice",31,4,165,"Random (published)",NA,0.345301140109412,0.31133994860768,0.620393246339231
"Rice",31,4,165,"TSOpt default (targeted)",0.0679999999999978,0.387184166735236,0.381486577703067,0.728690551826005
"Rice",31,4,165,"TSOpt (untargeted)",0.125999999999991,0.372516650316874,0.374980387283643,0.695077559765618
"Rice",31,5,220,"TrainSel CDmean (targeted, published)",NA,0.414636257579382,0.400699309898448,0.684935571220941
"Rice",31,5,220,"TrainSel CDmean (untargeted, published)",NA,0.393540474241927,0.37815113637468,0.731521181353078
"Rice",31,5,220,"Random (published)",NA,0.398202827771002,0.420700273453884,0.794360695536139
"Rice",31,5,220,"TSOpt default (targeted)",0.113,0.414867312435027,0.399225525087288,0.713746066153677
"Rice",31,5,220,"TSOpt (untargeted)",0.189000000000007,0.40787266680668,0.391014283560363,0.765789289237434
"Rice",32,1,30,"TrainSel CDmean (targeted, published)",NA,0.183580592937803,0.292547458883,0.66542071295337
"Rice",32,1,30,"TrainSel CDmean (untargeted, published)",NA,0.141690423490997,0.199005766702478,0.592325694340532
"Rice",32,1,30,"Random (published)",NA,0.118503687906481,0.177576457454203,0.615747230144289
"Rice",32,1,30,"TSOpt default (targeted)",0.0180000000000007,0.187453853073188,0.307589575043712,0.623417975742054
"Rice",32,1,30,"TSOpt (untargeted)",0.0259999999999962,0.16192958577151,0.287333398235238,0.613680894535687
"Rice",32,2,55,"TrainSel CDmean (targeted, published)",NA,0.247744119607704,0.423847613381938,0.678663563310417
"Rice",32,2,55,"TrainSel CDmean (untargeted, published)",NA,0.209764097569567,0.275596308143638,0.671455339071281
"Rice",32,2,55,"Random (published)",NA,0.17287491670852,0.250093326151656,0.645683373486229
"Rice",32,2,55,"TSOpt default (targeted)",0.0220000000000056,0.250031274538768,0.371398706143865,0.697006328994067
"Rice",32,2,55,"TSOpt (untargeted)",0.0339999999999918,0.228686942493797,0.326437740400831,0.695721345152928
"Rice",32,3,110,"TrainSel CDmean (targeted, published)",NA,0.327431399841166,0.451647076356102,0.710752216531014
"Rice",32,3,110,"TrainSel CDmean (untargeted, published)",NA,0.284069174881875,0.32132555201792,0.730832262928669
"Rice",32,3,110,"Random (published)",NA,0.275234208349392,0.288245302408458,0.599719509954005
"Rice",32,3,110,"TSOpt default (targeted)",0.0500000000000114,0.328642277154729,0.453495630006624,0.759005865884021
"Rice",32,3,110,"TSOpt (untargeted)",0.0619999999999976,0.309037063235704,0.364021629675897,0.714406419268545
"Rice",32,4,165,"TrainSel CDmean (targeted, published)",NA,0.371054807388358,0.431533335084926,0.743771169180654
"Rice",32,4,165,"TrainSel CDmean (untargeted, published)",NA,0.335466644278434,0.406231067660596,0.68443785541668
"Rice",32,4,165,"Random (published)",NA,0.337782018259851,0.303598856917383,0.67646375344108
"Rice",32,4,165,"TSOpt default (targeted)",0.0660000000000025,0.371297422600346,0.426038674021679,0.727497133929894
"Rice",32,4,165,"TSOpt (untargeted)",0.155000000000001,0.356357820237656,0.379273618803632,0.743320985783891
"Rice",32,5,220,"TrainSel CDmean (targeted, published)",NA,0.398786882036646,0.424209130611203,0.748669389098727
"Rice",32,5,220,"TrainSel CDmean (untargeted, published)",NA,0.383112326022195,0.371545325288109,0.663071252546394
"Rice",32,5,220,"Random (published)",NA,0.38441496445975,0.472605042305808,0.68078493787147
"Rice",32,5,220,"TSOpt default (targeted)",0.119,0.399199850270851,0.453527646736357,0.750425369191379
"Rice",32,5,220,"TSOpt (untargeted)",0.207000000000008,0.391197134979577,0.402113966490193,0.693827952863765
"Rice",33,1,30,"TrainSel CDmean (targeted, published)",NA,0.162445120399494,0.316804828013464,0.785812882192015
"Rice",33,1,30,"TrainSel CDmean (untargeted, published)",NA,0.116891845220539,0.208888611418006,0.695434598697078
"Rice",33,1,30,"Random (published)",NA,0.0989278810519747,0.144567136983078,0.679530681931863
"Rice",33,1,30,"TSOpt default (targeted)",0.0190000000000055,0.164412385293007,0.272035721208778,0.80692749982199
"Rice",33,1,30,"TSOpt (untargeted)",0.0259999999999962,0.133232034974691,0.307408957951463,0.800951176807693
"Rice",33,2,55,"TrainSel CDmean (targeted, published)",NA,0.219167573131851,0.279606216081545,0.722818896564069
"Rice",33,2,55,"TrainSel CDmean (untargeted, published)",NA,0.183228192629093,0.359408978979719,0.754935855779568
"Rice",33,2,55,"Random (published)",NA,0.163478888299152,0.186871299217336,0.674960176191288
"Rice",33,2,55,"TSOpt default (targeted)",0.0229999999999961,0.220973106555342,0.297966115999378,0.74865621679973
"Rice",33,2,55,"TSOpt (untargeted)",0.034000000000006,0.19478851516129,0.366680352294273,0.817506775916652
"Rice",33,3,110,"TrainSel CDmean (targeted, published)",NA,0.288921506267921,0.292890540539252,0.808617717966392
"Rice",33,3,110,"TrainSel CDmean (untargeted, published)",NA,0.244489889515624,0.267139646972168,0.724417392901699
"Rice",33,3,110,"Random (published)",NA,0.235150659038269,0.355735254849321,0.738199449679642
"Rice",33,3,110,"TSOpt default (targeted)",0.0619999999999976,0.289798820521737,0.319271580186086,0.853615577358602
"Rice",33,3,110,"TSOpt (untargeted)",0.063999999999993,0.27395928433587,0.383875388418675,0.82796134028436
"Rice",33,4,165,"TrainSel CDmean (targeted, published)",NA,0.329768395779032,0.333269906660465,0.82716014205819
"Rice",33,4,165,"TrainSel CDmean (untargeted, published)",NA,0.298580768510617,0.289790896418673,0.69199630331837
"Rice",33,4,165,"Random (published)",NA,0.296712309711691,0.383222835253339,0.7468365702891
"Rice",33,4,165,"TSOpt default (targeted)",0.0690000000000026,0.330198443951366,0.33763897060098,0.81587190992078
"Rice",33,4,165,"TSOpt (untargeted)",0.111000000000004,0.318076255206565,0.347724444159255,0.759997124000013
"Rice",33,5,220,"TrainSel CDmean (targeted, published)",NA,0.355844518075625,0.346047723069928,0.773139303525334
"Rice",33,5,220,"TrainSel CDmean (untargeted, published)",NA,0.344334285597782,0.35309171906929,0.80085631881827
"Rice",33,5,220,"Random (published)",NA,0.340396353263017,0.371112628172001,0.757140190333015
"Rice",33,5,220,"TSOpt default (targeted)",0.11999999999999,0.356086199715053,0.34133950383556,0.694546526239669
"Rice",33,5,220,"TSOpt (untargeted)",0.213999999999999,0.349711808176174,0.2997679964911,0.744824049467615
"Rice",34,1,30,"TrainSel CDmean (targeted, published)",NA,0.210187504980467,0.315346563452849,0.728975554431916
"Rice",34,1,30,"TrainSel CDmean (untargeted, published)",NA,0.160546773760374,0.228339933496221,0.693133190484975
"Rice",34,1,30,"Random (published)",NA,0.137206888317683,0.0844571468185608,0.640007786633874
"Rice",34,1,30,"TSOpt default (targeted)",0.0190000000000055,0.212507600429272,0.310135733943528,0.705528804519794
"Rice",34,1,30,"TSOpt (untargeted)",0.0259999999999962,0.180222680749529,0.169434223346195,0.612220763851408
"Rice",34,2,55,"TrainSel CDmean (targeted, published)",NA,0.276984753856182,0.301208941877843,0.605505539295296
"Rice",34,2,55,"TrainSel CDmean (untargeted, published)",NA,0.218926117875661,0.096849809948823,0.621395378390908
"Rice",34,2,55,"Random (published)",NA,0.189581321978819,0.11513769543796,0.599599298811323
"Rice",34,2,55,"TSOpt default (targeted)",0.0220000000000056,0.278282429636924,0.293648519678044,0.682061223098745
"Rice",34,2,55,"TSOpt (untargeted)",0.0360000000000014,0.249466157002276,0.270565940162007,0.720979426681031
"Rice",34,3,110,"TrainSel CDmean (targeted, published)",NA,0.356358286634458,0.314667774248113,0.669933705897569
"Rice",34,3,110,"TrainSel CDmean (untargeted, published)",NA,0.306283423168263,0.235882645652486,0.635971759874414
"Rice",34,3,110,"Random (published)",NA,0.289655567396514,0.221497917221322,0.620931508707147
"Rice",34,3,110,"TSOpt default (targeted)",0.054000000000002,0.357366986460483,0.300958942988925,0.637178364728368
"Rice",34,3,110,"TSOpt (untargeted)",0.0619999999999976,0.333464256572051,0.278386741422255,0.602996709099927
"Rice",34,4,165,"TrainSel CDmean (targeted, published)",NA,0.39933857285065,0.319794585542817,0.712104775708604
"Rice",34,4,165,"TrainSel CDmean (untargeted, published)",NA,0.361190672148419,0.33539183254901,0.71265636332046
"Rice",34,4,165,"Random (published)",NA,0.355241491156188,0.322130882858968,0.695771060205215
"Rice",34,4,165,"TSOpt default (targeted)",0.0670000000000073,0.399946478671612,0.315773494555361,0.675133049956075
"Rice",34,4,165,"TSOpt (untargeted)",0.108999999999995,0.384043713425369,0.309797123978848,0.696618480863038
"Rice",34,5,220,"TrainSel CDmean (targeted, published)",NA,0.425945214305325,0.325656092256274,0.751032386305688
"Rice",34,5,220,"TrainSel CDmean (untargeted, published)",NA,0.404498542170066,0.361041286792646,0.73980440129591
"Rice",34,5,220,"Random (published)",NA,0.399645971452817,0.328877035205625,0.728288560402944
"Rice",34,5,220,"TSOpt default (targeted)",0.117000000000004,0.426290829519187,0.319145163445696,0.70653296575436
"Rice",34,5,220,"TSOpt (untargeted)",0.197000000000003,0.41739881291969,0.321498219958669,0.642454036969444
"Rice",35,1,30,"TrainSel CDmean (targeted, published)",NA,0.202728845658665,0.534351310530444,0.781215562250149
"Rice",35,1,30,"TrainSel CDmean (untargeted, published)",NA,0.168799429633854,0.479891816215827,0.780558598301376
"Rice",35,1,30,"Random (published)",NA,0.120748113140811,0.0857642442827167,0.579465097355104
"Rice",35,1,30,"TSOpt default (targeted)",0.0180000000000007,0.204228124471933,0.462965699915492,0.841732500104055
"Rice",35,1,30,"TSOpt (untargeted)",0.0250000000000057,0.183613555098831,0.446943042844843,0.830445635355451
"Rice",35,2,55,"TrainSel CDmean (targeted, published)",NA,0.265601478692808,0.434947144348793,0.845314750947868
"Rice",35,2,55,"TrainSel CDmean (untargeted, published)",NA,0.227200569855278,0.335765092713668,0.826394487703058
"Rice",35,2,55,"Random (published)",NA,0.195524769677505,0.249733441416384,0.793518666313609
"Rice",35,2,55,"TSOpt default (targeted)",0.0220000000000056,0.267019983997775,0.457923712652392,0.817761142607541
"Rice",35,2,55,"TSOpt (untargeted)",0.0330000000000013,0.247012351744782,0.405472319129961,0.784686854052404
"Rice",35,3,110,"TrainSel CDmean (targeted, published)",NA,0.342638852499698,0.426715229953211,0.848616089853639
"Rice",35,3,110,"TrainSel CDmean (untargeted, published)",NA,0.288030243889092,0.408546115435968,0.780616658267698
"Rice",35,3,110,"Random (published)",NA,0.277676637096803,0.326917174848726,0.798569446153114
"Rice",35,3,110,"TSOpt default (targeted)",0.054000000000002,0.343014871814528,0.441984593158714,0.881602411861928
"Rice",35,3,110,"TSOpt (untargeted)",0.0779999999999887,0.322850606482801,0.451998850521645,0.775975741441039
"Rice",35,4,165,"TrainSel CDmean (targeted, published)",NA,0.384950485494417,0.428972244666901,0.860128071321624
"Rice",35,4,165,"TrainSel CDmean (untargeted, published)",NA,0.34377694494324,0.420927217500676,0.784771286765993
"Rice",35,4,165,"Random (published)",NA,0.353523970511771,0.391864279971306,0.821758337311066
"Rice",35,4,165,"TSOpt default (targeted)",0.0789999999999935,0.385609661533059,0.452776490368135,0.885694045460715
"Rice",35,4,165,"TSOpt (untargeted)",0.111000000000004,0.369399827391924,0.434729313324904,0.815264889394373
"Rice",35,5,220,"TrainSel CDmean (targeted, published)",NA,0.412551911649412,0.457893443314678,0.873249684552744
"Rice",35,5,220,"TrainSel CDmean (untargeted, published)",NA,0.39521343422513,0.453776917620435,0.90974057921636
"Rice",35,5,220,"Random (published)",NA,0.397433096851778,0.397747957478907,0.889100028336196
"Rice",35,5,220,"TSOpt default (targeted)",0.116,0.412888606986703,0.440827101468334,0.883688093809617
"Rice",35,5,220,"TSOpt (untargeted)",0.195000000000007,0.405164845512092,0.445358898519233,0.846651935515205
"Rice",36,1,30,"TrainSel CDmean (targeted, published)",NA,0.208319658773298,0.280764242202696,0.707476913038659
"Rice",36,1,30,"TrainSel CDmean (untargeted, published)",NA,0.150690947379361,0.295298774822154,0.685052507719574
"Rice",36,1,30,"Random (published)",NA,0.109307137349989,0.129377733566023,0.646927917757839
"Rice",36,1,30,"TSOpt default (targeted)",0.0180000000000007,0.210815388856971,0.326982379759629,0.765813364701674
"Rice",36,1,30,"TSOpt (untargeted)",0.0250000000000057,0.170781014016471,0.30703590165023,0.737834246761076
"Rice",36,2,55,"TrainSel CDmean (targeted, published)",NA,0.269856150393739,0.346010577543776,0.825795593507357
"Rice",36,2,55,"TrainSel CDmean (untargeted, published)",NA,0.206826057784667,0.317969551852946,0.66695170500073
"Rice",36,2,55,"Random (published)",NA,0.18135397951941,0.249949667736448,0.647919922447896
"Rice",36,2,55,"TSOpt default (targeted)",0.0229999999999961,0.27132019705793,0.336208266911112,0.768736113266851
"Rice",36,2,55,"TSOpt (untargeted)",0.0349999999999966,0.23995574767536,0.391506037327767,0.85219378560886
"Rice",36,3,110,"TrainSel CDmean (targeted, published)",NA,0.343078503505635,0.371415494684895,0.754942697995107
"Rice",36,3,110,"TrainSel CDmean (untargeted, published)",NA,0.280929763169093,0.367020070786706,0.672098691944992
"Rice",36,3,110,"Random (published)",NA,0.283852577620379,0.341152863032403,0.728202126692565
"Rice",36,3,110,"TSOpt default (targeted)",0.0520000000000067,0.344331031308314,0.359407568393025,0.766804950014266
"Rice",36,3,110,"TSOpt (untargeted)",0.0619999999999976,0.32141399041577,0.43353658704869,0.797751837153374
"Rice",36,4,165,"TrainSel CDmean (targeted, published)",NA,0.384855171792508,0.430834762497953,0.835137570329283
"Rice",36,4,165,"TrainSel CDmean (untargeted, published)",NA,0.345306272251455,0.421859480633244,0.783028386218931
"Rice",36,4,165,"Random (published)",NA,0.325345598722734,0.273582270173901,0.701684984945784
"Rice",36,4,165,"TSOpt default (targeted)",0.0670000000000073,0.38523099217863,0.414793594484276,0.786393017495731
"Rice",36,4,165,"TSOpt (untargeted)",0.108000000000004,0.366226891157975,0.43789036578908,0.769074568831514
"Rice",36,5,220,"TrainSel CDmean (targeted, published)",NA,0.411645234480624,0.439592370648228,0.780644361113079
"Rice",36,5,220,"TrainSel CDmean (untargeted, published)",NA,0.395442817327123,0.43123890279151,0.7886128150961
"Rice",36,5,220,"Random (published)",NA,0.388987778109439,0.402884462752204,0.768613610762494
"Rice",36,5,220,"TSOpt default (targeted)",0.116,0.412016896698271,0.442107821488425,0.80895889278562
"Rice",36,5,220,"TSOpt (untargeted)",0.189999999999998,0.402532260731778,0.45913619076577,0.800857778455204
"Rice",37,1,30,"TrainSel CDmean (targeted, published)",NA,0.219539248811157,0.443801075856328,0.783576666761786
"Rice",37,1,30,"TrainSel CDmean (untargeted, published)",NA,0.162678545856252,0.115010625573483,0.646430788711489
"Rice",37,1,30,"Random (published)",NA,0.140057448883205,0.0832595823142332,0.664352118168497
"Rice",37,1,30,"TSOpt default (targeted)",0.0170000000000101,0.220072506932801,0.398433437148269,0.756655050230561
"Rice",37,1,30,"TSOpt (untargeted)",0.0249999999999915,0.189693023997283,0.287546704595591,0.812817240207913
"Rice",37,2,55,"TrainSel CDmean (targeted, published)",NA,0.285634119990748,0.43923439832175,0.791637386328922
"Rice",37,2,55,"TrainSel CDmean (untargeted, published)",NA,0.228550423644905,0.133678133617431,0.698390861758381
"Rice",37,2,55,"Random (published)",NA,0.196583536947384,0.285042127593598,0.776482286613131
"Rice",37,2,55,"TSOpt default (targeted)",0.0240000000000009,0.286457630235316,0.408332591513718,0.773485030237375
"Rice",37,2,55,"TSOpt (untargeted)",0.0339999999999918,0.260643957793104,0.311366681551977,0.798125947026127
"Rice",37,3,110,"TrainSel CDmean (targeted, published)",NA,0.362421977503888,0.480880797915749,0.871976734090724
"Rice",37,3,110,"TrainSel CDmean (untargeted, published)",NA,0.29708256964557,0.21752920361461,0.806205740861767
"Rice",37,3,110,"Random (published)",NA,0.305160282546596,0.438860802650334,0.8178541453094
"Rice",37,3,110,"TSOpt default (targeted)",0.0510000000000019,0.363100284876685,0.456752220008412,0.812655629975532
"Rice",37,3,110,"TSOpt (untargeted)",0.0599999999999881,0.34452012677201,0.399088492254962,0.75110434431599
"Rice",37,4,165,"TrainSel CDmean (targeted, published)",NA,0.403899939135048,0.46113101103598,0.786867037331471
"Rice",37,4,165,"TrainSel CDmean (untargeted, published)",NA,0.362104170798919,0.306131880146784,0.772343183021486
"Rice",37,4,165,"Random (published)",NA,0.362615771443138,0.497719900229575,0.811973549936285
"Rice",37,4,165,"TSOpt default (targeted)",0.0659999999999883,0.404280616730758,0.447137587143416,0.829344791320336
"Rice",37,4,165,"TSOpt (untargeted)",0.109000000000009,0.389529911442732,0.467444125058732,0.813136769244367
"Rice",37,5,220,"TrainSel CDmean (targeted, published)",NA,0.431242467174068,0.460182597646956,0.832665753195925
"Rice",37,5,220,"TrainSel CDmean (untargeted, published)",NA,0.412217996481315,0.410612279017208,0.838959917411586
"Rice",37,5,220,"Random (published)",NA,0.408883656578399,0.353701132921373,0.733703329254843
"Rice",37,5,220,"TSOpt default (targeted)",0.114000000000004,0.431575266128829,0.452027743965834,0.810200709391114
"Rice",37,5,220,"TSOpt (untargeted)",0.186999999999998,0.420686205937844,0.394233001350734,0.811293033067577
"Rice",38,1,30,"TrainSel CDmean (targeted, published)",NA,0.216883950195343,0.363110643789831,0.621375644859108
"Rice",38,1,30,"TrainSel CDmean (untargeted, published)",NA,0.174476482925979,0.208803778989933,0.600004669014166
"Rice",38,1,30,"Random (published)",NA,0.147669123661751,0.266557050725813,0.67176732777496
"Rice",38,1,30,"TSOpt default (targeted)",0.0180000000000007,0.219376140450026,0.276997081011741,0.647529357094747
"Rice",38,1,30,"TSOpt (untargeted)",0.0249999999999915,0.201712930394996,0.205205618883068,0.59893276179818
"Rice",38,2,55,"TrainSel CDmean (targeted, published)",NA,0.283573893135977,0.426945307550633,0.680498830032008
"Rice",38,2,55,"TrainSel CDmean (untargeted, published)",NA,0.251420476150325,0.314852709050212,0.637917794412353
"Rice",38,2,55,"Random (published)",NA,0.225545330152153,0.201399347996708,0.598512810037036
"Rice",38,2,55,"TSOpt default (targeted)",0.0210000000000008,0.285039740544107,0.31368730305731,0.636161682950968
"Rice",38,2,55,"TSOpt (untargeted)",0.0339999999999918,0.264908496289501,0.310755879897914,0.583821207062697
"Rice",38,3,110,"TrainSel CDmean (targeted, published)",NA,0.365460112043859,0.455071834388649,0.667997391889023
"Rice",38,3,110,"TrainSel CDmean (untargeted, published)",NA,0.316714953693781,0.409238536641355,0.633082797082168
"Rice",38,3,110,"Random (published)",NA,0.297529477339254,0.300576263079157,0.655470104446076
"Rice",38,3,110,"TSOpt default (targeted)",0.0509999999999877,0.365721554074297,0.466081110832203,0.647910193666212
"Rice",38,3,110,"TSOpt (untargeted)",0.0600000000000023,0.3436784769791,0.378729135871233,0.63209636826839
"Rice",38,4,165,"TrainSel CDmean (targeted, published)",NA,0.410701827975002,0.507465138869152,0.717059878708465
"Rice",38,4,165,"TrainSel CDmean (untargeted, published)",NA,0.372027947660397,0.429090215017083,0.658894398251928
"Rice",38,4,165,"Random (published)",NA,0.377010908288352,0.465000377609551,0.703532865217738
"Rice",38,4,165,"TSOpt default (targeted)",0.0670000000000073,0.410918292123404,0.49858932923768,0.678609256684972
"Rice",38,4,165,"TSOpt (untargeted)",0.123999999999995,0.394791277601516,0.436044002748354,0.615340637445726
"Rice",38,5,220,"TrainSel CDmean (targeted, published)",NA,0.439227592635323,0.509747183756589,0.741947965583323
"Rice",38,5,220,"TrainSel CDmean (untargeted, published)",NA,0.419188164853955,0.470224990582631,0.67566098472406
"Rice",38,5,220,"Random (published)",NA,0.413847271880725,0.491330743164364,0.65719638918821
"Rice",38,5,220,"TSOpt default (targeted)",0.114000000000004,0.439288044207573,0.514695814181011,0.733132281430852
"Rice",38,5,220,"TSOpt (untargeted)",0.186999999999998,0.430158150379085,0.480460630145225,0.699576188374122
"Rice",39,1,30,"TrainSel CDmean (targeted, published)",NA,0.206892268099518,0.590989146916664,0.897831709944068
"Rice",39,1,30,"TrainSel CDmean (untargeted, published)",NA,0.163880034218952,0.0492284158857715,0.57641484750847
"Rice",39,1,30,"Random (published)",NA,0.124557325110032,0.30279344941075,0.639886183427265
"Rice",39,1,30,"TSOpt default (targeted)",0.0210000000000008,0.208845757309963,0.522010331343353,0.821938260192274
"Rice",39,1,30,"TSOpt (untargeted)",0.0290000000000106,0.18412116937051,0.46445472062015,0.900817179913997
"Rice",39,2,55,"TrainSel CDmean (targeted, published)",NA,0.269944822824907,0.547386228088623,0.869559761142543
"Rice",39,2,55,"TrainSel CDmean (untargeted, published)",NA,0.226044664592628,0.437015361691163,0.837155743900503
"Rice",39,2,55,"Random (published)",NA,0.174221959146933,0.252360412062845,0.649683017633563
"Rice",39,2,55,"TSOpt default (targeted)",0.0240000000000009,0.270977603208066,0.552357905358447,0.844982829490371
"Rice",39,2,55,"TSOpt (untargeted)",0.0369999999999919,0.249251152069558,0.462170953487674,0.843773120465272
"Rice",39,3,110,"TrainSel CDmean (targeted, published)",NA,0.342129399695532,0.539996530613677,0.912159850647767
"Rice",39,3,110,"TrainSel CDmean (untargeted, published)",NA,0.292588340495741,0.502492764821886,0.885475966308706
"Rice",39,3,110,"Random (published)",NA,0.28476849134357,0.31761785518156,0.7322049950067
"Rice",39,3,110,"TSOpt default (targeted)",0.0600000000000023,0.343028207826773,0.547490628910705,0.911060380529358
"Rice",39,3,110,"TSOpt (untargeted)",0.0720000000000027,0.322992793245328,0.507547657352851,0.911855049623955
"Rice",39,4,165,"TrainSel CDmean (targeted, published)",NA,0.383958617692983,0.561683368466397,0.923131977745657
"Rice",39,4,165,"TrainSel CDmean (untargeted, published)",NA,0.341126671817014,0.505000034915655,0.861105356523165
"Rice",39,4,165,"Random (published)",NA,0.336798150051056,0.465713376065865,0.84525525878924
"Rice",39,4,165,"TSOpt default (targeted)",0.0720000000000027,0.384169590808985,0.576518300564874,0.940332229076677
"Rice",39,4,165,"TSOpt (untargeted)",0.161999999999992,0.369930153918996,0.536622857403869,0.874500123448549
"Rice",39,5,220,"TrainSel CDmean (targeted, published)",NA,0.410250404632604,0.54681929552078,0.832522552925955
"Rice",39,5,220,"TrainSel CDmean (untargeted, published)",NA,0.386565796970454,0.493779714286314,0.808631317732631
"Rice",39,5,220,"Random (published)",NA,0.390834138759444,0.527223970963106,0.840445577775095
"Rice",39,5,220,"TSOpt default (targeted)",0.131,0.410579411164425,0.548564621869365,0.871099913759753
"Rice",39,5,220,"TSOpt (untargeted)",0.37299999999999,0.402253568040087,0.520362090543247,0.824760838066453
"Rice",40,1,30,"TrainSel CDmean (targeted, published)",NA,0.220496619151132,0.337198841377167,0.831662095463901
"Rice",40,1,30,"TrainSel CDmean (untargeted, published)",NA,0.176355547223584,0.360222840733115,0.75233219514157
"Rice",40,1,30,"Random (published)",NA,0.135344843393829,0.216036892020459,0.601607670746951
"Rice",40,1,30,"TSOpt default (targeted)",0.0180000000000007,0.223922046837046,0.240130052791667,0.768140449392852
"Rice",40,1,30,"TSOpt (untargeted)",0.0349999999999966,0.198171396194666,0.30936899595978,0.734614831411245
"Rice",40,2,55,"TrainSel CDmean (targeted, published)",NA,0.289580033973871,0.374318788256472,0.74357738228091
"Rice",40,2,55,"TrainSel CDmean (untargeted, published)",NA,0.24117081115389,0.362935809674016,0.683526487818178
"Rice",40,2,55,"Random (published)",NA,0.202704297256207,0.378031027737631,0.691293600920187
"Rice",40,2,55,"TSOpt default (targeted)",0.0300000000000011,0.291410655904292,0.398410919661422,0.780161617819317
"Rice",40,2,55,"TSOpt (untargeted)",0.0489999999999924,0.265186831535378,0.398972085924719,0.814147069970981
"Rice",40,3,110,"TrainSel CDmean (targeted, published)",NA,0.37062343254422,0.403848139834516,0.7988980711623
"Rice",40,3,110,"TrainSel CDmean (untargeted, published)",NA,0.323844834416622,0.43890450297225,0.838106995474903
"Rice",40,3,110,"Random (published)",NA,0.299242262258282,0.423282049903067,0.724387023009086
"Rice",40,3,110,"TSOpt default (targeted)",0.0919999999999987,0.371062160785213,0.408493863953689,0.761765424578016
"Rice",40,3,110,"TSOpt (untargeted)",0.0630000000000024,0.350370724380076,0.502302720835625,0.786144956831923
"Rice",40,4,165,"TrainSel CDmean (targeted, published)",NA,0.415112388706291,0.440803527155622,0.790022659307505
"Rice",40,4,165,"TrainSel CDmean (untargeted, published)",NA,0.366927193111785,0.420012706150261,0.738570788710161
"Rice",40,4,165,"Random (published)",NA,0.375759783504724,0.505070645550271,0.831067300842418
"Rice",40,4,165,"TSOpt default (targeted)",0.0789999999999935,0.415430968690232,0.433964929421342,0.761041855806278
"Rice",40,4,165,"TSOpt (untargeted)",0.171000000000006,0.398212467775142,0.528351371371944,0.827284909483432
"Rice",40,5,220,"TrainSel CDmean (targeted, published)",NA,0.443336746726259,0.479262856862406,0.822230714585115
"Rice",40,5,220,"TrainSel CDmean (untargeted, published)",NA,0.415188416413116,0.48945328839762,0.817943309665108
"Rice",40,5,220,"Random (published)",NA,0.421252549936733,0.525465305603961,0.826468115282176
"Rice",40,5,220,"TSOpt default (targeted)",0.129000000000005,0.44357542212139,0.497474212260598,0.849910837286887
"Rice",40,5,220,"TSOpt (untargeted)",0.213999999999999,0.431994952735622,0.545746869601343,0.862932752212214
