"dataset","rep","size","n","method","seconds","cdmean","pa","ndcg10"
"RicePS",1,1,30,"TrainSel CDmean (targeted, published)",NA,0.52013428739761,0.46667117540688,0.73206815224104
"RicePS",1,1,30,"TrainSel CDmean (untargeted, published)",NA,0.488866669762624,0.436510698228095,0.755948026266876
"RicePS",1,1,30,"Random (published)",NA,0.464628870004233,0.381650106774257,0.716460065539879
"RicePS",1,1,30,"TSOpt default (targeted)",0.0169999999999959,0.520367057953681,0.433902386915403,0.748696611994572
"RicePS",1,1,30,"TSOpt (untargeted)",0.0260000000000105,0.496290784292691,0.400603739369047,0.751573730705241
"RicePS",1,2,60,"TrainSel CDmean (targeted, published)",NA,0.56775001767502,0.574858095111665,0.763484593959792
"RicePS",1,2,60,"TrainSel CDmean (untargeted, published)",NA,0.520005568790867,0.46026100972459,0.733514635787514
"RicePS",1,2,60,"Random (published)",NA,0.525221360743399,0.500637352607225,0.751433151680236
"RicePS",1,2,60,"TSOpt default (targeted)",0.0229999999999961,0.56801644138209,0.566502684007233,0.784395454043421
"RicePS",1,2,60,"TSOpt (untargeted)",0.0550000000000068,0.549549380577141,0.553776398326131,0.815870881774126
"RicePS",1,3,120,"TrainSel CDmean (targeted, published)",NA,0.600387212543214,0.602216258935185,0.767161142587266
"RicePS",1,3,120,"TrainSel CDmean (untargeted, published)",NA,0.566576273933313,0.524113278522612,0.75728603873895
"RicePS",1,3,120,"Random (published)",NA,0.568471168598733,0.527951510676604,0.714597947979857
"RicePS",1,3,120,"TSOpt default (targeted)",0.0439999999999969,0.60065307754697,0.610308640810084,0.77251264430069
"RicePS",1,3,120,"TSOpt (untargeted)",0.0789999999999935,0.583684416896257,0.564747409197845,0.792607575783571
"RicePS",1,4,180,"TrainSel CDmean (targeted, published)",NA,0.615014523086073,0.616525301321409,0.797190353328176
"RicePS",1,4,180,"TrainSel CDmean (untargeted, published)",NA,0.592591543458012,0.535374495804692,0.770264393333846
"RicePS",1,4,180,"Random (published)",NA,0.598724986280599,0.578178722436016,0.775885948831518
"RicePS",1,4,180,"TSOpt default (targeted)",0.103000000000009,0.614854940507998,0.619012095517081,0.790194226944933
"RicePS",1,4,180,"TSOpt (untargeted)",0.134999999999991,0.604490353176208,0.584303148941402,0.786775380496938
"RicePS",1,5,240,"TrainSel CDmean (targeted, published)",NA,0.622702312798436,0.611808664771984,0.788733127991103
"RicePS",1,5,240,"TrainSel CDmean (untargeted, published)",NA,0.611990275913528,0.588934183529075,0.795351004542257
"RicePS",1,5,240,"Random (published)",NA,0.61046437078281,0.613585205481266,0.808687397633094
"RicePS",1,5,240,"TSOpt default (targeted)",0.188999999999993,0.622370261241858,0.611227364921453,0.79149160727122
"RicePS",1,5,240,"TSOpt (untargeted)",0.241,0.617645341910925,0.612210532123356,0.777635539262437
"RicePS",2,1,30,"TrainSel CDmean (targeted, published)",NA,0.500557917222953,0.477498659292764,0.75529794087134
"RicePS",2,1,30,"TrainSel CDmean (untargeted, published)",NA,0.468268192383225,0.344159339643277,0.735440972096025
"RicePS",2,1,30,"Random (published)",NA,0.449196923328946,0.35958934425311,0.602957601996036
"RicePS",2,1,30,"TSOpt default (targeted)",0.0240000000000009,0.49936654393564,0.632889775788212,0.771592767828078
"RicePS",2,1,30,"TSOpt (untargeted)",0.0309999999999917,0.481994112121357,0.438296161542093,0.707998757108249
"RicePS",2,2,60,"TrainSel CDmean (targeted, published)",NA,0.547663623062622,0.59540782060932,0.773030704058707
"RicePS",2,2,60,"TrainSel CDmean (untargeted, published)",NA,0.504676845539193,0.594136546171687,0.764643293021317
"RicePS",2,2,60,"Random (published)",NA,0.50581369325943,0.577471354765111,0.66828704060226
"RicePS",2,2,60,"TSOpt default (targeted)",0.0230000000000103,0.54785068532017,0.632647155005728,0.83431821380563
"RicePS",2,2,60,"TSOpt (untargeted)",0.039999999999992,0.531869539549836,0.552106643429824,0.771699691513383
"RicePS",2,3,120,"TrainSel CDmean (targeted, published)",NA,0.583067150390376,0.670237257158328,0.827920421131922
"RicePS",2,3,120,"TrainSel CDmean (untargeted, published)",NA,0.553967709297114,0.647340405649675,0.79404675132598
"RicePS",2,3,120,"Random (published)",NA,0.546011792215014,0.623046182640144,0.757036664376611
"RicePS",2,3,120,"TSOpt default (targeted)",0.0609999999999928,0.582981260451038,0.662056256702514,0.817368934634916
"RicePS",2,3,120,"TSOpt (untargeted)",0.0799999999999983,0.567522686490089,0.651243319164194,0.791066501953932
"RicePS",2,4,180,"TrainSel CDmean (targeted, published)",NA,0.599245893161727,0.694736757219855,0.814268247978964
"RicePS",2,4,180,"TrainSel CDmean (untargeted, published)",NA,0.579677498207419,0.656593755743323,0.783026233744484
"RicePS",2,4,180,"Random (published)",NA,0.580883712071281,0.693809159806243,0.809866744047735
"RicePS",2,4,180,"TSOpt default (targeted)",0.097999999999999,0.598623138629492,0.684144803038753,0.822482830766777
"RicePS",2,4,180,"TSOpt (untargeted)",0.194000000000003,0.588677721289089,0.676350897072172,0.819595507977635
"RicePS",2,5,240,"TrainSel CDmean (targeted, published)",NA,0.608284087771066,0.699792189034253,0.810733912870373
"RicePS",2,5,240,"TrainSel CDmean (untargeted, published)",NA,0.59812001721569,0.686912735744695,0.831883970353276
"RicePS",2,5,240,"Random (published)",NA,0.594920902180264,0.699260819891513,0.832510985760905
"RicePS",2,5,240,"TSOpt default (targeted)",0.171000000000006,0.60767815967057,0.699924241504006,0.833017121926792
"RicePS",2,5,240,"TSOpt (untargeted)",0.236000000000004,0.601998373580295,0.685988617461042,0.83258911367715
"RicePS",3,1,30,"TrainSel CDmean (targeted, published)",NA,0.414099264996189,0.583675394008124,0.746276517732822
"RicePS",3,1,30,"TrainSel CDmean (untargeted, published)",NA,0.38414951011126,0.477244052342919,0.721090765682552
"RicePS",3,1,30,"Random (published)",NA,0.32184036708636,0.34457962660809,0.648205254564909
"RicePS",3,1,30,"TSOpt default (targeted)",0.0159999999999911,0.415386859185636,0.584338847708016,0.714296571348705
"RicePS",3,1,30,"TSOpt (untargeted)",0.0250000000000057,0.396778666541942,0.509626794927678,0.728189680110267
"RicePS",3,2,60,"TrainSel CDmean (targeted, published)",NA,0.468989338103023,0.615020840732272,0.774679485764868
"RicePS",3,2,60,"TrainSel CDmean (untargeted, published)",NA,0.426673958399652,0.601119832489203,0.713384694044873
"RicePS",3,2,60,"Random (published)",NA,0.417639996088111,0.588843732088421,0.76367136521787
"RicePS",3,2,60,"TSOpt default (targeted)",0.0220000000000056,0.469307537631297,0.628855893460668,0.769461798829572
"RicePS",3,2,60,"TSOpt (untargeted)",0.0379999999999967,0.446717811669511,0.589053162105604,0.749825338425112
"RicePS",3,3,120,"TrainSel CDmean (targeted, published)",NA,0.510386513347861,0.664559880969106,0.802526888902847
"RicePS",3,3,120,"TrainSel CDmean (untargeted, published)",NA,0.475526882255282,0.610289678373651,0.741085288461622
"RicePS",3,3,120,"Random (published)",NA,0.475015065509174,0.641310881254584,0.783152105158601
"RicePS",3,3,120,"TSOpt default (targeted)",0.054000000000002,0.510723335125289,0.655807545375859,0.794645235895896
"RicePS",3,3,120,"TSOpt (untargeted)",0.0829999999999984,0.490883705463481,0.643279276223227,0.778476281903177
"RicePS",3,4,180,"TrainSel CDmean (targeted, published)",NA,0.528812978829925,0.671735606171121,0.792690737708147
"RicePS",3,4,180,"TrainSel CDmean (untargeted, published)",NA,0.506169768734341,0.637601183061388,0.785235783300933
"RicePS",3,4,180,"Random (published)",NA,0.502629310037551,0.636430516649894,0.786141680752467
"RicePS",3,4,180,"TSOpt default (targeted)",0.097999999999999,0.529106593477394,0.678230102399664,0.80031007852584
"RicePS",3,4,180,"TSOpt (untargeted)",0.171999999999997,0.515467448616364,0.673715276308044,0.776795714943252
"RicePS",3,5,240,"TrainSel CDmean (targeted, published)",NA,0.538453977287191,0.678958661976458,0.807465595975243
"RicePS",3,5,240,"TrainSel CDmean (untargeted, published)",NA,0.529551229127672,0.670076110810654,0.795773685303226
"RicePS",3,5,240,"Random (published)",NA,0.526035568094802,0.674515628606928,0.798687134437346
"RicePS",3,5,240,"TSOpt default (targeted)",0.170999999999992,0.538819610727189,0.67525562780181,0.811646709437788
"RicePS",3,5,240,"TSOpt (untargeted)",0.239000000000004,0.532688531459612,0.672561850657456,0.802474837387959
"RicePS",4,1,30,"TrainSel CDmean (targeted, published)",NA,0.482343974093281,0.477361500697975,0.685020404903159
"RicePS",4,1,30,"TrainSel CDmean (untargeted, published)",NA,0.458255210482308,0.577027662841938,0.748714857516996
"RicePS",4,1,30,"Random (published)",NA,0.418269387116447,0.502939556223631,0.63054985402508
"RicePS",4,1,30,"TSOpt default (targeted)",0.0169999999999959,0.480611795503111,0.466927023161993,0.710220498807252
"RicePS",4,1,30,"TSOpt (untargeted)",0.0259999999999962,0.465486427882718,0.394837080356705,0.693736738281881
"RicePS",4,2,60,"TrainSel CDmean (targeted, published)",NA,0.536352042535138,0.568270681320977,0.75009472247146
"RicePS",4,2,60,"TrainSel CDmean (untargeted, published)",NA,0.49487638341561,0.606610663343161,0.757090845620906
"RicePS",4,2,60,"Random (published)",NA,0.488317700641512,0.526404476499164,0.725991810006693
"RicePS",4,2,60,"TSOpt default (targeted)",0.0229999999999961,0.536901808017556,0.597882271565266,0.769585865116058
"RicePS",4,2,60,"TSOpt (untargeted)",0.0390000000000015,0.520208282975221,0.581849145355943,0.775724372618579
"RicePS",4,3,120,"TrainSel CDmean (targeted, published)",NA,0.577511071796572,0.641026380949781,0.775046569354787
"RicePS",4,3,120,"TrainSel CDmean (untargeted, published)",NA,0.54409643308051,0.601772427663557,0.736039581914105
"RicePS",4,3,120,"Random (published)",NA,0.543053263646266,0.589676535302809,0.731441184591332
"RicePS",4,3,120,"TSOpt default (targeted)",0.0559999999999974,0.577455735111191,0.641275472409343,0.807765278204014
"RicePS",4,3,120,"TSOpt (untargeted)",0.0760000000000076,0.561078143213162,0.646829818376315,0.812153522664856
"RicePS",4,4,180,"TrainSel CDmean (targeted, published)",NA,0.594809420238987,0.652812472713519,0.796509357601201
"RicePS",4,4,180,"TrainSel CDmean (untargeted, published)",NA,0.574137450316033,0.596687113448179,0.759449363114114
"RicePS",4,4,180,"Random (published)",NA,0.568064004744654,0.605610925973305,0.743674727260647
"RicePS",4,4,180,"TSOpt default (targeted)",0.128,0.594788753723229,0.647170995986051,0.787663364402587
"RicePS",4,4,180,"TSOpt (untargeted)",0.141000000000005,0.58451295742862,0.629144805098171,0.779759436856452
"RicePS",4,5,240,"TrainSel CDmean (targeted, published)",NA,0.60384387282203,0.651771517232642,0.789290104154783
"RicePS",4,5,240,"TrainSel CDmean (untargeted, published)",NA,0.595779519703847,0.631136233176573,0.777736194614481
"RicePS",4,5,240,"Random (published)",NA,0.59426929211901,0.6316614005477,0.776751905510017
"RicePS",4,5,240,"TSOpt default (targeted)",0.213000000000008,0.603853530566765,0.650989722657331,0.787835532702135
"RicePS",4,5,240,"TSOpt (untargeted)",0.271999999999991,0.599107115837592,0.643152292907053,0.785050990796634
"RicePS",5,1,30,"TrainSel CDmean (targeted, published)",NA,0.447876588256734,0.502080327141156,0.721893439096189
"RicePS",5,1,30,"TrainSel CDmean (untargeted, published)",NA,0.424589753631317,0.451673587816336,0.729252837262684
"RicePS",5,1,30,"Random (published)",NA,0.377909459960108,0.321049242530737,0.713180082812757
"RicePS",5,1,30,"TSOpt default (targeted)",0.0169999999999959,0.446901517930914,0.51231243271912,0.714656821439488
"RicePS",5,1,30,"TSOpt (untargeted)",0.0249999999999915,0.435927986526182,0.501057086649503,0.751789836336197
"RicePS",5,2,60,"TrainSel CDmean (targeted, published)",NA,0.503398596689269,0.558247615038233,0.786665246351738
"RicePS",5,2,60,"TrainSel CDmean (untargeted, published)",NA,0.469043022384936,0.49619543754197,0.78865858271468
"RicePS",5,2,60,"Random (published)",NA,0.452620097931384,0.44330509265567,0.738933064477704
"RicePS",5,2,60,"TSOpt default (targeted)",0.0429999999999922,0.503190910286476,0.533027017243489,0.746640674948631
"RicePS",5,2,60,"TSOpt (untargeted)",0.0370000000000061,0.488378957005529,0.588258508429619,0.81753821877185
"RicePS",5,3,120,"TrainSel CDmean (targeted, published)",NA,0.543880991564571,0.57683843432914,0.812942827614152
"RicePS",5,3,120,"TrainSel CDmean (untargeted, published)",NA,0.511854137404172,0.526638059677845,0.807368128219187
"RicePS",5,3,120,"Random (published)",NA,0.502360863975855,0.520139481932741,0.798889994190305
"RicePS",5,3,120,"TSOpt default (targeted)",0.0429999999999922,0.543572081206567,0.571991701488259,0.830498253787177
"RicePS",5,3,120,"TSOpt (untargeted)",0.0790000000000077,0.528984654963272,0.596980091933721,0.836331992095032
"RicePS",5,4,180,"TrainSel CDmean (targeted, published)",NA,0.561782716574776,0.57572152403076,0.837343477499441
"RicePS",5,4,180,"TrainSel CDmean (untargeted, published)",NA,0.539302776035665,0.524157428628046,0.789854645869065
"RicePS",5,4,180,"Random (published)",NA,0.536669627754664,0.578163669259605,0.788692280786148
"RicePS",5,4,180,"TSOpt default (targeted)",0.0859999999999985,0.561690134582597,0.587902535853794,0.818074244518911
"RicePS",5,4,180,"TSOpt (untargeted)",0.143000000000001,0.552698239353792,0.592127331901175,0.805921130702592
"RicePS",5,5,240,"TrainSel CDmean (targeted, published)",NA,0.57145761761598,0.588437788966671,0.809540801136462
"RicePS",5,5,240,"TrainSel CDmean (untargeted, published)",NA,0.561118177256839,0.571995182959287,0.756746338439954
"RicePS",5,5,240,"Random (published)",NA,0.554866921427591,0.603826805262552,0.816151988973163
"RicePS",5,5,240,"TSOpt default (targeted)",0.171999999999997,0.571439602708108,0.586406624065548,0.801666366891179
"RicePS",5,5,240,"TSOpt (untargeted)",0.246000000000009,0.567627730593874,0.598153779871798,0.800804580625844
"RicePS",6,1,30,"TrainSel CDmean (targeted, published)",NA,0.502597050072123,0.467508433381111,0.694380080883734
"RicePS",6,1,30,"TrainSel CDmean (untargeted, published)",NA,0.474232294884084,0.60025447138051,0.803725542983042
"RicePS",6,1,30,"Random (published)",NA,0.45049770260715,0.481696730463565,0.636422744365782
"RicePS",6,1,30,"TSOpt default (targeted)",0.0169999999999959,0.502363409001567,0.609718480744195,0.670433988251307
"RicePS",6,1,30,"TSOpt (untargeted)",0.0249999999999915,0.484485015714087,0.472563073911569,0.75097961068209
"RicePS",6,2,60,"TrainSel CDmean (targeted, published)",NA,0.556538808959279,0.675264558800528,0.777645864902672
"RicePS",6,2,60,"TrainSel CDmean (untargeted, published)",NA,0.515255854184938,0.544867199467255,0.65605461988259
"RicePS",6,2,60,"Random (published)",NA,0.514515670094096,0.568268201408349,0.686648744569208
"RicePS",6,2,60,"TSOpt default (targeted)",0.0229999999999961,0.556338866961433,0.699490650071616,0.798340490153505
"RicePS",6,2,60,"TSOpt (untargeted)",0.0379999999999967,0.539338318974331,0.678009257540175,0.786134223370949
"RicePS",6,3,120,"TrainSel CDmean (targeted, published)",NA,0.594911369892711,0.714654369541437,0.807883937790391
"RicePS",6,3,120,"TrainSel CDmean (untargeted, published)",NA,0.562928896566128,0.696122401591398,0.782352997050122
"RicePS",6,3,120,"Random (published)",NA,0.554082953895585,0.682667365495319,0.785541431227101
"RicePS",6,3,120,"TSOpt default (targeted)",0.0570000000000022,0.594837562925161,0.72208896005246,0.80607393455133
"RicePS",6,3,120,"TSOpt (untargeted)",0.0750000000000028,0.579696833776529,0.70269560709154,0.810873107245932
"RicePS",6,4,180,"TrainSel CDmean (targeted, published)",NA,0.611116095809206,0.721561089749336,0.821393849795953
"RicePS",6,4,180,"TrainSel CDmean (untargeted, published)",NA,0.590901454527523,0.698281964029707,0.809387560526838
"RicePS",6,4,180,"Random (published)",NA,0.586466274216673,0.708398942197659,0.744862736215513
"RicePS",6,4,180,"TSOpt default (targeted)",0.0829999999999984,0.610919961803605,0.720581983104831,0.81288178173884
"RicePS",6,4,180,"TSOpt (untargeted)",0.158999999999992,0.600999245549868,0.717438997024952,0.807753234322801
"RicePS",6,5,240,"TrainSel CDmean (targeted, published)",NA,0.62012012205919,0.724861516136533,0.819159300367589
"RicePS",6,5,240,"TrainSel CDmean (untargeted, published)",NA,0.611212169712137,0.729492508361832,0.789883844726001
"RicePS",6,5,240,"Random (published)",NA,0.610810966209023,0.729814378057048,0.819742028520219
"RicePS",6,5,240,"TSOpt default (targeted)",0.170000000000002,0.619924422543715,0.725805861263714,0.815391426120925
"RicePS",6,5,240,"TSOpt (untargeted)",0.257000000000005,0.615875543283048,0.729309772652599,0.812005683636756
"RicePS",7,1,30,"TrainSel CDmean (targeted, published)",NA,0.516540008666993,0.488302950839902,0.852496273326948
"RicePS",7,1,30,"TrainSel CDmean (untargeted, published)",NA,0.492874348213132,0.427869111792677,0.734793939329001
"RicePS",7,1,30,"Random (published)",NA,0.436691574310055,0.442830178552504,0.764099476807475
"RicePS",7,1,30,"TSOpt default (targeted)",0.0169999999999959,0.516149842997796,0.463821763436827,0.78395573098234
"RicePS",7,1,30,"TSOpt (untargeted)",0.0390000000000015,0.497395831706744,0.391563656588186,0.759798981371119
"RicePS",7,2,60,"TrainSel CDmean (targeted, published)",NA,0.569788680130293,0.559846324636946,0.852395545645683
"RicePS",7,2,60,"TrainSel CDmean (untargeted, published)",NA,0.523488927556645,0.48820612624143,0.768980958769661
"RicePS",7,2,60,"Random (published)",NA,0.510178930949216,0.565242733722474,0.697469575918767
"RicePS",7,2,60,"TSOpt default (targeted)",0.0210000000000008,0.57001225651315,0.56836024772413,0.859576345121053
"RicePS",7,2,60,"TSOpt (untargeted)",0.0369999999999919,0.55303579326183,0.529638909152428,0.81880734076871
"RicePS",7,3,120,"TrainSel CDmean (targeted, published)",NA,0.606115769351252,0.611946139652083,0.829008812567345
"RicePS",7,3,120,"TrainSel CDmean (untargeted, published)",NA,0.571125148134228,0.536292506518734,0.77023577300215
"RicePS",7,3,120,"Random (published)",NA,0.568186017765392,0.5434524599274,0.769667576362226
"RicePS",7,3,120,"TSOpt default (targeted)",0.0430000000000064,0.60629947713685,0.602167925123835,0.824245757768342
"RicePS",7,3,120,"TSOpt (untargeted)",0.0869999999999891,0.593167265942668,0.60505507098914,0.816390355253268
"RicePS",7,4,180,"TrainSel CDmean (targeted, published)",NA,0.621844310172364,0.632080394328796,0.851970285432782
"RicePS",7,4,180,"TrainSel CDmean (untargeted, published)",NA,0.60311097798826,0.536255417642614,0.779817857712389
"RicePS",7,4,180,"Random (published)",NA,0.603516586969985,0.582862760717445,0.78455248847815
"RicePS",7,4,180,"TSOpt default (targeted)",0.0919999999999987,0.621673427755377,0.623901082554807,0.817631542955646
"RicePS",7,4,180,"TSOpt (untargeted)",0.149999999999991,0.61359673019184,0.608248449087089,0.805455637660985
"RicePS",7,5,240,"TrainSel CDmean (targeted, published)",NA,0.630655834944218,0.627349645155183,0.802235951498324
"RicePS",7,5,240,"TrainSel CDmean (untargeted, published)",NA,0.621109600586228,0.607462436879084,0.812437027195876
"RicePS",7,5,240,"Random (published)",NA,0.620218698238711,0.615310143654608,0.825546471623986
"RicePS",7,5,240,"TSOpt default (targeted)",0.159999999999997,0.630480649344588,0.624892181293302,0.811353369989358
"RicePS",7,5,240,"TSOpt (untargeted)",0.233000000000004,0.627074459063332,0.614460338705805,0.83416502544657
"RicePS",8,1,30,"TrainSel CDmean (targeted, published)",NA,0.502919676583705,0.667883865316275,0.874113432535037
"RicePS",8,1,30,"TrainSel CDmean (untargeted, published)",NA,0.474653577952176,0.561334927826147,0.823073338731438
"RicePS",8,1,30,"Random (published)",NA,0.423962888532433,0.530704252399165,0.697430046287695
"RicePS",8,1,30,"TSOpt default (targeted)",0.0159999999999911,0.502367648095978,0.675027855870327,0.829937655704436
"RicePS",8,1,30,"TSOpt (untargeted)",0.0250000000000057,0.486955693481509,0.557921639957432,0.859868371409497
"RicePS",8,2,60,"TrainSel CDmean (targeted, published)",NA,0.553838613353924,0.690871333469034,0.888124012095346
"RicePS",8,2,60,"TrainSel CDmean (untargeted, published)",NA,0.508337966982361,0.643016193512287,0.838873006924353
"RicePS",8,2,60,"Random (published)",NA,0.487740138305108,0.63659806337605,0.783151955855336
"RicePS",8,2,60,"TSOpt default (targeted)",0.0219999999999914,0.553828991267071,0.720101887457967,0.88859652080735
"RicePS",8,2,60,"TSOpt (untargeted)",0.0370000000000061,0.539611265087893,0.680283259721732,0.872934644130371
"RicePS",8,3,120,"TrainSel CDmean (targeted, published)",NA,0.590612277967672,0.731197962107634,0.84754290592203
"RicePS",8,3,120,"TrainSel CDmean (untargeted, published)",NA,0.553682208688322,0.701205404060415,0.836568515912162
"RicePS",8,3,120,"Random (published)",NA,0.55666130854304,0.70225956260993,0.848571316619606
"RicePS",8,3,120,"TSOpt default (targeted)",0.054000000000002,0.590386767893785,0.724800511063521,0.878469538451565
"RicePS",8,3,120,"TSOpt (untargeted)",0.0739999999999981,0.577171601487478,0.731632473172217,0.884827768745879
"RicePS",8,4,180,"TrainSel CDmean (targeted, published)",NA,0.605685244602101,0.750998501831456,0.865163023020541
"RicePS",8,4,180,"TrainSel CDmean (untargeted, published)",NA,0.583203954159772,0.715954251542304,0.866772077120855
"RicePS",8,4,180,"Random (published)",NA,0.590321526818823,0.737259632712186,0.848289220227742
"RicePS",8,4,180,"TSOpt default (targeted)",0.0989999999999895,0.605390790082045,0.758434508875802,0.854932303112393
"RicePS",8,4,180,"TSOpt (untargeted)",0.128,0.598874976154857,0.751997407416245,0.869426537726676
"RicePS",8,5,240,"TrainSel CDmean (targeted, published)",NA,0.614076980221588,0.758405950996761,0.884158113360526
"RicePS",8,5,240,"TrainSel CDmean (untargeted, published)",NA,0.605442332962911,0.73718846451805,0.850890747106507
"RicePS",8,5,240,"Random (published)",NA,0.602099685737497,0.741059792759261,0.840675889510588
"RicePS",8,5,240,"TSOpt default (targeted)",0.156999999999996,0.61325252249388,0.748876253623063,0.844924635061737
"RicePS",8,5,240,"TSOpt (untargeted)",0.257999999999996,0.610354691850332,0.750977938907086,0.871897742154469
"RicePS",9,1,30,"TrainSel CDmean (targeted, published)",NA,0.489679787742072,0.353449630940756,0.825193594566876
"RicePS",9,1,30,"TrainSel CDmean (untargeted, published)",NA,0.461925738846704,0.419797350350968,0.806822105145396
"RicePS",9,1,30,"Random (published)",NA,0.420052826797223,0.326079977639999,0.681091613346082
"RicePS",9,1,30,"TSOpt default (targeted)",0.0169999999999959,0.489340758324637,0.46843091761351,0.836900572755291
"RicePS",9,1,30,"TSOpt (untargeted)",0.0260000000000105,0.471008449457148,0.326310108307712,0.75839508365276
"RicePS",9,2,60,"TrainSel CDmean (targeted, published)",NA,0.540618033200139,0.500548193468195,0.849618998696874
"RicePS",9,2,60,"TrainSel CDmean (untargeted, published)",NA,0.497198372260593,0.521471726727354,0.731703727001731
"RicePS",9,2,60,"Random (published)",NA,0.465490586570046,0.417674706232096,0.613634242266278
"RicePS",9,2,60,"TSOpt default (targeted)",0.0240000000000009,0.540735688771454,0.5698914756616,0.842469404668501
"RicePS",9,2,60,"TSOpt (untargeted)",0.0450000000000017,0.524801335964243,0.49550621438631,0.815691835609903
"RicePS",9,3,120,"TrainSel CDmean (targeted, published)",NA,0.576917943169758,0.616722583583498,0.779536432072549
"RicePS",9,3,120,"TrainSel CDmean (untargeted, published)",NA,0.545896529017985,0.564025126847733,0.755351809926001
"RicePS",9,3,120,"Random (published)",NA,0.530009973030796,0.528277959387065,0.751566034573107
"RicePS",9,3,120,"TSOpt default (targeted)",0.0930000000000035,0.576782912040787,0.614543176846562,0.810040741131405
"RicePS",9,3,120,"TSOpt (untargeted)",0.0919999999999987,0.563559859341565,0.579735981205504,0.81671964040686
"RicePS",9,4,180,"TrainSel CDmean (targeted, published)",NA,0.592384698750202,0.606565180893826,0.812758369283204
"RicePS",9,4,180,"TrainSel CDmean (untargeted, published)",NA,0.571173478706877,0.549495815647458,0.795134829635996
"RicePS",9,4,180,"Random (published)",NA,0.559554568162928,0.571221586466149,0.837770265259059
"RicePS",9,4,180,"TSOpt default (targeted)",0.0930000000000035,0.592395023217192,0.617069154583402,0.796050726007669
"RicePS",9,4,180,"TSOpt (untargeted)",0.201999999999998,0.584488224248661,0.587720764652015,0.78672266854111
"RicePS",9,5,240,"TrainSel CDmean (targeted, published)",NA,0.601156942206449,0.613614441804846,0.801294011566427
"RicePS",9,5,240,"TrainSel CDmean (untargeted, published)",NA,0.591120892127138,0.599070311740294,0.796767555144137
"RicePS",9,5,240,"Random (published)",NA,0.589545468458884,0.625550679007588,0.777600854222718
"RicePS",9,5,240,"TSOpt default (targeted)",0.192999999999998,0.601049879995027,0.614543192033363,0.79470485903243
"RicePS",9,5,240,"TSOpt (untargeted)",0.24499999999999,0.597681826711002,0.604108298759536,0.816842397618875
"RicePS",10,1,30,"TrainSel CDmean (targeted, published)",NA,0.528376922408843,0.397234128187556,0.728877484721529
"RicePS",10,1,30,"TrainSel CDmean (untargeted, published)",NA,0.502497023639908,0.364365477965812,0.710919439308151
"RicePS",10,1,30,"Random (published)",NA,0.453401738342715,0.483783452601469,0.671924660660642
"RicePS",10,1,30,"TSOpt default (targeted)",0.027000000000001,0.527957481671819,0.38953864167467,0.768350640023929
"RicePS",10,1,30,"TSOpt (untargeted)",0.0360000000000014,0.513231595857118,0.422114939255122,0.716274385247355
"RicePS",10,2,60,"TrainSel CDmean (targeted, published)",NA,0.58185309182003,0.612565555126223,0.810005794884508
"RicePS",10,2,60,"TrainSel CDmean (untargeted, published)",NA,0.539858407178915,0.598138159896619,0.764711863553789
"RicePS",10,2,60,"Random (published)",NA,0.533095687962219,0.597452572804887,0.790568511619141
"RicePS",10,2,60,"TSOpt default (targeted)",0.0460000000000065,0.581487331518018,0.624292481570572,0.79029830661266
"RicePS",10,2,60,"TSOpt (untargeted)",0.0379999999999967,0.564138522136565,0.541021255525148,0.762367652379384
"RicePS",10,3,120,"TrainSel CDmean (targeted, published)",NA,0.620204379023182,0.670195879579948,0.803709613326482
"RicePS",10,3,120,"TrainSel CDmean (untargeted, published)",NA,0.580754237345138,0.614101541599393,0.788170061367587
"RicePS",10,3,120,"Random (published)",NA,0.588695129097467,0.586813963501014,0.747062453930646
"RicePS",10,3,120,"TSOpt default (targeted)",0.0460000000000065,0.620281319064652,0.679202129059064,0.800241387894614
"RicePS",10,3,120,"TSOpt (untargeted)",0.0789999999999935,0.602803981538945,0.633510085689368,0.812623337335631
"RicePS",10,4,180,"TrainSel CDmean (targeted, published)",NA,0.635772509217667,0.694259511011541,0.826894763612136
"RicePS",10,4,180,"TrainSel CDmean (untargeted, published)",NA,0.61374347549873,0.631213680131801,0.80654832241891
"RicePS",10,4,180,"Random (published)",NA,0.614537345992464,0.631002622549273,0.82066484056633
"RicePS",10,4,180,"TSOpt default (targeted)",0.153000000000006,0.635710127395442,0.699754928375772,0.841375741420364
"RicePS",10,4,180,"TSOpt (untargeted)",0.158000000000001,0.623711744095573,0.662536938692673,0.842477648587205
"RicePS",10,5,240,"TrainSel CDmean (targeted, published)",NA,0.644448936538486,0.696298754531017,0.818628956965783
"RicePS",10,5,240,"TrainSel CDmean (untargeted, published)",NA,0.632780806091929,0.683412956919773,0.840145447331762
"RicePS",10,5,240,"Random (published)",NA,0.632277298604392,0.683724802535407,0.8220241944395
"RicePS",10,5,240,"TSOpt default (targeted)",0.177999999999997,0.644254305885184,0.69527265145127,0.818955652498131
"RicePS",10,5,240,"TSOpt (untargeted)",0.283000000000001,0.639086615637208,0.67869822584265,0.828180829900033
"RicePS",11,1,30,"TrainSel CDmean (targeted, published)",NA,0.522495290016848,0.439497943807002,0.752539319459361
"RicePS",11,1,30,"TrainSel CDmean (untargeted, published)",NA,0.496731279335648,0.468157663710997,0.721984013704785
"RicePS",11,1,30,"Random (published)",NA,0.485748733393508,0.464385522728421,0.698103676655955
"RicePS",11,1,30,"TSOpt default (targeted)",0.0190000000000055,0.520762993753326,0.519734299922323,0.775988684692534
"RicePS",11,1,30,"TSOpt (untargeted)",0.0259999999999962,0.49724814970925,0.329532878674839,0.711266321481537
"RicePS",11,2,60,"TrainSel CDmean (targeted, published)",NA,0.567179365452631,0.569030285834073,0.763598278105123
"RicePS",11,2,60,"TrainSel CDmean (untargeted, published)",NA,0.520522430717656,0.499857938091492,0.716971547724777
"RicePS",11,2,60,"Random (published)",NA,0.525668142520764,0.538609630143962,0.723622023479258
"RicePS",11,2,60,"TSOpt default (targeted)",0.0229999999999961,0.567276262015121,0.562602151504101,0.773081449368506
"RicePS",11,2,60,"TSOpt (untargeted)",0.0400000000000063,0.550060966620456,0.508128748031935,0.761541155013614
"RicePS",11,3,120,"TrainSel CDmean (targeted, published)",NA,0.598923617821764,0.629234441742971,0.791801442371417
"RicePS",11,3,120,"TrainSel CDmean (untargeted, published)",NA,0.565194517442353,0.549951094557295,0.672999719145848
"RicePS",11,3,120,"Random (published)",NA,0.578686647223589,0.614031146291044,0.782945632373822
"RicePS",11,3,120,"TSOpt default (targeted)",0.0600000000000023,0.5989750858848,0.634806491113278,0.789693428265857
"RicePS",11,3,120,"TSOpt (untargeted)",0.100999999999999,0.583985514411537,0.592906466376101,0.751403643895609
"RicePS",11,4,180,"TrainSel CDmean (targeted, published)",NA,0.613102449865744,0.626747338737931,0.741960496676399
"RicePS",11,4,180,"TrainSel CDmean (untargeted, published)",NA,0.592121934146701,0.601094131258857,0.74181227775294
"RicePS",11,4,180,"Random (published)",NA,0.593743782830624,0.626472581084877,0.744809855369469
"RicePS",11,4,180,"TSOpt default (targeted)",0.149999999999991,0.612638942418341,0.623647330217762,0.773748087311274
"RicePS",11,4,180,"TSOpt (untargeted)",0.165000000000006,0.605093225838456,0.613603923110863,0.782971648321768
"RicePS",11,5,240,"TrainSel CDmean (targeted, published)",NA,0.620791847207143,0.638407202749449,0.762205525412229
"RicePS",11,5,240,"TrainSel CDmean (untargeted, published)",NA,0.611727940080457,0.662494380203186,0.742410073430958
"RicePS",11,5,240,"Random (published)",NA,0.612048200381723,0.622184627717994,0.746230629981705
"RicePS",11,5,240,"TSOpt default (targeted)",0.170999999999992,0.62072382194149,0.637961778227589,0.76605125029474
"RicePS",11,5,240,"TSOpt (untargeted)",0.242000000000004,0.617129890397915,0.632981151202966,0.758905120979083
"RicePS",12,1,30,"TrainSel CDmean (targeted, published)",NA,0.534493469330627,0.329564412989009,0.633241811352541
"RicePS",12,1,30,"TrainSel CDmean (untargeted, published)",NA,0.497536711148023,0.342722099531049,0.71206462063893
"RicePS",12,1,30,"Random (published)",NA,0.476492446101984,0.447833171011942,0.751270362149804
"RicePS",12,1,30,"TSOpt default (targeted)",0.0190000000000055,0.534370477246336,0.513060273449261,0.728426544400702
"RicePS",12,1,30,"TSOpt (untargeted)",0.0289999999999964,0.513187629154506,0.312561258832649,0.682867881223272
"RicePS",12,2,60,"TrainSel CDmean (targeted, published)",NA,0.586834568760076,0.548729819508669,0.736010111219671
"RicePS",12,2,60,"TrainSel CDmean (untargeted, published)",NA,0.538982724320615,0.513938509274002,0.740482560435438
"RicePS",12,2,60,"Random (published)",NA,0.530090474405454,0.501007446120938,0.65264042077404
"RicePS",12,2,60,"TSOpt default (targeted)",0.0250000000000057,0.586622945987257,0.537827498530552,0.736286197529983
"RicePS",12,2,60,"TSOpt (untargeted)",0.0430000000000064,0.566454691413222,0.46975908869103,0.711164586345875
"RicePS",12,3,120,"TrainSel CDmean (targeted, published)",NA,0.622337965822193,0.623933484136823,0.788424094007544
"RicePS",12,3,120,"TrainSel CDmean (untargeted, published)",NA,0.582617808828145,0.559305684234081,0.793345716436828
"RicePS",12,3,120,"Random (published)",NA,0.586132315703106,0.585184642962104,0.783267284529198
"RicePS",12,3,120,"TSOpt default (targeted)",0.0619999999999834,0.621953768918449,0.622884646030429,0.773205390435922
"RicePS",12,3,120,"TSOpt (untargeted)",0.078000000000003,0.604743165125912,0.592351375569326,0.784913646314568
"RicePS",12,4,180,"TrainSel CDmean (targeted, published)",NA,0.637083639166266,0.627158627652998,0.779437848408373
"RicePS",12,4,180,"TrainSel CDmean (untargeted, published)",NA,0.611477453550368,0.551672494831863,0.701679747274519
"RicePS",12,4,180,"Random (published)",NA,0.611656723586128,0.615563388568899,0.804242796856729
"RicePS",12,4,180,"TSOpt default (targeted)",0.0860000000000127,0.637044796070212,0.629628432015935,0.781986742638893
"RicePS",12,4,180,"TSOpt (untargeted)",0.161000000000001,0.625347494734464,0.603971232012267,0.803801408255475
"RicePS",12,5,240,"TrainSel CDmean (targeted, published)",NA,0.64516114317714,0.640499634893359,0.809615139701705
"RicePS",12,5,240,"TrainSel CDmean (untargeted, published)",NA,0.633330011351146,0.625636213648287,0.770450568100907
"RicePS",12,5,240,"Random (published)",NA,0.635969606505522,0.624343111155187,0.752026671760001
"RicePS",12,5,240,"TSOpt default (targeted)",0.169999999999987,0.64530317723492,0.642680289813244,0.788193011305379
"RicePS",12,5,240,"TSOpt (untargeted)",0.248000000000019,0.638559859894211,0.629823122051391,0.800589374247001
"RicePS",13,1,30,"TrainSel CDmean (targeted, published)",NA,0.519576131510111,0.452595025001815,0.75332917897155
"RicePS",13,1,30,"TrainSel CDmean (untargeted, published)",NA,0.495618346795346,0.31531090965822,0.720029241837288
"RicePS",13,1,30,"Random (published)",NA,0.44700383995456,0.320557134498248,0.582786440333945
"RicePS",13,1,30,"TSOpt default (targeted)",0.0169999999999959,0.520491993029359,0.448955183185889,0.749143809863695
"RicePS",13,1,30,"TSOpt (untargeted)",0.0279999999999916,0.504617654602234,0.301164456007896,0.637787963684693
"RicePS",13,2,60,"TrainSel CDmean (targeted, published)",NA,0.575438838407306,0.520797471134749,0.742159906407769
"RicePS",13,2,60,"TrainSel CDmean (untargeted, published)",NA,0.532325466807694,0.444222487673348,0.724604095183001
"RicePS",13,2,60,"Random (published)",NA,0.522037199588026,0.395648972230412,0.701403529359706
"RicePS",13,2,60,"TSOpt default (targeted)",0.0250000000000057,0.575818207154285,0.529321875622796,0.775063252824527
"RicePS",13,2,60,"TSOpt (untargeted)",0.0420000000000016,0.561063202067669,0.456746974496104,0.745820836459551
"RicePS",13,3,120,"TrainSel CDmean (targeted, published)",NA,0.613289666583812,0.60069330642104,0.778300113766562
"RicePS",13,3,120,"TrainSel CDmean (untargeted, published)",NA,0.579578175331662,0.478879769338705,0.694764878199367
"RicePS",13,3,120,"Random (published)",NA,0.580645336995458,0.520960280706373,0.723001979432985
"RicePS",13,3,120,"TSOpt default (targeted)",0.11699999999999,0.613383076929207,0.63518442025663,0.797391314070457
"RicePS",13,3,120,"TSOpt (untargeted)",0.0829999999999984,0.596652718641406,0.565582055037262,0.766846026128582
"RicePS",13,4,180,"TrainSel CDmean (targeted, published)",NA,0.629156371137956,0.594796647577211,0.758517874744994
"RicePS",13,4,180,"TrainSel CDmean (untargeted, published)",NA,0.604989374169118,0.508766752668995,0.716065757165479
"RicePS",13,4,180,"Random (published)",NA,0.605016067927608,0.555988476955017,0.770757529527034
"RicePS",13,4,180,"TSOpt default (targeted)",0.0910000000000082,0.628993150462943,0.60678459285196,0.781011380334434
"RicePS",13,4,180,"TSOpt (untargeted)",0.193000000000012,0.620341197725583,0.588774792488982,0.774079271045293
"RicePS",13,5,240,"TrainSel CDmean (targeted, published)",NA,0.637499665886757,0.602435277328501,0.797223816939504
"RicePS",13,5,240,"TrainSel CDmean (untargeted, published)",NA,0.625429070990481,0.578328562020667,0.813272968193185
"RicePS",13,5,240,"Random (published)",NA,0.626004528336748,0.558672010389097,0.757676114143501
"RicePS",13,5,240,"TSOpt default (targeted)",0.207000000000022,0.637346124983424,0.604649579395502,0.796601067134182
"RicePS",13,5,240,"TSOpt (untargeted)",0.286999999999978,0.632745991324863,0.606257510195179,0.808065312022808
"RicePS",14,1,30,"TrainSel CDmean (targeted, published)",NA,0.471059953587189,0.480735888293374,0.74299074573547
"RicePS",14,1,30,"TrainSel CDmean (untargeted, published)",NA,0.439684279262055,0.414964603811632,0.680048469112837
"RicePS",14,1,30,"Random (published)",NA,0.412884539175796,0.369546246881599,0.700778925266008
"RicePS",14,1,30,"TSOpt default (targeted)",0.0180000000000007,0.468858477157467,0.462292485334708,0.767715349807755
"RicePS",14,1,30,"TSOpt (untargeted)",0.0289999999999964,0.449515137212435,0.328354347298549,0.799545533504188
"RicePS",14,2,60,"TrainSel CDmean (targeted, published)",NA,0.521014931478532,0.561054843178126,0.785559572292839
"RicePS",14,2,60,"TrainSel CDmean (untargeted, published)",NA,0.479722509299335,0.495591090428916,0.758878079006858
"RicePS",14,2,60,"Random (published)",NA,0.478526882145834,0.48984394506066,0.77323282397491
"RicePS",14,2,60,"TSOpt default (targeted)",0.0279999999999916,0.520767812886152,0.571575742788791,0.773359289631492
"RicePS",14,2,60,"TSOpt (untargeted)",0.0640000000000214,0.505959180652493,0.50425130892632,0.797066590609313
"RicePS",14,3,120,"TrainSel CDmean (targeted, published)",NA,0.55692681844898,0.618064173293699,0.810099396697627
"RicePS",14,3,120,"TrainSel CDmean (untargeted, published)",NA,0.525427492315925,0.556138291168888,0.809278047719788
"RicePS",14,3,120,"Random (published)",NA,0.524047957070068,0.627469665580427,0.823243678685693
"RicePS",14,3,120,"TSOpt default (targeted)",0.0440000000000111,0.5571180933628,0.632372861639621,0.835605643510367
"RicePS",14,3,120,"TSOpt (untargeted)",0.078000000000003,0.543052782061906,0.582967600169979,0.812310716840491
"RicePS",14,4,180,"TrainSel CDmean (targeted, published)",NA,0.572716748170501,0.621422940567254,0.797334529062863
"RicePS",14,4,180,"TrainSel CDmean (untargeted, published)",NA,0.552452229664481,0.568411586774193,0.835282484514966
"RicePS",14,4,180,"Random (published)",NA,0.544086243435327,0.598412707718406,0.814737925034225
"RicePS",14,4,180,"TSOpt default (targeted)",0.103000000000009,0.57280751714676,0.626922759516254,0.814458139085859
"RicePS",14,4,180,"TSOpt (untargeted)",0.155000000000001,0.56348733977133,0.596870676343456,0.81242687055057
"RicePS",14,5,240,"TrainSel CDmean (targeted, published)",NA,0.581428618917114,0.636645596280214,0.798095680870319
"RicePS",14,5,240,"TrainSel CDmean (untargeted, published)",NA,0.570994759585838,0.599510585622782,0.784480782141991
"RicePS",14,5,240,"Random (published)",NA,0.569577653241982,0.618288363517058,0.806458968060786
"RicePS",14,5,240,"TSOpt default (targeted)",0.201000000000022,0.581344829327947,0.632873465223567,0.806414097020083
"RicePS",14,5,240,"TSOpt (untargeted)",0.268000000000001,0.577748707719624,0.618985080383898,0.806918773577741
"RicePS",15,1,30,"TrainSel CDmean (targeted, published)",NA,0.529673040658951,0.557555300160579,0.786634392952509
"RicePS",15,1,30,"TrainSel CDmean (untargeted, published)",NA,0.50417320060653,0.489456404835986,0.799178070507449
"RicePS",15,1,30,"Random (published)",NA,0.474912736911631,0.563281246453936,0.759656895550172
"RicePS",15,1,30,"TSOpt default (targeted)",0.021000000000015,0.527573064687631,0.633510700102367,0.868167379576259
"RicePS",15,1,30,"TSOpt (untargeted)",0.0379999999999825,0.516878723342118,0.460204498162151,0.818831450777742
"RicePS",15,2,60,"TrainSel CDmean (targeted, published)",NA,0.580236598349378,0.63881327160882,0.847615039984993
"RicePS",15,2,60,"TrainSel CDmean (untargeted, published)",NA,0.530087289992425,0.499750461966348,0.740491575936273
"RicePS",15,2,60,"Random (published)",NA,0.528609857067176,0.575367257943048,0.719441991988792
"RicePS",15,2,60,"TSOpt default (targeted)",0.0409999999999968,0.578332107267092,0.674208798489691,0.847238229445689
"RicePS",15,2,60,"TSOpt (untargeted)",0.0449999999999875,0.566823225578898,0.621896386955842,0.858414465650003
"RicePS",15,3,120,"TrainSel CDmean (targeted, published)",NA,0.61551524436237,0.66332714744175,0.838206937814305
"RicePS",15,3,120,"TrainSel CDmean (untargeted, published)",NA,0.582947419953561,0.622619228377618,0.788022421949157
"RicePS",15,3,120,"Random (published)",NA,0.578632024219698,0.640380775917532,0.784537228087517
"RicePS",15,3,120,"TSOpt default (targeted)",0.068000000000012,0.614129997728728,0.665863593437698,0.845854034201185
"RicePS",15,3,120,"TSOpt (untargeted)",0.0879999999999939,0.602295620690531,0.675323263112701,0.825752784020676
"RicePS",15,4,180,"TrainSel CDmean (targeted, published)",NA,0.630940197972258,0.666572970330327,0.839252610722365
"RicePS",15,4,180,"TrainSel CDmean (untargeted, published)",NA,0.610023045550996,0.621976773755388,0.803238256318473
"RicePS",15,4,180,"Random (published)",NA,0.612165889140567,0.653912235579276,0.844101139474128
"RicePS",15,4,180,"TSOpt default (targeted)",0.100999999999999,0.629623254718615,0.663931002359815,0.82459731977805
"RicePS",15,4,180,"TSOpt (untargeted)",0.175000000000011,0.621752392897264,0.652794255945336,0.790020669573857
"RicePS",15,5,240,"TrainSel CDmean (targeted, published)",NA,0.639870142056868,0.674937190907902,0.826144925825622
"RicePS",15,5,240,"TrainSel CDmean (untargeted, published)",NA,0.629876671707666,0.658732651361705,0.809518815984526
"RicePS",15,5,240,"Random (published)",NA,0.630042576599942,0.663367203276862,0.819440649702051
"RicePS",15,5,240,"TSOpt default (targeted)",0.197000000000003,0.639566215810621,0.674249834901292,0.82003769233406
"RicePS",15,5,240,"TSOpt (untargeted)",0.246000000000009,0.635580216553302,0.672618992798208,0.844299500982819
"RicePS",16,1,30,"TrainSel CDmean (targeted, published)",NA,0.509347951801675,0.50590790036844,0.816307732005115
"RicePS",16,1,30,"TrainSel CDmean (untargeted, published)",NA,0.477665031510445,0.487272462906776,0.806859924375531
"RicePS",16,1,30,"Random (published)",NA,0.460934667096547,0.459986312953421,0.794133228913346
"RicePS",16,1,30,"TSOpt default (targeted)",0.0199999999999818,0.509450898208341,0.582028325482751,0.812224673373398
"RicePS",16,1,30,"TSOpt (untargeted)",0.0250000000000057,0.491590592854133,0.46305714495292,0.776475549708192
"RicePS",16,2,60,"TrainSel CDmean (targeted, published)",NA,0.558697197262439,0.604115282546256,0.823484846848071
"RicePS",16,2,60,"TrainSel CDmean (untargeted, published)",NA,0.518486230880134,0.559128004906123,0.773897538760698
"RicePS",16,2,60,"Random (published)",NA,0.511159332036381,0.498212130380024,0.694380161649206
"RicePS",16,2,60,"TSOpt default (targeted)",0.0229999999999961,0.558453380315949,0.599853032666286,0.814929331493737
"RicePS",16,2,60,"TSOpt (untargeted)",0.039999999999992,0.542195229710031,0.580292371979085,0.804717781971909
"RicePS",16,3,120,"TrainSel CDmean (targeted, published)",NA,0.594367736147453,0.620910548579983,0.834915124981002
"RicePS",16,3,120,"TrainSel CDmean (untargeted, published)",NA,0.560721211375339,0.586716408528864,0.752759101136092
"RicePS",16,3,120,"Random (published)",NA,0.557867960122957,0.589020954203062,0.701074000988357
"RicePS",16,3,120,"TSOpt default (targeted)",0.0560000000000116,0.593845738103233,0.634230050436872,0.83536127020176
"RicePS",16,3,120,"TSOpt (untargeted)",0.0919999999999845,0.579636173971024,0.598904449182009,0.818822107993509
"RicePS",16,4,180,"TrainSel CDmean (targeted, published)",NA,0.609459275626901,0.624871186083541,0.811487219139419
"RicePS",16,4,180,"TrainSel CDmean (untargeted, published)",NA,0.588728320352271,0.619969204189061,0.77532711893317
"RicePS",16,4,180,"Random (published)",NA,0.592918107898013,0.605499495190653,0.821099493911343
"RicePS",16,4,180,"TSOpt default (targeted)",0.085000000000008,0.609062776018998,0.630262423835279,0.84015412461365
"RicePS",16,4,180,"TSOpt (untargeted)",0.145999999999987,0.600184861381061,0.621269351708167,0.812061298757666
"RicePS",16,5,240,"TrainSel CDmean (targeted, published)",NA,0.618010957783882,0.63359537967468,0.837283216361003
"RicePS",16,5,240,"TrainSel CDmean (untargeted, published)",NA,0.610238682262117,0.631166493475007,0.798649149825796
"RicePS",16,5,240,"Random (published)",NA,0.610300699558827,0.635472515119336,0.833385869981817
"RicePS",16,5,240,"TSOpt default (targeted)",0.168999999999983,0.618001836370894,0.633854268776341,0.835018058016098
"RicePS",16,5,240,"TSOpt (untargeted)",0.231999999999999,0.613565729580209,0.63463758881098,0.817666746191759
"RicePS",17,1,30,"TrainSel CDmean (targeted, published)",NA,0.503297219539451,0.499703117524385,0.758141398981942
"RicePS",17,1,30,"TrainSel CDmean (untargeted, published)",NA,0.472837847933631,0.471873679299214,0.764966809314286
"RicePS",17,1,30,"Random (published)",NA,0.438917668684156,0.492191484145806,0.72941709909076
"RicePS",17,1,30,"TSOpt default (targeted)",0.0180000000000007,0.500284309944621,0.581072220079077,0.771395199436459
"RicePS",17,1,30,"TSOpt (untargeted)",0.0279999999999916,0.483539683876692,0.492034753107031,0.759695987686006
"RicePS",17,2,60,"TrainSel CDmean (targeted, published)",NA,0.55438974250598,0.660278219843251,0.811459403249455
"RicePS",17,2,60,"TrainSel CDmean (untargeted, published)",NA,0.512274962294391,0.587116759658188,0.832069992714577
"RicePS",17,2,60,"Random (published)",NA,0.50845255615864,0.5506827285393,0.769402525446771
"RicePS",17,2,60,"TSOpt default (targeted)",0.0250000000000057,0.554283000036483,0.663638410086253,0.828228590882398
"RicePS",17,2,60,"TSOpt (untargeted)",0.0440000000000111,0.537758108517198,0.637695583802773,0.804997654972882
"RicePS",17,3,120,"TrainSel CDmean (targeted, published)",NA,0.590403641897185,0.68745379996634,0.817535420509278
"RicePS",17,3,120,"TrainSel CDmean (untargeted, published)",NA,0.555706914994353,0.603963799469543,0.825958853395508
"RicePS",17,3,120,"Random (published)",NA,0.549827956052219,0.660309206230638,0.796036848609235
"RicePS",17,3,120,"TSOpt default (targeted)",0.0550000000000068,0.590231395062383,0.685954024460458,0.827122855017425
"RicePS",17,3,120,"TSOpt (untargeted)",0.0759999999999934,0.57390418133567,0.682857326169207,0.811900699127528
"RicePS",17,4,180,"TrainSel CDmean (targeted, published)",NA,0.605239280456222,0.697475451436622,0.835043071828448
"RicePS",17,4,180,"TrainSel CDmean (untargeted, published)",NA,0.5825079530869,0.652074779896884,0.820976041179151
"RicePS",17,4,180,"Random (published)",NA,0.580567513318804,0.685780205129221,0.817522816871305
"RicePS",17,4,180,"TSOpt default (targeted)",0.111999999999995,0.605144455624378,0.700061887986169,0.835198612108157
"RicePS",17,4,180,"TSOpt (untargeted)",0.13300000000001,0.598058664503364,0.68391332161604,0.82559200726089
"RicePS",17,5,240,"TrainSel CDmean (targeted, published)",NA,0.613404978506812,0.697953969680133,0.856594366846734
"RicePS",17,5,240,"TrainSel CDmean (untargeted, published)",NA,0.600740944617511,0.6795703710185,0.846549819638211
"RicePS",17,5,240,"Random (published)",NA,0.605859524141679,0.700361302210733,0.825706640308828
"RicePS",17,5,240,"TSOpt default (targeted)",0.342000000000013,0.613411811704947,0.697355502254435,0.85059606242992
"RicePS",17,5,240,"TSOpt (untargeted)",0.289999999999992,0.609039388644947,0.696682705994284,0.832991955163999
"RicePS",18,1,30,"TrainSel CDmean (targeted, published)",NA,0.50452090795414,0.437540419538031,0.780923018457165
"RicePS",18,1,30,"TrainSel CDmean (untargeted, published)",NA,0.469773133946855,0.401885419626094,0.791092194632348
"RicePS",18,1,30,"Random (published)",NA,0.435779046945158,0.414880318555542,0.802716853613577
"RicePS",18,1,30,"TSOpt default (targeted)",0.0190000000000055,0.502755211652061,0.430678445931694,0.77152075693257
"RicePS",18,1,30,"TSOpt (untargeted)",0.039999999999992,0.486408046690217,0.369916340867595,0.752394614808487
"RicePS",18,2,60,"TrainSel CDmean (targeted, published)",NA,0.562372860332579,0.62389244763273,0.822345565871761
"RicePS",18,2,60,"TrainSel CDmean (untargeted, published)",NA,0.504903974665633,0.459940969816495,0.699365511206024
"RicePS",18,2,60,"Random (published)",NA,0.48737126198391,0.43541738949359,0.712570043175101
"RicePS",18,2,60,"TSOpt default (targeted)",0.032999999999987,0.562945086866446,0.622204590553592,0.800528011927802
"RicePS",18,2,60,"TSOpt (untargeted)",0.0500000000000114,0.543776536262781,0.564847534541391,0.856265769258219
"RicePS",18,3,120,"TrainSel CDmean (targeted, published)",NA,0.604382704841261,0.68409414217782,0.815799849411506
"RicePS",18,3,120,"TrainSel CDmean (untargeted, published)",NA,0.562582250655834,0.583747297414217,0.791226910664225
"RicePS",18,3,120,"Random (published)",NA,0.551544368933782,0.65977440653318,0.819135443321632
"RicePS",18,3,120,"TSOpt default (targeted)",0.0669999999999789,0.604533220373126,0.693591647315396,0.869593993276031
"RicePS",18,3,120,"TSOpt (untargeted)",0.085000000000008,0.584787109718631,0.682815118038345,0.878935305852741
"RicePS",18,4,180,"TrainSel CDmean (targeted, published)",NA,0.620500552801315,0.701372302409299,0.856291724804563
"RicePS",18,4,180,"TrainSel CDmean (untargeted, published)",NA,0.595612973465394,0.622514864667551,0.831159930438947
"RicePS",18,4,180,"Random (published)",NA,0.595306459389376,0.648064207194655,0.839025329166552
"RicePS",18,4,180,"TSOpt default (targeted)",0.100999999999999,0.620531746781953,0.707334463846679,0.858811089224611
"RicePS",18,4,180,"TSOpt (untargeted)",0.185000000000002,0.607989843960395,0.690277866734708,0.869220272687495
"RicePS",18,5,240,"TrainSel CDmean (targeted, published)",NA,0.629079907208308,0.709534543317775,0.852021268487204
"RicePS",18,5,240,"TrainSel CDmean (untargeted, published)",NA,0.617590568249334,0.682695943104184,0.845515143451299
"RicePS",18,5,240,"Random (published)",NA,0.614906073487152,0.698267184641234,0.87916797887458
"RicePS",18,5,240,"TSOpt default (targeted)",0.222000000000008,0.629055526728757,0.70222692434456,0.860964161253381
"RicePS",18,5,240,"TSOpt (untargeted)",0.358000000000004,0.622611129749206,0.70408022369062,0.874721763456186
"RicePS",19,1,30,"TrainSel CDmean (targeted, published)",NA,0.544956019098771,0.628857749675041,0.809352761257162
"RicePS",19,1,30,"TrainSel CDmean (untargeted, published)",NA,0.504083586310811,0.446395406816391,0.674816965111443
"RicePS",19,1,30,"Random (published)",NA,0.434611987048193,0.458427376244731,0.68061591074246
"RicePS",19,1,30,"TSOpt default (targeted)",0.0190000000000055,0.544780285358319,0.690774736852507,0.849611644971706
"RicePS",19,1,30,"TSOpt (untargeted)",0.0289999999999964,0.520361067045021,0.462534413498584,0.735958047635036
"RicePS",19,2,60,"TrainSel CDmean (targeted, published)",NA,0.597640532987879,0.724529088033567,0.888114712214027
"RicePS",19,2,60,"TrainSel CDmean (untargeted, published)",NA,0.536133525700267,0.485191201423056,0.77552412951221
"RicePS",19,2,60,"Random (published)",NA,0.530981542357812,0.558391441431183,0.79040750087475
"RicePS",19,2,60,"TSOpt default (targeted)",0.0440000000000111,0.597714557917681,0.713236553220132,0.878440306312432
"RicePS",19,2,60,"TSOpt (untargeted)",0.0440000000000111,0.575604972046943,0.625160238237868,0.797436495326132
"RicePS",19,3,120,"TrainSel CDmean (targeted, published)",NA,0.632074844336252,0.736375844525586,0.858821286414962
"RicePS",19,3,120,"TrainSel CDmean (untargeted, published)",NA,0.581214520670495,0.600486063626707,0.798116532989207
"RicePS",19,3,120,"Random (published)",NA,0.596423634805168,0.666500678891437,0.867108305732955
"RicePS",19,3,120,"TSOpt default (targeted)",0.0480000000000018,0.632093678304227,0.748356325130236,0.863850527710871
"RicePS",19,3,120,"TSOpt (untargeted)",0.0860000000000127,0.616650516465253,0.681510375714968,0.870249520156235
"RicePS",19,4,180,"TrainSel CDmean (targeted, published)",NA,0.64598076514124,0.744639578500814,0.872131805818367
"RicePS",19,4,180,"TrainSel CDmean (untargeted, published)",NA,0.617096637063334,0.640186451931366,0.854941151208
"RicePS",19,4,180,"Random (published)",NA,0.625772388308885,0.688401481243865,0.825635003540343
"RicePS",19,4,180,"TSOpt default (targeted)",0.103999999999985,0.645705165714423,0.747816584636052,0.872950595784153
"RicePS",19,4,180,"TSOpt (untargeted)",0.159999999999997,0.635998254173048,0.686296329997089,0.854817562771926
"RicePS",19,5,240,"TrainSel CDmean (targeted, published)",NA,0.65361259006264,0.739270066889151,0.878607804876851
"RicePS",19,5,240,"TrainSel CDmean (untargeted, published)",NA,0.638412429666321,0.690123141971034,0.869421663189034
"RicePS",19,5,240,"Random (published)",NA,0.645172311777237,0.713910479968073,0.853282503488309
"RicePS",19,5,240,"TSOpt default (targeted)",0.175000000000011,0.653106834105238,0.737329023075362,0.876986205099448
"RicePS",19,5,240,"TSOpt (untargeted)",0.246000000000009,0.648000404330201,0.706424670031779,0.866411413651393
"RicePS",20,1,30,"TrainSel CDmean (targeted, published)",NA,0.571262740939353,0.630989664868167,0.853164395445027
"RicePS",20,1,30,"TrainSel CDmean (untargeted, published)",NA,0.530036459031294,0.436062875013953,0.768598294866986
"RicePS",20,1,30,"Random (published)",NA,0.470621389245205,0.493881339746601,0.801553591359334
"RicePS",20,1,30,"TSOpt default (targeted)",0.0169999999999959,0.571431605739435,0.637903383504472,0.85392903215464
"RicePS",20,1,30,"TSOpt (untargeted)",0.0260000000000105,0.540463500207876,0.436094729255985,0.714514925720228
"RicePS",20,2,60,"TrainSel CDmean (targeted, published)",NA,0.616593129632655,0.669706426986107,0.825148690885612
"RicePS",20,2,60,"TrainSel CDmean (untargeted, published)",NA,0.559271725032031,0.450336725928827,0.763750033084925
"RicePS",20,2,60,"Random (published)",NA,0.549162021289436,0.600624404916,0.843263910933576
"RicePS",20,2,60,"TSOpt default (targeted)",0.0219999999999914,0.616721298678616,0.684479578731365,0.829812245575719
"RicePS",20,2,60,"TSOpt (untargeted)",0.061000000000007,0.589538117437669,0.59260986732958,0.796620592465066
"RicePS",20,3,120,"TrainSel CDmean (targeted, published)",NA,0.646072188267445,0.688907271864623,0.838583355175635
"RicePS",20,3,120,"TrainSel CDmean (untargeted, published)",NA,0.595473616133255,0.601583247154772,0.7949974080583
"RicePS",20,3,120,"Random (published)",NA,0.618917688463237,0.587307069489902,0.804191587156265
"RicePS",20,3,120,"TSOpt default (targeted)",0.0440000000000111,0.646420768581623,0.675262272983221,0.8335456379979
"RicePS",20,3,120,"TSOpt (untargeted)",0.0759999999999934,0.627319965616261,0.668587132492356,0.823417521560212
"RicePS",20,4,180,"TrainSel CDmean (targeted, published)",NA,0.659288119298174,0.682307161052138,0.855455699530761
"RicePS",20,4,180,"TrainSel CDmean (untargeted, published)",NA,0.63288453019607,0.658603894942077,0.782876812740025
"RicePS",20,4,180,"Random (published)",NA,0.641413794953426,0.664018138220124,0.827682549594215
"RicePS",20,4,180,"TSOpt default (targeted)",0.102000000000004,0.658919888010475,0.689775676995009,0.848764358437352
"RicePS",20,4,180,"TSOpt (untargeted)",0.15100000000001,0.644888348841135,0.690642217655755,0.858917371692865
"RicePS",20,5,240,"TrainSel CDmean (targeted, published)",NA,0.66580584022948,0.693010332710468,0.858530497119672
"RicePS",20,5,240,"TrainSel CDmean (untargeted, published)",NA,0.651129561479522,0.668456771562547,0.826279277053208
"RicePS",20,5,240,"Random (published)",NA,0.653182705550467,0.696110982302077,0.831043636950415
"RicePS",20,5,240,"TSOpt default (targeted)",0.207999999999998,0.665759225494422,0.692491867494197,0.85040313390407
"RicePS",20,5,240,"TSOpt (untargeted)",0.264999999999986,0.658853645063504,0.709981738328338,0.864382375241499
"RicePS",21,1,30,"TrainSel CDmean (targeted, published)",NA,0.534823410781644,0.373621874537446,0.73301330188639
"RicePS",21,1,30,"TrainSel CDmean (untargeted, published)",NA,0.499741557571086,0.491333085930754,0.678249370728476
"RicePS",21,1,30,"Random (published)",NA,0.459409431515452,0.423183858981587,0.649483613251346
"RicePS",21,1,30,"TSOpt default (targeted)",0.0169999999999959,0.534970295911095,0.384195383866138,0.752116696037425
"RicePS",21,1,30,"TSOpt (untargeted)",0.0240000000000009,0.508965263004642,0.410196844966025,0.72265143574761
"RicePS",21,2,60,"TrainSel CDmean (targeted, published)",NA,0.589190473496624,0.509418700335458,0.75686400309756
"RicePS",21,2,60,"TrainSel CDmean (untargeted, published)",NA,0.535037450483985,0.560871359058471,0.719688051516032
"RicePS",21,2,60,"Random (published)",NA,0.509157711193144,0.479943991445758,0.645712407394463
"RicePS",21,2,60,"TSOpt default (targeted)",0.0219999999999914,0.589638716217697,0.513717222848027,0.722946256186514
"RicePS",21,2,60,"TSOpt (untargeted)",0.0380000000000109,0.573410149734985,0.484043694601189,0.744181689532238
"RicePS",21,3,120,"TrainSel CDmean (targeted, published)",NA,0.62522223458701,0.552634098072797,0.768487448509279
"RicePS",21,3,120,"TrainSel CDmean (untargeted, published)",NA,0.578269816346005,0.569124378398419,0.746712840966397
"RicePS",21,3,120,"Random (published)",NA,0.586896855036429,0.567907402605637,0.705337060541386
"RicePS",21,3,120,"TSOpt default (targeted)",0.0550000000000068,0.625261399486448,0.569587429742915,0.787742695012102
"RicePS",21,3,120,"TSOpt (untargeted)",0.0769999999999982,0.611174450705119,0.550321947789427,0.733064613551868
"RicePS",21,4,180,"TrainSel CDmean (targeted, published)",NA,0.639233333340935,0.584370066784116,0.764973256535544
"RicePS",21,4,180,"TrainSel CDmean (untargeted, published)",NA,0.615526667322708,0.581359143170225,0.741574656717245
"RicePS",21,4,180,"Random (published)",NA,0.618340693140454,0.578242678218507,0.731098349721148
"RicePS",21,4,180,"TSOpt default (targeted)",0.100000000000023,0.639236969945646,0.579204517479876,0.781889335917652
"RicePS",21,4,180,"TSOpt (untargeted)",0.129999999999995,0.63052929896521,0.587496979981992,0.787849442050537
"RicePS",21,5,240,"TrainSel CDmean (targeted, published)",NA,0.64666684629496,0.596872607061006,0.784516571490903
"RicePS",21,5,240,"TrainSel CDmean (untargeted, published)",NA,0.636220128400731,0.604198156672916,0.761744601527903
"RicePS",21,5,240,"Random (published)",NA,0.6369675481975,0.613835476736813,0.760214244435441
"RicePS",21,5,240,"TSOpt default (targeted)",0.161999999999978,0.646411773400021,0.594055108781137,0.779788550879664
"RicePS",21,5,240,"TSOpt (untargeted)",0.27200000000002,0.642740170500855,0.592245131711757,0.768065172898306
"RicePS",22,1,30,"TrainSel CDmean (targeted, published)",NA,0.502432671164081,0.453957526880024,0.757953953496026
"RicePS",22,1,30,"TrainSel CDmean (untargeted, published)",NA,0.478209585123275,0.470728713051006,0.671360768972482
"RicePS",22,1,30,"Random (published)",NA,0.438760307851126,0.374230249872316,0.604910042246732
"RicePS",22,1,30,"TSOpt default (targeted)",0.0180000000000007,0.500657833072231,0.493119869193997,0.737401887595398
"RicePS",22,1,30,"TSOpt (untargeted)",0.0269999999999868,0.481562642961138,0.368274788770919,0.719899553006252
"RicePS",22,2,60,"TrainSel CDmean (targeted, published)",NA,0.553544572807815,0.54813497633235,0.717200196106494
"RicePS",22,2,60,"TrainSel CDmean (untargeted, published)",NA,0.512119870635346,0.584983316258706,0.773323910172197
"RicePS",22,2,60,"Random (published)",NA,0.494215800180799,0.541550263546919,0.723801227587332
"RicePS",22,2,60,"TSOpt default (targeted)",0.0240000000000009,0.553352255706247,0.581791430737289,0.736948992513438
"RicePS",22,2,60,"TSOpt (untargeted)",0.0430000000000064,0.540507678016048,0.53056388324718,0.76935683976328
"RicePS",22,3,120,"TrainSel CDmean (targeted, published)",NA,0.588938084731256,0.64575886145936,0.754038140886656
"RicePS",22,3,120,"TrainSel CDmean (untargeted, published)",NA,0.555170031733372,0.623314434204717,0.702784739856832
"RicePS",22,3,120,"Random (published)",NA,0.555219719472162,0.59263355214882,0.714675839693988
"RicePS",22,3,120,"TSOpt default (targeted)",0.0689999999999884,0.589198611880968,0.63473196314307,0.770910544377331
"RicePS",22,3,120,"TSOpt (untargeted)",0.0769999999999982,0.576717180969264,0.630718258887016,0.755248229828254
"RicePS",22,4,180,"TrainSel CDmean (targeted, published)",NA,0.605220659338355,0.645349450694252,0.779403642257096
"RicePS",22,4,180,"TrainSel CDmean (untargeted, published)",NA,0.586083636482779,0.614490746654336,0.719500402246437
"RicePS",22,4,180,"Random (published)",NA,0.581071324151735,0.63604694473717,0.772314792705445
"RicePS",22,4,180,"TSOpt default (targeted)",0.0849999999999795,0.605072267997771,0.649319605402534,0.781112609896953
"RicePS",22,4,180,"TSOpt (untargeted)",0.163000000000011,0.598008806191583,0.636276105135505,0.7365930526878
"RicePS",22,5,240,"TrainSel CDmean (targeted, published)",NA,0.614571334732014,0.643761993271486,0.729573590563636
"RicePS",22,5,240,"TrainSel CDmean (untargeted, published)",NA,0.607771475413261,0.643810189767038,0.790395772305485
"RicePS",22,5,240,"Random (published)",NA,0.601423455374442,0.639972723335551,0.781274971774743
"RicePS",22,5,240,"TSOpt default (targeted)",0.180000000000007,0.614164769186944,0.648063988314174,0.772915327725857
"RicePS",22,5,240,"TSOpt (untargeted)",0.251000000000005,0.611456148439138,0.645350113120599,0.759722676940764
"RicePS",23,1,30,"TrainSel CDmean (targeted, published)",NA,0.485830206161268,0.487518710186082,0.810922335758184
"RicePS",23,1,30,"TrainSel CDmean (untargeted, published)",NA,0.460617993296861,0.489125387605574,0.727254702565435
"RicePS",23,1,30,"Random (published)",NA,0.418250120178067,0.341723004227897,0.660599524905256
"RicePS",23,1,30,"TSOpt default (targeted)",0.0169999999999959,0.484395426575681,0.495449040225653,0.773403156819012
"RicePS",23,1,30,"TSOpt (untargeted)",0.0250000000000057,0.46744461024962,0.435862971905299,0.762206562612665
"RicePS",23,2,60,"TrainSel CDmean (targeted, published)",NA,0.536353175952006,0.620486492319775,0.773127138014875
"RicePS",23,2,60,"TrainSel CDmean (untargeted, published)",NA,0.492362073248338,0.51195996434409,0.749633916761688
"RicePS",23,2,60,"Random (published)",NA,0.480669154958379,0.530045718113415,0.6983552787098
"RicePS",23,2,60,"TSOpt default (targeted)",0.0380000000000109,0.536340096078193,0.616814161779,0.768664134084551
"RicePS",23,2,60,"TSOpt (untargeted)",0.0370000000000061,0.524892529758252,0.534196130014623,0.779292082455888
"RicePS",23,3,120,"TrainSel CDmean (targeted, published)",NA,0.573444705140592,0.646627467031921,0.785864179785834
"RicePS",23,3,120,"TrainSel CDmean (untargeted, published)",NA,0.54374212539694,0.590087232004764,0.744937850757946
"RicePS",23,3,120,"Random (published)",NA,0.535147271659138,0.584508502723459,0.752563871413192
"RicePS",23,3,120,"TSOpt default (targeted)",0.0420000000000016,0.573146881747597,0.637873740443048,0.786349399449902
"RicePS",23,3,120,"TSOpt (untargeted)",0.0769999999999982,0.558175776953901,0.60543368498938,0.766291366512344
"RicePS",23,4,180,"TrainSel CDmean (targeted, published)",NA,0.589328086929151,0.644920886744509,0.788153962437365
"RicePS",23,4,180,"TrainSel CDmean (untargeted, published)",NA,0.56902624862307,0.606070388835413,0.72557234194597
"RicePS",23,4,180,"Random (published)",NA,0.56543381412748,0.568283065030193,0.734340663403759
"RicePS",23,4,180,"TSOpt default (targeted)",0.0999999999999943,0.589169732453323,0.650432220801317,0.758954564266511
"RicePS",23,4,180,"TSOpt (untargeted)",0.138000000000005,0.579543714034534,0.628067839575867,0.773335615643619
"RicePS",23,5,240,"TrainSel CDmean (targeted, published)",NA,0.598022680636607,0.644545995383295,0.783545467757148
"RicePS",23,5,240,"TrainSel CDmean (untargeted, published)",NA,0.588546188779862,0.649902711782027,0.780842834059452
"RicePS",23,5,240,"Random (published)",NA,0.584835212091656,0.632490947672427,0.749092233897058
"RicePS",23,5,240,"TSOpt default (targeted)",0.16500000000002,0.598006513999201,0.65039372135715,0.798008152815155
"RicePS",23,5,240,"TSOpt (untargeted)",0.234999999999985,0.594044908187124,0.642290171933933,0.769740592150218
"RicePS",24,1,30,"TrainSel CDmean (targeted, published)",NA,0.474288876287922,0.525738075615276,0.755344408104714
"RicePS",24,1,30,"TrainSel CDmean (untargeted, published)",NA,0.439838514538243,0.413467839766199,0.730054462587764
"RicePS",24,1,30,"Random (published)",NA,0.421111381459998,0.404968201016863,0.669546740322792
"RicePS",24,1,30,"TSOpt default (targeted)",0.0170000000000243,0.472694932411217,0.434896453598239,0.708406061338835
"RicePS",24,1,30,"TSOpt (untargeted)",0.0249999999999773,0.456262369833624,0.393734903705707,0.668100104955115
"RicePS",24,2,60,"TrainSel CDmean (targeted, published)",NA,0.528480658848189,0.639940829546083,0.783508233003309
"RicePS",24,2,60,"TrainSel CDmean (untargeted, published)",NA,0.480520321732531,0.593472941054727,0.815648328474541
"RicePS",24,2,60,"Random (published)",NA,0.4658851852235,0.552346411017261,0.788496191835364
"RicePS",24,2,60,"TSOpt default (targeted)",0.0319999999999823,0.527471795670558,0.619736561480245,0.771237236949101
"RicePS",24,2,60,"TSOpt (untargeted)",0.0409999999999968,0.509970106172727,0.559353232941189,0.776304615664027
"RicePS",24,3,120,"TrainSel CDmean (targeted, published)",NA,0.567824352810372,0.697152452562652,0.834890233087405
"RicePS",24,3,120,"TrainSel CDmean (untargeted, published)",NA,0.521551203420125,0.580886240204652,0.836065384223051
"RicePS",24,3,120,"Random (published)",NA,0.530413584791058,0.620334862875335,0.833885062272305
"RicePS",24,3,120,"TSOpt default (targeted)",0.0600000000000023,0.567764231535241,0.692632639504239,0.827284674426236
"RicePS",24,3,120,"TSOpt (untargeted)",0.075000000000017,0.546593799865597,0.633884646198295,0.831107121592232
"RicePS",24,4,180,"TrainSel CDmean (targeted, published)",NA,0.584605210619376,0.696970810816938,0.832818837109378
"RicePS",24,4,180,"TrainSel CDmean (untargeted, published)",NA,0.552795020815768,0.603199748114851,0.858057739047005
"RicePS",24,4,180,"Random (published)",NA,0.560145547450657,0.671581844423739,0.81524636240072
"RicePS",24,4,180,"TSOpt default (targeted)",0.0829999999999984,0.584825687198081,0.711638715489946,0.839838532053892
"RicePS",24,4,180,"TSOpt (untargeted)",0.147999999999996,0.569277569261047,0.672489582102772,0.865165532288899
"RicePS",24,5,240,"TrainSel CDmean (targeted, published)",NA,0.593873695106986,0.69729423165748,0.862404032850703
"RicePS",24,5,240,"TrainSel CDmean (untargeted, published)",NA,0.575570733611402,0.669518132934289,0.825796589166882
"RicePS",24,5,240,"Random (published)",NA,0.578012548314018,0.685567084631355,0.834448358697709
"RicePS",24,5,240,"TSOpt default (targeted)",0.162999999999982,0.594060080811354,0.699558256304762,0.860332653320178
"RicePS",24,5,240,"TSOpt (untargeted)",0.236000000000018,0.58524729841244,0.684154974416963,0.866719555927462
"RicePS",25,1,30,"TrainSel CDmean (targeted, published)",NA,0.457387306882667,0.558540834356565,0.753945473731536
"RicePS",25,1,30,"TrainSel CDmean (untargeted, published)",NA,0.438142385962684,0.442881498419756,0.739660788344948
"RicePS",25,1,30,"Random (published)",NA,0.411575971763279,0.514371864141041,0.817607303751588
"RicePS",25,1,30,"TSOpt default (targeted)",0.0150000000000148,0.456182379411174,0.563359733429618,0.747642788258249
"RicePS",25,1,30,"TSOpt (untargeted)",0.0240000000000009,0.442249710851994,0.378602675970006,0.737123845694081
"RicePS",25,2,60,"TrainSel CDmean (targeted, published)",NA,0.508396399189593,0.595823028742364,0.768963259418634
"RicePS",25,2,60,"TrainSel CDmean (untargeted, published)",NA,0.471602227828727,0.597052690132114,0.824894793236127
"RicePS",25,2,60,"Random (published)",NA,0.47551699813401,0.576020081026824,0.765733758213719
"RicePS",25,2,60,"TSOpt default (targeted)",0.0219999999999914,0.508201995635325,0.601059889229212,0.770993182022006
"RicePS",25,2,60,"TSOpt (untargeted)",0.0380000000000109,0.496166472936695,0.576561079142235,0.78554612892316
"RicePS",25,3,120,"TrainSel CDmean (targeted, published)",NA,0.546277662154367,0.620620610516689,0.80202691709087
"RicePS",25,3,120,"TrainSel CDmean (untargeted, published)",NA,0.516301245977487,0.601572586232141,0.814239930595791
"RicePS",25,3,120,"Random (published)",NA,0.521318405587134,0.559189031293568,0.808210689066024
"RicePS",25,3,120,"TSOpt default (targeted)",0.0529999999999973,0.545960063075293,0.62845997746022,0.79089526833153
"RicePS",25,3,120,"TSOpt (untargeted)",0.0740000000000123,0.535797511364088,0.636071170857639,0.810007081078075
"RicePS",25,4,180,"TrainSel CDmean (targeted, published)",NA,0.563186796672195,0.63631482199964,0.821313806780132
"RicePS",25,4,180,"TrainSel CDmean (untargeted, published)",NA,0.546238649111899,0.611077588448491,0.831541516564084
"RicePS",25,4,180,"Random (published)",NA,0.548185085994135,0.632359996655252,0.817498848052157
"RicePS",25,4,180,"TSOpt default (targeted)",0.0829999999999984,0.563105754228175,0.634490288950276,0.810688640735156
"RicePS",25,4,180,"TSOpt (untargeted)",0.144000000000005,0.555178015067912,0.617542612492869,0.80414948333445
"RicePS",25,5,240,"TrainSel CDmean (targeted, published)",NA,0.57350871584353,0.640545863385294,0.82794367991251
"RicePS",25,5,240,"TrainSel CDmean (untargeted, published)",NA,0.566999776720813,0.615694492326349,0.830201863163663
"RicePS",25,5,240,"Random (published)",NA,0.563401754902224,0.617210940438823,0.821185930258844
"RicePS",25,5,240,"TSOpt default (targeted)",0.15900000000002,0.573395692946254,0.636266303886877,0.827790295678342
"RicePS",25,5,240,"TSOpt (untargeted)",0.246999999999986,0.569961368013033,0.635126035147632,0.814155886519042
"RicePS",26,1,30,"TrainSel CDmean (targeted, published)",NA,0.475494653532695,0.438977557253029,0.732550777021607
"RicePS",26,1,30,"TrainSel CDmean (untargeted, published)",NA,0.453047615267654,0.277631054972191,0.721231882562035
"RicePS",26,1,30,"Random (published)",NA,0.411626533355286,0.468727949354558,0.747404361719078
"RicePS",26,1,30,"TSOpt default (targeted)",0.0159999999999911,0.474161506415892,0.456587968270958,0.730317994060962
"RicePS",26,1,30,"TSOpt (untargeted)",0.0250000000000057,0.462089520727483,0.30442723887461,0.695548468544484
"RicePS",26,2,60,"TrainSel CDmean (targeted, published)",NA,0.526249695472233,0.541133199255932,0.75200022827391
"RicePS",26,2,60,"TrainSel CDmean (untargeted, published)",NA,0.489151317771989,0.499697600888794,0.780942968345036
"RicePS",26,2,60,"Random (published)",NA,0.469628826214051,0.458856872954771,0.689799545326004
"RicePS",26,2,60,"TSOpt default (targeted)",0.0219999999999914,0.526185047546949,0.545256313024325,0.767425813744236
"RicePS",26,2,60,"TSOpt (untargeted)",0.0380000000000109,0.511356905733723,0.494887515065426,0.778587163747569
"RicePS",26,3,120,"TrainSel CDmean (targeted, published)",NA,0.564425474478948,0.598968937793164,0.782523290898282
"RicePS",26,3,120,"TrainSel CDmean (untargeted, published)",NA,0.52894445523145,0.571185163158085,0.769153373399203
"RicePS",26,3,120,"Random (published)",NA,0.540856583807186,0.544995696764219,0.76223297541733
"RicePS",26,3,120,"TSOpt default (targeted)",0.0529999999999973,0.564494774585525,0.597101295170638,0.76043982155239
"RicePS",26,3,120,"TSOpt (untargeted)",0.0730000000000075,0.548324880978349,0.569320152733382,0.754907292317764
"RicePS",26,4,180,"TrainSel CDmean (targeted, published)",NA,0.581066810487541,0.613482278946704,0.791165669611637
"RicePS",26,4,180,"TrainSel CDmean (untargeted, published)",NA,0.555767499109326,0.547137312038009,0.736506289870162
"RicePS",26,4,180,"Random (published)",NA,0.559773235232369,0.63364060725226,0.819844413114888
"RicePS",26,4,180,"TSOpt default (targeted)",0.110000000000014,0.581106561075725,0.612694610283394,0.799550262968966
"RicePS",26,4,180,"TSOpt (untargeted)",0.134999999999991,0.570031402833615,0.60337812045164,0.764638728318959
"RicePS",26,5,240,"TrainSel CDmean (targeted, published)",NA,0.5899769200871,0.617689166371883,0.798774447298639
"RicePS",26,5,240,"TrainSel CDmean (untargeted, published)",NA,0.579282714006945,0.610548641007852,0.76657237942924
"RicePS",26,5,240,"Random (published)",NA,0.581142729943771,0.603383650412795,0.766812079103741
"RicePS",26,5,240,"TSOpt default (targeted)",0.175999999999988,0.589830981861845,0.616068235542201,0.79751624937359
"RicePS",26,5,240,"TSOpt (untargeted)",0.242000000000019,0.584757943453404,0.605855426440288,0.792236475798041
"RicePS",27,1,30,"TrainSel CDmean (targeted, published)",NA,0.494762067802504,0.506229556575498,0.766162101188351
"RicePS",27,1,30,"TrainSel CDmean (untargeted, published)",NA,0.462766044964639,0.368775624438304,0.729910412095374
"RicePS",27,1,30,"Random (published)",NA,0.427162798351376,0.281320156258325,0.595014875088594
"RicePS",27,1,30,"TSOpt default (targeted)",0.0169999999999959,0.49313791320883,0.506601894202373,0.811488319665762
"RicePS",27,1,30,"TSOpt (untargeted)",0.0440000000000111,0.47418173267041,0.445760399337382,0.702018529069767
"RicePS",27,2,60,"TrainSel CDmean (targeted, published)",NA,0.544525842750908,0.586801923199414,0.804021816065819
"RicePS",27,2,60,"TrainSel CDmean (untargeted, published)",NA,0.496559728826233,0.510304964447229,0.808679316970658
"RicePS",27,2,60,"Random (published)",NA,0.492809941183386,0.414668204805478,0.781516131012486
"RicePS",27,2,60,"TSOpt default (targeted)",0.0240000000000009,0.54454358959811,0.589179815040424,0.810413848563124
"RicePS",27,2,60,"TSOpt (untargeted)",0.0389999999999873,0.526761720939394,0.524577759420578,0.801386952232689
"RicePS",27,3,120,"TrainSel CDmean (targeted, published)",NA,0.580313457246146,0.60907430569422,0.844726049721199
"RicePS",27,3,120,"TrainSel CDmean (untargeted, published)",NA,0.545235513241994,0.561009624407214,0.826540219010856
"RicePS",27,3,120,"Random (published)",NA,0.550790197359923,0.568433538379013,0.803070869979357
"RicePS",27,3,120,"TSOpt default (targeted)",0.0430000000000064,0.580238730799947,0.611853556804324,0.852168152245942
"RicePS",27,3,120,"TSOpt (untargeted)",0.0900000000000034,0.563694654969559,0.583924965838928,0.804756722740203
"RicePS",27,4,180,"TrainSel CDmean (targeted, published)",NA,0.596036391318307,0.629525955982147,0.882304380048335
"RicePS",27,4,180,"TrainSel CDmean (untargeted, published)",NA,0.572790146140119,0.577263239317407,0.850397631667428
"RicePS",27,4,180,"Random (published)",NA,0.572953378855585,0.603885082208144,0.845924822539871
"RicePS",27,4,180,"TSOpt default (targeted)",0.0829999999999984,0.595783289158867,0.628919833461763,0.855565866682921
"RicePS",27,4,180,"TSOpt (untargeted)",0.153999999999996,0.583009811695117,0.596810263959415,0.863295272396239
"RicePS",27,5,240,"TrainSel CDmean (targeted, published)",NA,0.604329074307054,0.635317680022384,0.861654653045181
"RicePS",27,5,240,"TrainSel CDmean (untargeted, published)",NA,0.591787534907331,0.610878832594113,0.864091213201313
"RicePS",27,5,240,"Random (published)",NA,0.595819276432268,0.617061171330251,0.840864316045148
"RicePS",27,5,240,"TSOpt default (targeted)",0.167000000000002,0.604179935146643,0.630623424621685,0.877707366872032
"RicePS",27,5,240,"TSOpt (untargeted)",0.234999999999985,0.597570810278966,0.622712639679997,0.875998032512285
"RicePS",28,1,30,"TrainSel CDmean (targeted, published)",NA,0.499642497492573,0.503555880173857,0.753141248600468
"RicePS",28,1,30,"TrainSel CDmean (untargeted, published)",NA,0.476065627907783,0.390954611770028,0.679640050172813
"RicePS",28,1,30,"Random (published)",NA,0.452044120431172,0.336116205779125,0.635012805623435
"RicePS",28,1,30,"TSOpt default (targeted)",0.0169999999999959,0.499324781966723,0.547180676481546,0.730849924824058
"RicePS",28,1,30,"TSOpt (untargeted)",0.0250000000000057,0.484682809896172,0.361093463716622,0.793931908170786
"RicePS",28,2,60,"TrainSel CDmean (targeted, published)",NA,0.550099955593952,0.628618097537808,0.796057590471588
"RicePS",28,2,60,"TrainSel CDmean (untargeted, published)",NA,0.510951540477184,0.566195596542522,0.725949224827561
"RicePS",28,2,60,"Random (published)",NA,0.498730251997234,0.537012043697429,0.774485535342212
"RicePS",28,2,60,"TSOpt default (targeted)",0.0349999999999966,0.550088344484947,0.638778191250416,0.806151231058027
"RicePS",28,2,60,"TSOpt (untargeted)",0.0370000000000061,0.535371837327022,0.571909266300063,0.74879741726817
"RicePS",28,3,120,"TrainSel CDmean (targeted, published)",NA,0.587295059229577,0.682284804196846,0.824173651898894
"RicePS",28,3,120,"TrainSel CDmean (untargeted, published)",NA,0.556371366115333,0.639348994138543,0.730498142885195
"RicePS",28,3,120,"Random (published)",NA,0.552412999042574,0.683853692669544,0.79938644989344
"RicePS",28,3,120,"TSOpt default (targeted)",0.0430000000000064,0.587294006806267,0.666045418853344,0.856234139561467
"RicePS",28,3,120,"TSOpt (untargeted)",0.0769999999999982,0.574189932440041,0.607861381068245,0.742351442828585
"RicePS",28,4,180,"TrainSel CDmean (targeted, published)",NA,0.603898355740512,0.676415134416972,0.783490801176352
"RicePS",28,4,180,"TrainSel CDmean (untargeted, published)",NA,0.582923450089068,0.672601349491377,0.778626018259899
"RicePS",28,4,180,"Random (published)",NA,0.584928077431261,0.679781377733037,0.817071761539588
"RicePS",28,4,180,"TSOpt default (targeted)",0.0970000000000084,0.603780364424146,0.685034823797016,0.743246881798788
"RicePS",28,4,180,"TSOpt (untargeted)",0.150000000000006,0.594684761703726,0.671311551921064,0.776422362005089
"RicePS",28,5,240,"TrainSel CDmean (targeted, published)",NA,0.613932375622955,0.695988028212814,0.777736620171128
"RicePS",28,5,240,"TrainSel CDmean (untargeted, published)",NA,0.60547995515207,0.702764909867928,0.784607763008673
"RicePS",28,5,240,"Random (published)",NA,0.604083324604315,0.707114070739938,0.776928340336132
"RicePS",28,5,240,"TSOpt default (targeted)",0.158999999999992,0.613521432897072,0.695011150424714,0.785746007969486
"RicePS",28,5,240,"TSOpt (untargeted)",0.228999999999985,0.60949239433652,0.700384773634841,0.793930051390889
"RicePS",29,1,30,"TrainSel CDmean (targeted, published)",NA,0.488580974606389,0.345993116892869,0.663414058041298
"RicePS",29,1,30,"TrainSel CDmean (untargeted, published)",NA,0.459786748377285,0.438411329594968,0.769630492294272
"RicePS",29,1,30,"Random (published)",NA,0.432768950196966,0.427201564985972,0.681306212539245
"RicePS",29,1,30,"TSOpt default (targeted)",0.0169999999999959,0.488142066029481,0.456828534958608,0.748016830464536
"RicePS",29,1,30,"TSOpt (untargeted)",0.0250000000000057,0.471084180806345,0.438696220885705,0.744791721298104
"RicePS",29,2,60,"TrainSel CDmean (targeted, published)",NA,0.539953279109578,0.564249744776336,0.724018647886693
"RicePS",29,2,60,"TrainSel CDmean (untargeted, published)",NA,0.494968952506955,0.582401004866384,0.755851630354716
"RicePS",29,2,60,"Random (published)",NA,0.494628384123399,0.573497262941558,0.763924275677156
"RicePS",29,2,60,"TSOpt default (targeted)",0.0310000000000059,0.539347029062326,0.576475918388372,0.79468941121598
"RicePS",29,2,60,"TSOpt (untargeted)",0.0370000000000061,0.5250218299001,0.558680358588316,0.763229747890941
"RicePS",29,3,120,"TrainSel CDmean (targeted, published)",NA,0.576277886882086,0.617222273821443,0.779016886513396
"RicePS",29,3,120,"TrainSel CDmean (untargeted, published)",NA,0.540382138488209,0.577549350699105,0.718035372104547
"RicePS",29,3,120,"Random (published)",NA,0.549217826668372,0.620771337112992,0.803937706020606
"RicePS",29,3,120,"TSOpt default (targeted)",0.0430000000000064,0.576306704538714,0.631244531733868,0.801909933244664
"RicePS",29,3,120,"TSOpt (untargeted)",0.0749999999999886,0.559865304658947,0.619311573541006,0.774155363658124
"RicePS",29,4,180,"TrainSel CDmean (targeted, published)",NA,0.592307324094319,0.619171245690808,0.756307447427562
"RicePS",29,4,180,"TrainSel CDmean (untargeted, published)",NA,0.568441801171162,0.579982099632401,0.765173432197932
"RicePS",29,4,180,"Random (published)",NA,0.572794229020632,0.618462161671865,0.717605389339566
"RicePS",29,4,180,"TSOpt default (targeted)",0.0960000000000036,0.592249291932315,0.609723720438047,0.703660128331282
"RicePS",29,4,180,"TSOpt (untargeted)",0.146000000000015,0.579327263932516,0.603701267516449,0.711942224083005
"RicePS",29,5,240,"TrainSel CDmean (targeted, published)",NA,0.601134325732488,0.624183605288841,0.759832805943969
"RicePS",29,5,240,"TrainSel CDmean (untargeted, published)",NA,0.590415746578469,0.628144035280779,0.768669993093545
"RicePS",29,5,240,"Random (published)",NA,0.592094872236423,0.623235429270933,0.792826243802126
"RicePS",29,5,240,"TSOpt default (targeted)",0.155999999999977,0.601134887892523,0.626090213216434,0.779902327999286
"RicePS",29,5,240,"TSOpt (untargeted)",0.237000000000023,0.595982974164146,0.620455698046799,0.745550513156769
"RicePS",30,1,30,"TrainSel CDmean (targeted, published)",NA,0.520943550325346,0.471113598402505,0.753960913795502
"RicePS",30,1,30,"TrainSel CDmean (untargeted, published)",NA,0.498476594905641,0.310833413307799,0.687873036897421
"RicePS",30,1,30,"Random (published)",NA,0.449670457391821,0.295623220753904,0.658673910043488
"RicePS",30,1,30,"TSOpt default (targeted)",0.0160000000000196,0.520547228211373,0.483954303971118,0.767223922877827
"RicePS",30,1,30,"TSOpt (untargeted)",0.0249999999999773,0.506455632260724,0.346208395484884,0.751326967160742
"RicePS",30,2,60,"TrainSel CDmean (targeted, published)",NA,0.57209908120213,0.527655353088611,0.783364763880358
"RicePS",30,2,60,"TrainSel CDmean (untargeted, published)",NA,0.533053772979376,0.403984962572937,0.765467148107817
"RicePS",30,2,60,"Random (published)",NA,0.516932411967132,0.453192122296717,0.69715147786964
"RicePS",30,2,60,"TSOpt default (targeted)",0.0230000000000246,0.572158700901358,0.557260262703212,0.800146905686984
"RicePS",30,2,60,"TSOpt (untargeted)",0.039999999999992,0.560373820648914,0.501035541956866,0.781727662886034
"RicePS",30,3,120,"TrainSel CDmean (targeted, published)",NA,0.608182515564652,0.585001556909139,0.806249871820806
"RicePS",30,3,120,"TrainSel CDmean (untargeted, published)",NA,0.573258349537312,0.506920996566285,0.827703945154525
"RicePS",30,3,120,"Random (published)",NA,0.576817254162343,0.542903655053503,0.773692847706111
"RicePS",30,3,120,"TSOpt default (targeted)",0.0660000000000025,0.608056273803349,0.593342174154983,0.797161275007194
"RicePS",30,3,120,"TSOpt (untargeted)",0.0769999999999982,0.593037908758126,0.545015688121875,0.805867792863692
"RicePS",30,4,180,"TrainSel CDmean (targeted, published)",NA,0.623693736190266,0.604746962789632,0.803594129589313
"RicePS",30,4,180,"TrainSel CDmean (untargeted, published)",NA,0.601996230026481,0.554965168245624,0.788656840837926
"RicePS",30,4,180,"Random (published)",NA,0.603950101854326,0.562858482849259,0.775175356572818
"RicePS",30,4,180,"TSOpt default (targeted)",0.109000000000009,0.623548957129948,0.600565775225869,0.79405040669111
"RicePS",30,4,180,"TSOpt (untargeted)",0.134999999999991,0.612738081056113,0.584656369084678,0.828875300029271
"RicePS",30,5,240,"TrainSel CDmean (targeted, published)",NA,0.632828860856764,0.62241763566614,0.801015799526218
"RicePS",30,5,240,"TrainSel CDmean (untargeted, published)",NA,0.622050547124028,0.594157846303976,0.782590052098717
"RicePS",30,5,240,"Random (published)",NA,0.625813004484685,0.593481404608484,0.801969190129923
"RicePS",30,5,240,"TSOpt default (targeted)",0.170000000000016,0.63237274477214,0.618303273534567,0.813196658046047
"RicePS",30,5,240,"TSOpt (untargeted)",0.24199999999999,0.627813545169137,0.59918041322165,0.80418999335061
"RicePS",31,1,30,"TrainSel CDmean (targeted, published)",NA,0.5106479391054,0.415609355325132,0.67061528051275
"RicePS",31,1,30,"TrainSel CDmean (untargeted, published)",NA,0.473782294331995,0.421093323762902,0.659311179314667
"RicePS",31,1,30,"Random (published)",NA,0.450415687579956,0.470647927798134,0.680023879812949
"RicePS",31,1,30,"TSOpt default (targeted)",0.0180000000000007,0.509941617719742,0.518678672064741,0.729067476524755
"RicePS",31,1,30,"TSOpt (untargeted)",0.0440000000000111,0.493555192506936,0.436423935102524,0.690020148446653
"RicePS",31,2,60,"TrainSel CDmean (targeted, published)",NA,0.563214192417719,0.631346589379695,0.835892380361333
"RicePS",31,2,60,"TrainSel CDmean (untargeted, published)",NA,0.515027333262254,0.57797643134644,0.817263798235595
"RicePS",31,2,60,"Random (published)",NA,0.495235675364265,0.57243429775696,0.721409534964136
"RicePS",31,2,60,"TSOpt default (targeted)",0.0219999999999914,0.563186808232687,0.574196949987726,0.78823465085042
"RicePS",31,2,60,"TSOpt (untargeted)",0.0389999999999873,0.544534150348929,0.55008709311656,0.796399895767502
"RicePS",31,3,120,"TrainSel CDmean (targeted, published)",NA,0.5997122723351,0.694563543533722,0.853069022659675
"RicePS",31,3,120,"TrainSel CDmean (untargeted, published)",NA,0.555946673593413,0.619515598035327,0.85025400187407
"RicePS",31,3,120,"Random (published)",NA,0.565663286060133,0.659635600722641,0.801877417671823
"RicePS",31,3,120,"TSOpt default (targeted)",0.0440000000000111,0.599290055120624,0.695035128759578,0.852207740996888
"RicePS",31,3,120,"TSOpt (untargeted)",0.0869999999999891,0.582833110305327,0.647166673116119,0.804891118891901
"RicePS",31,4,180,"TrainSel CDmean (targeted, published)",NA,0.614543216134291,0.700416594987425,0.867700736251014
"RicePS",31,4,180,"TrainSel CDmean (untargeted, published)",NA,0.588529215411011,0.63749320256853,0.863074136846364
"RicePS",31,4,180,"Random (published)",NA,0.593676213830046,0.690012112323283,0.864748973797279
"RicePS",31,4,180,"TSOpt default (targeted)",0.0829999999999984,0.614282406948114,0.695790685648725,0.839509272906663
"RicePS",31,4,180,"TSOpt (untargeted)",0.157000000000011,0.60405206158597,0.684802568271613,0.867292571120718
"RicePS",31,5,240,"TrainSel CDmean (targeted, published)",NA,0.622717323764466,0.700476895859882,0.869600404088245
"RicePS",31,5,240,"TrainSel CDmean (untargeted, published)",NA,0.611043618338176,0.673873264190118,0.838591992495863
"RicePS",31,5,240,"Random (published)",NA,0.609410331936934,0.677043253069069,0.843573788447313
"RicePS",31,5,240,"TSOpt default (targeted)",0.174000000000007,0.622746275507393,0.69970462915764,0.85340235440811
"RicePS",31,5,240,"TSOpt (untargeted)",0.231999999999999,0.617947316622298,0.691562923146589,0.862894654511325
"RicePS",32,1,30,"TrainSel CDmean (targeted, published)",NA,0.45252902794474,0.462297306006638,0.71789273263935
"RicePS",32,1,30,"TrainSel CDmean (untargeted, published)",NA,0.418019123238576,0.471428820934942,0.772649040021245
"RicePS",32,1,30,"Random (published)",NA,0.383515903093412,0.438987579151645,0.702721791981227
"RicePS",32,1,30,"TSOpt default (targeted)",0.0159999999999911,0.449022489528706,0.606336776773046,0.763899419405163
"RicePS",32,1,30,"TSOpt (untargeted)",0.0250000000000057,0.438051485224302,0.461529585416934,0.810175075987243
"RicePS",32,2,60,"TrainSel CDmean (targeted, published)",NA,0.501582092151638,0.647023672719306,0.765114190458074
"RicePS",32,2,60,"TrainSel CDmean (untargeted, published)",NA,0.455588309043555,0.558670030891172,0.792107396969839
"RicePS",32,2,60,"Random (published)",NA,0.457537494773423,0.539325103171735,0.78624834205928
"RicePS",32,2,60,"TSOpt default (targeted)",0.021000000000015,0.500337474513062,0.619071334237342,0.72928577586028
"RicePS",32,2,60,"TSOpt (untargeted)",0.0389999999999873,0.484241458077223,0.580094973914487,0.804537852357115
"RicePS",32,3,120,"TrainSel CDmean (targeted, published)",NA,0.538777338730561,0.660591806144761,0.784396055325379
"RicePS",32,3,120,"TrainSel CDmean (untargeted, published)",NA,0.502880584904849,0.595185837430784,0.747012642017743
"RicePS",32,3,120,"Random (published)",NA,0.498390213804612,0.624301142043527,0.785699739619547
"RicePS",32,3,120,"TSOpt default (targeted)",0.0529999999999973,0.538774315446759,0.666030543504793,0.79450247855227
"RicePS",32,3,120,"TSOpt (untargeted)",0.0739999999999839,0.521389585736334,0.620022634501518,0.793021563120444
"RicePS",32,4,180,"TrainSel CDmean (targeted, published)",NA,0.555406429496839,0.660626466251317,0.788441849373926
"RicePS",32,4,180,"TrainSel CDmean (untargeted, published)",NA,0.530823494443487,0.598056500239618,0.757202966083862
"RicePS",32,4,180,"Random (published)",NA,0.530126868513696,0.614594426051443,0.760344901710067
"RicePS",32,4,180,"TSOpt default (targeted)",0.0959999999999752,0.555211313592133,0.663197520748941,0.787052584055722
"RicePS",32,4,180,"TSOpt (untargeted)",0.14700000000002,0.543340568622502,0.643419123386519,0.777419187048387
"RicePS",32,5,240,"TrainSel CDmean (targeted, published)",NA,0.564049350089866,0.659735230752494,0.800871523150723
"RicePS",32,5,240,"TrainSel CDmean (untargeted, published)",NA,0.552400967552612,0.628915905429738,0.765229910220282
"RicePS",32,5,240,"Random (published)",NA,0.552145819984637,0.650759170601204,0.795609334865904
"RicePS",32,5,240,"TSOpt default (targeted)",0.159999999999997,0.563539858404368,0.661326756884292,0.785017496146832
"RicePS",32,5,240,"TSOpt (untargeted)",0.234000000000009,0.558955281380706,0.655377973395461,0.809477712702749
"RicePS",33,1,30,"TrainSel CDmean (targeted, published)",NA,0.513673071122975,0.537149485025791,0.786282167978824
"RicePS",33,1,30,"TrainSel CDmean (untargeted, published)",NA,0.474665662846155,0.431794262238188,0.657850169431509
"RicePS",33,1,30,"Random (published)",NA,0.453575477481668,0.484415667176482,0.752603188352722
"RicePS",33,1,30,"TSOpt default (targeted)",0.0169999999999959,0.513175696453134,0.535577959996502,0.778049903781272
"RicePS",33,1,30,"TSOpt (untargeted)",0.0339999999999918,0.493006140827667,0.399033634035743,0.789443795684982
"RicePS",33,2,60,"TrainSel CDmean (targeted, published)",NA,0.564301820722357,0.608242325460378,0.79045287359198
"RicePS",33,2,60,"TrainSel CDmean (untargeted, published)",NA,0.507960593788168,0.546093530478557,0.731730142294196
"RicePS",33,2,60,"Random (published)",NA,0.478525687570166,0.532880065578984,0.702410932911644
"RicePS",33,2,60,"TSOpt default (targeted)",0.0220000000000198,0.564597146930735,0.616108923250473,0.797165628772543
"RicePS",33,2,60,"TSOpt (untargeted)",0.0479999999999734,0.548607355425063,0.598275673294647,0.798044612535301
"RicePS",33,3,120,"TrainSel CDmean (targeted, published)",NA,0.59777689118511,0.649721328938598,0.816059951620692
"RicePS",33,3,120,"TrainSel CDmean (untargeted, published)",NA,0.562243293761373,0.618844531295051,0.788754520637035
"RicePS",33,3,120,"Random (published)",NA,0.547672890592463,0.633128041323663,0.802799973038811
"RicePS",33,3,120,"TSOpt default (targeted)",0.0600000000000023,0.59794399452699,0.657182326640063,0.802079325020746
"RicePS",33,3,120,"TSOpt (untargeted)",0.100999999999999,0.585873502952257,0.64540978426349,0.809793459388243
"RicePS",33,4,180,"TrainSel CDmean (targeted, published)",NA,0.612073677385014,0.657592342567402,0.817611292321522
"RicePS",33,4,180,"TrainSel CDmean (untargeted, published)",NA,0.59245094053646,0.638601634283009,0.823526870356565
"RicePS",33,4,180,"Random (published)",NA,0.58063035809757,0.622497446221317,0.788162219495953
"RicePS",33,4,180,"TSOpt default (targeted)",0.104000000000013,0.612107435303253,0.648425628949701,0.802774491420498
"RicePS",33,4,180,"TSOpt (untargeted)",0.203000000000003,0.603600245758838,0.648759002005195,0.82436744579671
"RicePS",33,5,240,"TrainSel CDmean (targeted, published)",NA,0.619812002181062,0.652986194320037,0.818915064704306
"RicePS",33,5,240,"TrainSel CDmean (untargeted, published)",NA,0.61074000569086,0.657686109695054,0.817182264301612
"RicePS",33,5,240,"Random (published)",NA,0.606733588165307,0.641295250821599,0.796991808765774
"RicePS",33,5,240,"TSOpt default (targeted)",0.213000000000022,0.619654458769153,0.655112064396842,0.82112017990224
"RicePS",33,5,240,"TSOpt (untargeted)",0.34699999999998,0.61617391109425,0.659282292169829,0.821284022856777
"RicePS",34,1,30,"TrainSel CDmean (targeted, published)",NA,0.521633615600244,0.444733091257593,0.754842561425231
"RicePS",34,1,30,"TrainSel CDmean (untargeted, published)",NA,0.487154913067749,0.46279005155622,0.743048565739091
"RicePS",34,1,30,"Random (published)",NA,0.464916165359397,0.373731069545359,0.768066227921155
"RicePS",34,1,30,"TSOpt default (targeted)",0.0190000000000055,0.521004855997331,0.390533684050513,0.738267387287019
"RicePS",34,1,30,"TSOpt (untargeted)",0.0529999999999973,0.494433677155989,0.452958207160624,0.750797884182829
"RicePS",34,2,60,"TrainSel CDmean (targeted, published)",NA,0.571435858332734,0.558773685842752,0.833049556571721
"RicePS",34,2,60,"TrainSel CDmean (untargeted, published)",NA,0.527485506450133,0.544206335222415,0.806664188336665
"RicePS",34,2,60,"Random (published)",NA,0.528239538380472,0.416001467197342,0.698343166323911
"RicePS",34,2,60,"TSOpt default (targeted)",0.0269999999999868,0.570687847434869,0.517495447865734,0.860901276687235
"RicePS",34,2,60,"TSOpt (untargeted)",0.0449999999999875,0.550205760802456,0.620901549166999,0.884291717845967
"RicePS",34,3,120,"TrainSel CDmean (targeted, published)",NA,0.604994924945831,0.633831145567121,0.839080169076481
"RicePS",34,3,120,"TrainSel CDmean (untargeted, published)",NA,0.568078823206742,0.580242112721981,0.851185296852244
"RicePS",34,3,120,"Random (published)",NA,0.581919578095248,0.627008450711543,0.856035723484115
"RicePS",34,3,120,"TSOpt default (targeted)",0.0550000000000068,0.604781435302998,0.646043659528775,0.857130338913062
"RicePS",34,3,120,"TSOpt (untargeted)",0.106999999999999,0.589723966649879,0.648183220494986,0.907049321279729
"RicePS",34,4,180,"TrainSel CDmean (targeted, published)",NA,0.619683854701016,0.661743919022152,0.879293150914692
"RicePS",34,4,180,"TrainSel CDmean (untargeted, published)",NA,0.598705302003353,0.593717815611492,0.86943849803542
"RicePS",34,4,180,"Random (published)",NA,0.600751678026933,0.598346825576395,0.866333019594434
"RicePS",34,4,180,"TSOpt default (targeted)",0.0900000000000034,0.619448673782078,0.671969161399503,0.882381464074594
"RicePS",34,4,180,"TSOpt (untargeted)",0.179000000000002,0.609429125914229,0.675324474041876,0.912876771850937
"RicePS",34,5,240,"TrainSel CDmean (targeted, published)",NA,0.62780609824544,0.665688187590065,0.892056393656183
"RicePS",34,5,240,"TrainSel CDmean (untargeted, published)",NA,0.619182653497676,0.651186823697379,0.865160186270201
"RicePS",34,5,240,"Random (published)",NA,0.617468495244381,0.622761457209764,0.836527375351742
"RicePS",34,5,240,"TSOpt default (targeted)",0.191000000000003,0.627713807857377,0.667805077293043,0.883995662456702
"RicePS",34,5,240,"TSOpt (untargeted)",0.242000000000019,0.623359327739952,0.682438127009542,0.897787811767327
"RicePS",35,1,30,"TrainSel CDmean (targeted, published)",NA,0.506266611309636,0.453033550774869,0.742216629465664
"RicePS",35,1,30,"TrainSel CDmean (untargeted, published)",NA,0.472100860806949,0.448371020260465,0.771255426344732
"RicePS",35,1,30,"Random (published)",NA,0.435387126712718,0.41543664190456,0.641769048474018
"RicePS",35,1,30,"TSOpt default (targeted)",0.0289999999999964,0.506356726010641,0.492755627130803,0.773396266912432
"RicePS",35,1,30,"TSOpt (untargeted)",0.0250000000000057,0.487230488865085,0.449042283906256,0.636791978381659
"RicePS",35,2,60,"TrainSel CDmean (targeted, published)",NA,0.561531123828629,0.613046588664647,0.795336521618523
"RicePS",35,2,60,"TrainSel CDmean (untargeted, published)",NA,0.504182202020032,0.566973181684867,0.617363835831855
"RicePS",35,2,60,"Random (published)",NA,0.503849120752993,0.551663542377708,0.6639179813098
"RicePS",35,2,60,"TSOpt default (targeted)",0.0229999999999961,0.561593224429699,0.615409562435424,0.792758475493769
"RicePS",35,2,60,"TSOpt (untargeted)",0.0390000000000157,0.545615786599882,0.626777443585457,0.821489842845529
"RicePS",35,3,120,"TrainSel CDmean (targeted, published)",NA,0.600043116879203,0.687864545759223,0.844732465893306
"RicePS",35,3,120,"TrainSel CDmean (untargeted, published)",NA,0.55894900092747,0.615925671712064,0.715866648835322
"RicePS",35,3,120,"Random (published)",NA,0.554621432763556,0.640043434772348,0.708304142412282
"RicePS",35,3,120,"TSOpt default (targeted)",0.0439999999999827,0.600031087279366,0.687955051431241,0.807186714439772
"RicePS",35,3,120,"TSOpt (untargeted)",0.0910000000000082,0.582361148241145,0.665529207946915,0.783462833417368
"RicePS",35,4,180,"TrainSel CDmean (targeted, published)",NA,0.616865362242171,0.686476136718874,0.832268917977134
"RicePS",35,4,180,"TrainSel CDmean (untargeted, published)",NA,0.592918603240461,0.659194370088672,0.754918541510641
"RicePS",35,4,180,"Random (published)",NA,0.588436208500192,0.646282417757162,0.731109186069866
"RicePS",35,4,180,"TSOpt default (targeted)",0.0980000000000132,0.616705822129576,0.696521631732317,0.822986191206097
"RicePS",35,4,180,"TSOpt (untargeted)",0.13300000000001,0.606192672978341,0.686447510535186,0.75777611296666
"RicePS",35,5,240,"TrainSel CDmean (targeted, published)",NA,0.626353955946921,0.700409112438089,0.828254391071022
"RicePS",35,5,240,"TrainSel CDmean (untargeted, published)",NA,0.615325472684754,0.688469298819228,0.804381184609992
"RicePS",35,5,240,"Random (published)",NA,0.613616462369098,0.692777408447216,0.8249985782564
"RicePS",35,5,240,"TSOpt default (targeted)",0.194999999999993,0.626185108357391,0.703806761445833,0.825030609546335
"RicePS",35,5,240,"TSOpt (untargeted)",0.24199999999999,0.620895334747117,0.699302646508552,0.796518596239137
"RicePS",36,1,30,"TrainSel CDmean (targeted, published)",NA,0.509260301301419,0.532328785600291,0.749580436139462
"RicePS",36,1,30,"TrainSel CDmean (untargeted, published)",NA,0.473493657305465,0.459705018130869,0.764070569060571
"RicePS",36,1,30,"Random (published)",NA,0.417875713455669,0.423239323433627,0.607700983725156
"RicePS",36,1,30,"TSOpt default (targeted)",0.0190000000000055,0.509462066871306,0.45732069723878,0.769955913751275
"RicePS",36,1,30,"TSOpt (untargeted)",0.0300000000000011,0.475813603173348,0.487696218195727,0.750059415550329
"RicePS",36,2,60,"TrainSel CDmean (targeted, published)",NA,0.560053698004589,0.595902675953931,0.75686948017411
"RicePS",36,2,60,"TrainSel CDmean (untargeted, published)",NA,0.514744053250766,0.588695144303576,0.75435330597409
"RicePS",36,2,60,"Random (published)",NA,0.499274070306561,0.525832475780723,0.767115400288629
"RicePS",36,2,60,"TSOpt default (targeted)",0.0360000000000014,0.560136798673868,0.599764151205807,0.756323083815081
"RicePS",36,2,60,"TSOpt (untargeted)",0.0379999999999825,0.542019739402903,0.561113902704418,0.791982917059839
"RicePS",36,3,120,"TrainSel CDmean (targeted, published)",NA,0.594371506896275,0.674924966990442,0.83354485383603
"RicePS",36,3,120,"TrainSel CDmean (untargeted, published)",NA,0.556324594985369,0.655653855207505,0.80940132874862
"RicePS",36,3,120,"Random (published)",NA,0.556653620655008,0.644299050373851,0.802290202852354
"RicePS",36,3,120,"TSOpt default (targeted)",0.0449999999999875,0.594481768685526,0.69212498881633,0.849176036455263
"RicePS",36,3,120,"TSOpt (untargeted)",0.0790000000000077,0.577506070722433,0.660672468688286,0.862220246764319
"RicePS",36,4,180,"TrainSel CDmean (targeted, published)",NA,0.609865916368453,0.707727120211011,0.829311740378154
"RicePS",36,4,180,"TrainSel CDmean (untargeted, published)",NA,0.588627086780718,0.63903013523336,0.802125989484334
"RicePS",36,4,180,"Random (published)",NA,0.584939829381838,0.712188563380988,0.813741724605814
"RicePS",36,4,180,"TSOpt default (targeted)",0.123000000000019,0.609680234493529,0.705209958217672,0.841674812450087
"RicePS",36,4,180,"TSOpt (untargeted)",0.150999999999982,0.599435710193071,0.69270931493551,0.849968655562919
"RicePS",36,5,240,"TrainSel CDmean (targeted, published)",NA,0.618383954702451,0.720972092773638,0.831830428994661
"RicePS",36,5,240,"TrainSel CDmean (untargeted, published)",NA,0.608810484925064,0.709835141203448,0.828248078947612
"RicePS",36,5,240,"Random (published)",NA,0.606325722390068,0.717426071531557,0.83749689496256
"RicePS",36,5,240,"TSOpt default (targeted)",0.180000000000007,0.618426477570842,0.71431050965739,0.81791985340777
"RicePS",36,5,240,"TSOpt (untargeted)",0.256999999999977,0.613463603044754,0.720996967065767,0.838035520378247
"RicePS",37,1,30,"TrainSel CDmean (targeted, published)",NA,0.510500529831542,0.503785354041557,0.820268156644028
"RicePS",37,1,30,"TrainSel CDmean (untargeted, published)",NA,0.47913702199847,0.410626226403222,0.711169357202049
"RicePS",37,1,30,"Random (published)",NA,0.461387406500724,0.355485414901555,0.68459868620869
"RicePS",37,1,30,"TSOpt default (targeted)",0.0180000000000007,0.510153774212336,0.644208382856508,0.842601890078921
"RicePS",37,1,30,"TSOpt (untargeted)",0.0250000000000057,0.495578320228391,0.485390018602338,0.785954416616649
"RicePS",37,2,60,"TrainSel CDmean (targeted, published)",NA,0.567366207269394,0.684322850181227,0.83898020792976
"RicePS",37,2,60,"TrainSel CDmean (untargeted, published)",NA,0.520777384161667,0.56312091183478,0.803964592955524
"RicePS",37,2,60,"Random (published)",NA,0.483835745217918,0.518046313813136,0.733242532234621
"RicePS",37,2,60,"TSOpt default (targeted)",0.0209999999999866,0.567340274846286,0.657246739430576,0.817745359100963
"RicePS",37,2,60,"TSOpt (untargeted)",0.0390000000000157,0.547591921755777,0.551676290440475,0.84616473694495
"RicePS",37,3,120,"TrainSel CDmean (targeted, published)",NA,0.606978556003877,0.694281570585419,0.888653236724127
"RicePS",37,3,120,"TrainSel CDmean (untargeted, published)",NA,0.568575744189246,0.586774278232426,0.823461372213917
"RicePS",37,3,120,"Random (published)",NA,0.557102058138542,0.613608521680493,0.772449662741994
"RicePS",37,3,120,"TSOpt default (targeted)",0.0479999999999734,0.607006568471302,0.694433920683881,0.862944795395927
"RicePS",37,3,120,"TSOpt (untargeted)",0.0870000000000175,0.590524585629403,0.649615598315566,0.87006320565329
"RicePS",37,4,180,"TrainSel CDmean (targeted, published)",NA,0.622935153164994,0.700979528153288,0.87768176074021
"RicePS",37,4,180,"TrainSel CDmean (untargeted, published)",NA,0.598353662748701,0.644776523645866,0.837514836265141
"RicePS",37,4,180,"Random (published)",NA,0.590102628527739,0.699951089702154,0.854345883589208
"RicePS",37,4,180,"TSOpt default (targeted)",0.0860000000000127,0.623131743363823,0.702068880756177,0.877396987503796
"RicePS",37,4,180,"TSOpt (untargeted)",0.164999999999992,0.612318635212349,0.66636021598611,0.887195099017337
"RicePS",37,5,240,"TrainSel CDmean (targeted, published)",NA,0.63158004868163,0.704540612067286,0.890252326419836
"RicePS",37,5,240,"TrainSel CDmean (untargeted, published)",NA,0.619376432765548,0.689298191761086,0.858880293680535
"RicePS",37,5,240,"Random (published)",NA,0.624994979934411,0.69978972610944,0.899619564951733
"RicePS",37,5,240,"TSOpt default (targeted)",0.175000000000011,0.631525404173288,0.70611469205066,0.884262349612029
"RicePS",37,5,240,"TSOpt (untargeted)",0.307999999999993,0.626448600731652,0.680715776661494,0.88664930894689
"RicePS",38,1,30,"TrainSel CDmean (targeted, published)",NA,0.494136160516147,0.606731965203738,0.864924317571292
"RicePS",38,1,30,"TrainSel CDmean (untargeted, published)",NA,0.465733314856725,0.509018604493216,0.821155000737924
"RicePS",38,1,30,"Random (published)",NA,0.40976473981948,0.418930025883223,0.594232664530706
"RicePS",38,1,30,"TSOpt default (targeted)",0.0170000000000243,0.492235618353299,0.643146557335733,0.869010294742415
"RicePS",38,1,30,"TSOpt (untargeted)",0.025999999999982,0.47613940260809,0.543887075208981,0.840242705537736
"RicePS",38,2,60,"TrainSel CDmean (targeted, published)",NA,0.544717231417285,0.68412819723707,0.878089285195314
"RicePS",38,2,60,"TrainSel CDmean (untargeted, published)",NA,0.497773381840313,0.573463304819062,0.788530147981902
"RicePS",38,2,60,"Random (published)",NA,0.491454554116058,0.490091013282159,0.714475228509145
"RicePS",38,2,60,"TSOpt default (targeted)",0.0219999999999914,0.544551719223782,0.679892208757702,0.877681957706566
"RicePS",38,2,60,"TSOpt (untargeted)",0.0530000000000257,0.529099298675574,0.642401656110168,0.862629611909416
"RicePS",38,3,120,"TrainSel CDmean (targeted, published)",NA,0.580839931321222,0.700046735661628,0.868053321457459
"RicePS",38,3,120,"TrainSel CDmean (untargeted, published)",NA,0.544284798688388,0.588436783249037,0.851347251383598
"RicePS",38,3,120,"Random (published)",NA,0.544613322119075,0.5820790885742,0.830685693805089
"RicePS",38,3,120,"TSOpt default (targeted)",0.0500000000000114,0.580824606979526,0.69565302654981,0.87638295809686
"RicePS",38,3,120,"TSOpt (untargeted)",0.0900000000000034,0.562013988431113,0.666243876516026,0.873229841743948
"RicePS",38,4,180,"TrainSel CDmean (targeted, published)",NA,0.597358710470359,0.700008793555209,0.874045638127614
"RicePS",38,4,180,"TrainSel CDmean (untargeted, published)",NA,0.572604366018022,0.610923409583624,0.852716147308981
"RicePS",38,4,180,"Random (published)",NA,0.579617081456994,0.676204374853223,0.854165663142367
"RicePS",38,4,180,"TSOpt default (targeted)",0.113,0.597256188111954,0.689923528547378,0.868670478112239
"RicePS",38,4,180,"TSOpt (untargeted)",0.153999999999996,0.584624675290948,0.681599105562956,0.865842223128304
"RicePS",38,5,240,"TrainSel CDmean (targeted, published)",NA,0.606382781125994,0.697359927297241,0.891606315715431
"RicePS",38,5,240,"TrainSel CDmean (untargeted, published)",NA,0.594544085662618,0.689726451071704,0.893603665919358
"RicePS",38,5,240,"Random (published)",NA,0.600768966947803,0.688194402271568,0.876031017222706
"RicePS",38,5,240,"TSOpt default (targeted)",0.170999999999992,0.606220005392411,0.697477735149849,0.86313385664797
"RicePS",38,5,240,"TSOpt (untargeted)",0.248999999999995,0.599730805272181,0.698449757191496,0.876978346839717
"RicePS",39,1,30,"TrainSel CDmean (targeted, published)",NA,0.471565329855472,0.384114307196058,0.790396361051009
"RicePS",39,1,30,"TrainSel CDmean (untargeted, published)",NA,0.444366738254759,0.286347771708809,0.659226955139649
"RicePS",39,1,30,"Random (published)",NA,0.421163998811189,0.411044277676823,0.692650492197208
"RicePS",39,1,30,"TSOpt default (targeted)",0.0180000000000007,0.470955913594031,0.498575836746786,0.831077956952772
"RicePS",39,1,30,"TSOpt (untargeted)",0.0349999999999966,0.45606410540438,0.348506774546224,0.741122534731461
"RicePS",39,2,60,"TrainSel CDmean (targeted, published)",NA,0.520576890143884,0.482020108907254,0.795732931406158
"RicePS",39,2,60,"TrainSel CDmean (untargeted, published)",NA,0.479499355327263,0.509506711630032,0.774429234099763
"RicePS",39,2,60,"Random (published)",NA,0.473002567810087,0.473733642602715,0.716745334541847
"RicePS",39,2,60,"TSOpt default (targeted)",0.0220000000000198,0.519876412043221,0.464084488136911,0.800490804978422
"RicePS",39,2,60,"TSOpt (untargeted)",0.0389999999999873,0.50461588876484,0.462608669903175,0.806801958231066
"RicePS",39,3,120,"TrainSel CDmean (targeted, published)",NA,0.556036386680201,0.605400841669493,0.845854483970343
"RicePS",39,3,120,"TrainSel CDmean (untargeted, published)",NA,0.523558363906578,0.575569376146354,0.832749969626418
"RicePS",39,3,120,"Random (published)",NA,0.526815386665812,0.519513144965311,0.768996151394959
"RicePS",39,3,120,"TSOpt default (targeted)",0.0440000000000111,0.555855167998837,0.6121043293271,0.829990335471951
"RicePS",39,3,120,"TSOpt (untargeted)",0.0900000000000034,0.542812741251909,0.543266771000871,0.851589478534277
"RicePS",39,4,180,"TrainSel CDmean (targeted, published)",NA,0.572584524965399,0.626930287168816,0.839445879597646
"RicePS",39,4,180,"TrainSel CDmean (untargeted, published)",NA,0.550931595156059,0.561663828270591,0.844304864495703
"RicePS",39,4,180,"Random (published)",NA,0.55399027826546,0.626050494485394,0.849752109561778
"RicePS",39,4,180,"TSOpt default (targeted)",0.0949999999999989,0.572398033843238,0.629503278370226,0.827614747190358
"RicePS",39,4,180,"TSOpt (untargeted)",0.135999999999996,0.562922890932365,0.597428531113438,0.827388974475328
"RicePS",39,5,240,"TrainSel CDmean (targeted, published)",NA,0.581844529059685,0.630674194958998,0.815001691291138
"RicePS",39,5,240,"TrainSel CDmean (untargeted, published)",NA,0.573744413262478,0.61901116995181,0.811998590985079
"RicePS",39,5,240,"Random (published)",NA,0.571706563640569,0.606888857036942,0.834578637441447
"RicePS",39,5,240,"TSOpt default (targeted)",0.159999999999997,0.581729553653338,0.627003600019396,0.807924745167008
"RicePS",39,5,240,"TSOpt (untargeted)",0.25800000000001,0.577685663448263,0.624031502834844,0.829889749857599
"RicePS",40,1,30,"TrainSel CDmean (targeted, published)",NA,0.459814064606148,0.557531306072174,0.814901808663937
"RicePS",40,1,30,"TrainSel CDmean (untargeted, published)",NA,0.435374060423814,0.465014300416604,0.778181259763231
"RicePS",40,1,30,"Random (published)",NA,0.38387904896381,0.491854105029491,0.676312863359549
"RicePS",40,1,30,"TSOpt default (targeted)",0.0289999999999964,0.457955846131526,0.629119807897196,0.87368794784231
"RicePS",40,1,30,"TSOpt (untargeted)",0.02800000000002,0.444022939341988,0.494557209746767,0.788222346088767
"RicePS",40,2,60,"TrainSel CDmean (targeted, published)",NA,0.51634861431201,0.684187516418219,0.847365268045078
"RicePS",40,2,60,"TrainSel CDmean (untargeted, published)",NA,0.475777482146843,0.604324612535838,0.765300130244026
"RicePS",40,2,60,"Random (published)",NA,0.46106250282562,0.591130902647156,0.766597079894604
"RicePS",40,2,60,"TSOpt default (targeted)",0.0240000000000009,0.515093036206674,0.68428367723951,0.848942617245301
"RicePS",40,2,60,"TSOpt (untargeted)",0.0439999999999827,0.496252261120941,0.680277339246882,0.8402759089247
"RicePS",40,3,120,"TrainSel CDmean (targeted, published)",NA,0.555614661444705,0.690116982687338,0.764746694427206
"RicePS",40,3,120,"TrainSel CDmean (untargeted, published)",NA,0.521760488186073,0.64620597028354,0.7565012802033
"RicePS",40,3,120,"Random (published)",NA,0.517823586732707,0.664458328698639,0.829111574253874
"RicePS",40,3,120,"TSOpt default (targeted)",0.046999999999997,0.555608427979638,0.70117014952718,0.812739459809207
"RicePS",40,3,120,"TSOpt (untargeted)",0.109000000000009,0.536154980715057,0.702709337552379,0.821650529502389
"RicePS",40,4,180,"TrainSel CDmean (targeted, published)",NA,0.57287501766683,0.692526864116076,0.790450440456092
"RicePS",40,4,180,"TrainSel CDmean (untargeted, published)",NA,0.550512415756772,0.666236035564323,0.849254723447075
"RicePS",40,4,180,"Random (published)",NA,0.553911281458692,0.695058123361679,0.853496136628804
"RicePS",40,4,180,"TSOpt default (targeted)",0.175000000000011,0.572818314943272,0.685257357222117,0.7821474075228
"RicePS",40,4,180,"TSOpt (untargeted)",0.210999999999984,0.562615660862499,0.701583343666418,0.803413514620958
"RicePS",40,5,240,"TrainSel CDmean (targeted, published)",NA,0.58241197160752,0.693201590301671,0.785595746880687
"RicePS",40,5,240,"TrainSel CDmean (untargeted, published)",NA,0.572238806295115,0.677731445321388,0.813449153125055
"RicePS",40,5,240,"Random (published)",NA,0.570175602352338,0.690373112802483,0.812290125161486
"RicePS",40,5,240,"TSOpt default (targeted)",0.187000000000012,0.582499123616613,0.692861886571167,0.793708696245741
"RicePS",40,5,240,"TSOpt (untargeted)",0.253999999999991,0.578524049226237,0.702750699710051,0.815391134517685
